Date,AVWC,AVSG,XDEW,IWQU,UKEQ,EMVL,JPNV,SGLN,GLIN,IGLS
2004-01-31,,,0.003244424746702723,,-0.025012995344647293,0.003752623429984503,,,,
2004-02-29,,0.0041261481959267154,-0.005066239048207688,,0.02295661971885754,0.01495619048773511,,,,
2004-03-31,,0.030405675662107168,0.007260195134906722,,-0.010184105892948159,0.019749044855857933,,,,
2004-04-30,,-0.022239955091288843,0.01199523397081892,,0.019423886371425114,-0.06515042436578178,,,,
2004-05-31,,-0.009460357627968152,-0.01250300661202286,,-0.010172746254526466,-0.018129084461505407,,,,
2004-06-30,,0.05502244122178368,0.03739941034566896,,0.02264758679625256,0.016122073222819555,,,,
2004-07-31,,-0.03608899895572726,-0.04674075730285587,,-0.024542201513059303,-0.03737953930301874,,,,
2004-08-31,,0.02340030722336839,0.009841059897838456,,0.022415888508378945,0.04657536775398907,,,,
2004-09-30,,0.02903660528429941,0.01983414858858845,,0.017992903146273997,0.06367416845229057,,,,
2004-10-31,,0.0010983351868567581,0.009655018703746965,,0.014626275023084778,0.014312749842135153,,,,
2004-11-30,,0.042123684836909314,0.018330161795896416,,0.017561286898739814,0.058319896315980335,,,,
2004-12-31,,0.02301415375596383,0.03157612539768473,,0.03272861217784695,0.041899473767430084,,-0.03440868758129523,,
2005-01-31,,-0.018335065254127425,-0.012492474668216458,,-0.005891624864487355,0.013489705363567417,,-0.017863727177750865,,
2005-02-28,,0.00535744281279249,0.0026473823424291165,,0.03349113302232465,0.07681759270441568,,0.012222877776238317,,
2005-03-31,,-0.006215941021169957,0.001864192995980174,,-0.008881974302826556,-0.06462792196238987,,-0.0008486212291981543,,
2005-04-30,,-0.06023433556206237,-0.04208424729217164,,-0.02247560398034454,-0.022812556027291264,,0.001779929108464362,,
2005-05-31,,0.12697354617897383,0.0977348331265897,,0.04229446695160588,0.0837096353951301,,0.009309742039674829,,
2005-06-30,,0.051433315077574315,0.030908150102157084,,0.026732462464440276,0.05560269757353664,,0.05893991355210093,,
2005-07-31,,0.07381152015959569,0.0702460157634679,,0.025609265850405682,0.09645983075358511,,0.003710026996383675,,
2005-08-31,,-0.044675156107155556,-0.03356520904067117,,0.013727731973575796,-0.012156399096943438,,-0.0118487106977897,,
2005-09-30,,0.02981309966055501,0.02707863307649494,,0.0295859386026176,0.11041886301628434,,0.09969168477490609,,
2005-10-31,,-0.03447859645806406,-0.02908730100875312,,-0.026569067571216354,-0.06559743171009058,,-0.008773236953916186,,
2005-11-30,,0.060479748277747714,0.06839011427401909,,0.023537128728848167,0.0810068421968635,,0.0813426010021836,,
2005-12-31,,0.003289300547062224,0.01129300809216871,,0.03986330764581991,0.06735891883724832,,0.05674609831538002,,
2006-01-31,,0.03375821115776967,0.006391407800734106,0.05228589884458912,0.026282398408052465,0.10480503597773816,,0.06347614042805705,,
2006-02-28,,0.019068062519327134,0.017316208568801006,-0.021474163838066995,0.008250365448154273,-0.025126682614895368,,0.0026429757086103844,,
2006-03-31,,0.046202710037086536,0.03066114722575186,0.05039856328028369,0.038332749289651025,0.03136771671766847,,0.046038487587997556,,
2006-04-30,,-0.04876556624737438,-0.04014341326216497,-0.0249653951128066,0.012551547232829918,0.013658835519202883,,0.06615057315899309,,
2006-05-31,,-0.06095550784814974,-0.05332915176864472,-0.09569389762378966,-0.05030244386623872,-0.13308812670459513,,-0.03726714165567302,,
2006-06-30,,0.022351671904892845,0.009373302884658097,0.0058350668122642,0.020462691166584612,0.014382668485306116,,-0.03505641340470511,,
2006-07-31,,-0.022350518041537537,-0.023427918583846963,-0.06872119841369373,0.015579199573775071,0.012907749864065954,-0.018849855569904483,0.020915840077621706,,
2006-08-31,,0.0025790365377946767,0.008568084100935236,-0.04217339005086507,0.003033090925522508,-0.0028004094210011266,0.016906525271218387,-0.03184920402589264,,
2006-09-30,,0.025830426948852514,0.04112831316859977,0.046298564976323675,0.00847369657104613,0.007913111848669496,-0.015303095233937136,-0.02926490108063351,,
2006-10-31,,0.026372102331350344,0.01770869837788336,0.027634188425490702,0.026089480057726044,0.05006042355235096,0.015732762555023427,-0.00646676194641671,,
2006-11-30,,0.002385854294900902,-0.005345550591398851,-0.03578380805062642,-0.0020143931813739746,0.02851716146073313,0.009822286653353718,0.0372952394328403,,
2006-12-31,,0.007842197172536869,0.009354630335025371,0.03542663994550099,0.03227571969638032,0.0584761336909263,0.03912822762100965,-0.014715955248585044,,
2007-01-31,,0.017504815382672678,0.021894039717586633,0.03845347711383762,0.004684804419085475,-0.0009992431212325625,0.0028913279787243784,0.023438615672268126,,
2007-02-28,,-0.006240985367537144,-0.005057203860537762,-0.010533538551432908,-0.015159269287085109,-0.032674989493996165,0.03441455066319876,0.025129041324794654,,
2007-03-31,,0.012273631398040274,0.014183073791877998,0.024225918818317815,0.04271449210692135,0.05955168866072591,-0.01062550815259189,-0.005304736055485204,,
2007-04-30,,-0.0069110310555375865,0.01928928958656906,0.024603908351960913,0.007893275907326469,0.012626215106235072,-0.021831103013574382,-0.003694760664924801,,
2007-05-31,,0.048964840409788435,0.04288378160535866,0.023983422892357664,0.031745491122352254,0.061361833485048534,0.012959214518293072,-0.013138863747136909,,
2007-06-30,,-0.03672279614566143,-0.03248523465594355,-0.028017624786865536,-0.0075921302160378845,0.02206599161058942,-0.008173578381659552,-0.03329767649474302,,
2007-07-31,,-0.08655817488833417,-0.05503211912729766,-0.04809872269269977,-0.043693061200895555,-0.0033157329450537176,-0.015048337911262033,0.013021689319214103,,
2007-08-31,,0.022797493877144914,0.006870899576261635,0.015566823530725804,0.008084825625020553,0.016519934585488283,-0.01746088364507148,0.01721056288216749,,
2007-09-30,,-0.005616585422620557,0.010366191337622732,0.06031866916873985,0.025268146293230043,0.09989273450051384,0.013698182781598511,0.08941023782463398,,
2007-10-31,,-0.0004486398341706499,-0.005122962167075862,0.031011374062940522,0.0408293645776594,0.10064159432433017,0.0007307346578213636,0.05224760839194298,,
2007-11-30,,-0.05818954405931953,-0.03577968076806992,-0.05078786310916261,-0.0482095766888162,-0.06612832186285467,-0.015510756047102725,-0.005490153844484147,,
2007-12-31,,0.021907928116061237,0.017577436171706262,0.06966625823105765,0.006956079583810837,0.02070898179065095,-0.0495212676530189,0.10409379958874099,,
2008-01-31,,-0.04075880093117801,-0.04494648611599983,-0.1453411672587398,-0.0815805648586283,-0.09104886672560908,-0.032676990415509866,0.10619221797712419,-0.08461172842212317,
2008-02-29,,-0.024277346411330614,-0.028172096479760378,-0.007394881363054329,-0.009745840048632548,0.021993667391162264,-0.00020339461602003617,0.05441323748623628,-0.008180550442343892,
2008-03-31,,-0.0026522312085318633,-0.01735929372140088,-0.010805372001523872,-0.014332358127273626,-0.036363965402846254,-0.012009525239156327,-0.05885254943869922,-0.01432973510125135,
2008-04-30,0.07773450918509095,0.04493822216760868,0.0553208340273017,0.06839977061470925,0.057456297979522564,0.08941163928590812,0.04491174488725069,-0.043318845399939465,0.041420803656616156,
2008-05-31,0.011184434912782537,0.04403122307882823,0.02910500275324379,0.0324685310546351,0.0003301570151899025,0.03424245701651851,0.030954080599016054,0.011780322687277689,0.024504171010529152,
2008-06-30,-0.08458025209383857,-0.1181670165088472,-0.10303569434354265,-0.021273903992847343,-0.0748339558976675,-0.0973366478995884,-0.06119687861486667,0.0398220865161254,-0.07445932885522855,
2008-07-31,-0.026740801460515717,0.0457407769556486,-7.390465922219036e-05,-0.02523792645812939,-0.03624505120650379,-0.050331666743567816,-0.037074993187747096,-0.009531543231467987,-0.03699572203793322,
2008-08-31,0.07035015138190581,0.12773735744719827,0.12078547068812706,0.07067891613588384,0.05184087586561259,0.019795522423327938,-0.03955988893659057,-0.012599236415557935,0.041607634683497485,
2008-09-30,-0.10306055839012573,-0.03215010437011934,-0.0890948003570744,-0.13630566553430956,-0.11349133599403383,-0.12780695421741584,-0.06718036488088963,0.06431772874798525,-0.08193593186683401,
2008-10-31,-0.09533695415242538,-0.1346992100746086,-0.12306125251722888,-0.08915997939566589,-0.11034209291497743,-0.17485110641274637,-0.1270367165656866,-0.0702042875101141,-0.0940353475050697,
2008-11-30,-0.04676319556073549,-0.055135098489085044,-0.05592586117012088,-0.07808305900474632,-0.022534470041431942,-0.05716854345119404,-0.039220707215920636,0.17607335238742006,-0.04012413190685449,
2008-12-31,0.10711021512510377,0.09668425290779359,0.08211786572230562,0.06046358010179387,0.05840552579610048,0.15821550293811226,0.13264126891542927,0.13091146139368925,0.16880116545588653,
2009-01-31,-0.10815594038071352,-0.11834110656377628,-0.07759674951250173,-0.015750286357981702,-0.08808730726266623,-0.08711534250305253,-0.10992629490989925,0.0621068298434333,-0.12416106704188057,
2009-02-28,-0.07870246369566747,-0.12259771665539598,-0.09414490383273166,-0.07455563442322921,-0.07889289626385676,-0.043582830337283496,-0.13662292123012543,0.03513927046532861,-0.10529217876665486,
2009-03-31,0.08658638726808898,0.08282917359597608,0.09680287174830515,0.028569248530488478,0.04059393439546488,0.1626912934291338,0.09021147951353004,-0.030321771263459474,0.002763018884546664,
2009-04-30,0.09398399455421225,0.15979838847005823,0.15135205435942756,0.01763520297617971,0.08573405558677849,0.12095367319482375,0.05735226949278105,-0.06230815153037417,0.017383599722371468,
2009-05-31,0.009368492549873597,-0.051470173456330315,-0.02738141758224133,-0.08642158603152461,0.06934654850263211,0.05920293821795686,0.08482344533309738,0.007061350021603463,-0.014069912081080105,7.9803354219532e-05
2009-06-30,-0.03191575452571971,-0.017907652521569895,-0.028755260415794903,-0.006431213589386142,-0.03705146507277213,-0.03910868111590671,0.023904618007108303,-0.06829231197768437,-0.012891615265623768,-0.012504130425237014
2009-07-31,0.0786261189130153,0.09069359281619249,0.07628343617829159,0.04779338020576396,0.0693148973951283,0.0943144326916987,0.040356141550007996,0.009199308442341847,0.021736890134906872,0.004919749679817009
2009-08-31,0.05578744380363254,0.08877125754692483,0.08327108838906971,0.0203807620516836,0.0697211762017953,0.011889497307639552,0.03324940207906746,0.0259075512797744,0.0626860301047858,0.010593786332836919
2009-09-30,0.06763391938628516,0.07319365081161888,0.07193332573277122,0.05486844216385456,0.05625395181180237,0.1219183062224809,-0.010239552698845245,0.07752494593898285,0.04403107754875579,0.0030178315696995917
2009-10-31,-0.05336944056699866,-0.08633007615174548,-0.06310207312730476,-0.06558347872087811,-0.028362389441325297,-0.06061246897611394,-0.05024580763927711,0.009111532824989776,-0.07424626542895985,7.925825665600073e-05
2009-11-30,0.053330789274138146,0.034870059371025164,0.05475838076268924,0.040542829910963585,0.04971589978916713,0.07786320325700724,0.0025936320639654564,0.12717854481105806,0.050089815940592475,0.005146037963761119
2009-12-31,0.03611001952495885,0.0875474439061219,0.06396254658823097,0.07451140089662012,0.024520532057121347,0.05036765193720627,0.02203162782977719,-0.05621171854939422,0.06109897934277586,-0.013547666619155851
2010-01-31,-0.04129040948255036,-0.0179579219827547,-0.021217181160557264,-0.04000089356040448,-0.03578624459482893,-0.06621630665496547,0.015001387583104098,-0.0004046941721336239,-0.0475934622450539,0.0014373590109877377
2010-02-28,0.07173223409811191,0.10154163492027468,0.09285719684922555,0.0785216850672561,0.040108390213114964,0.06757897967391036,0.017535187725432833,0.08329684837821771,0.032244450486416554,0.007893374898950256
2010-03-31,0.06716663148990332,0.08590271787363069,0.07611942486139922,0.08529060273624722,0.06727172616023958,0.08504595170831641,0.03988159374814981,-0.0007603143291919912,0.0340149057386947,0.0022152367734853406
2010-04-30,-0.009887607063241433,0.05423152371671791,0.018736289141878526,0.024271132226516556,-0.02895542760005132,-0.009256125640945356,-0.011126748588831448,0.05077991565149853,-0.026207924294336826,0.0022099143934155574
2010-05-31,-0.0451995780833605,-0.030196497755374474,-0.024051676696574598,0.012162688555589884,-0.06223336180134509,-0.045387714315152095,-0.10222630062005533,0.0857290136158908,-0.026780151517469153,0.00047254429792897845
2010-06-30,-0.06283634557840678,-0.10756844163685642,-0.08954618832355155,-0.08624997190575079,-0.06209714253845211,-0.041851375195986695,-0.044839553971241175,-0.005372306816755712,-0.04756236751709442,0.0028339974338471574
2010-07-31,0.041522560377014184,0.023643145396789134,0.022655248375763604,0.01564233990064312,0.09080807680531944,0.05673898083036932,0.017115422867579166,-0.09586309696716722,0.02260244381814136,0.0007849536846966654
2010-08-31,-0.029072069186264593,-0.05324576267657044,-0.033888723562386036,-0.02532240834088506,-0.013986712129557155,-0.018476937082647304,-0.04193110452873816,0.07223487127822059,0.0188819802797755,0.008942003642889551
2010-09-30,0.07516694050257278,0.08127111846757784,0.07887621573431303,0.07010113886779057,0.07074981970090066,0.09423937038137709,0.037143930122564006,0.025879383587017468,0.016351868505956046,0.0012438325789740912
2010-10-31,0.038916609588253825,0.03743708976298277,0.03705350991794254,0.03461845878829828,0.023466257668711688,0.03156973721349621,-0.033037384630360545,0.03824751488265954,0.016446159733453314,0.0
2010-11-30,-0.0081587364434752,0.03712426068219643,0.022325035291038464,0.02195432071012915,-0.025775513262400684,-0.015453843686529245,0.05254111096190339,0.03541623259371396,-0.030953154294285135,-0.0009315933255737985
2010-12-31,0.08623873700579954,0.08525714737825085,0.08042942926896712,0.059442683192922896,0.07214274726965075,0.08105540677419443,0.04833338482512306,0.032272527946362484,0.6362971840745537,-0.01344534713693979
2011-01-31,-0.014359850747819425,-0.018942221643260315,-0.004163154895680421,-0.01969700866826518,-0.010186513629842131,-0.0622377646171447,0.01074109986152938,-0.08699353379009689,-0.36246676177683645,-0.00433269110415635
2011-02-28,0.013705948367553233,0.0293482389335602,0.022638486471887598,0.018816054444777963,0.025148572256848745,-0.01727172656138598,0.04769300317545433,0.04213056995225606,0.013396456205780671,7.913064455178365e-05
2011-03-31,-0.006981673410683453,0.01641027097747827,0.010000169714743157,0.008796601200955712,-0.003888299752562774,0.06464133116000204,-0.08782785997520681,0.01764988045868221,-0.018026022716151724,0.0024523577998925017
2011-04-30,0.011922193348018917,-0.012026796183336463,-0.00436257114728944,0.001697181647648538,0.022356281050390336,-0.008209732995087093,-0.0032544049673700615,0.05176104304796669,0.6793425343995418,0.007290808314736941
2011-05-31,-0.00988262483990876,-0.011566239769665976,0.0036302839281023846,0.009150225148774727,-0.01096841374522739,-0.019849332724926616,-0.0212244671314179,-0.39099058011702936,-0.4086930049840144,0.006238037314067135
2011-06-30,0.0075605185330045455,0.004269782030784874,0.007135020309878337,0.020551090140987327,-0.0032287499122621854,0.016027752405969098,0.018443846329558644,0.0032085561497325887,0.024647949562336624,-0.0028029641880269462
2011-07-31,-0.040266765118353365,-0.05052973208602818,-0.05338149796345959,-0.05056824760991485,-0.02091402013942678,-0.02798676488905072,-0.02185960713636359,0.05250533049040507,-0.060480890469840065,0.00964310476891006
2011-08-31,-0.07013744847566228,-0.07849295917222199,-0.060042340041357,-0.03803002037575409,-0.06616800920598387,-0.08916257371086633,-0.06421485571583196,0.13626236962680416,-0.02578691007326761,0.0031709389855081316
2011-09-30,-0.0637350270059257,-0.06586205034167492,-0.049188990139318545,-0.01201355101260515,-0.05483672211953172,-0.14167144715093993,-0.016928803147735705,-0.07624526080133576,0.01032494359457714,0.00400848624244432
2011-10-31,0.07783245446956277,0.10789968549635076,0.09471289105582192,0.06755407056974727,0.09338331160365065,0.1256970857846933,-0.004612734033577648,0.02979024773354544,0.006874557412887228,0.003148365072505044
2011-11-30,0.021089544602273858,0.03148687709263487,0.023901109135819,0.04040168305372838,-0.007452675510508322,0.012699340108228041,-0.0043246928644306015,0.03879335688758134,0.0075664427063972806,0.0037504294943280225
2011-12-31,0.002191883731571531,0.020152150871422636,0.01339350767027292,0.021674636310612172,0.016218651449166455,-0.031343978882876766,-0.019258163757290947,-0.0865561126448503,0.026556534161010337,-0.001258137617512256
2012-01-31,0.03513570409549871,0.04980939228113446,0.03714734500383576,0.020548989313044608,0.018471996453376605,0.08924147044070074,0.03637528632905229,0.08487025794100478,-0.03978592711036555,0.0006109764106245752
2012-02-29,0.03538191534621404,0.011750080900125193,0.026121119183394992,0.012280971682981257,0.03605629715612313,0.03859677639942505,0.09759842876965363,-0.023441055985434667,0.015607821454967086,-0.0009538232334539432
2012-03-31,0.008789234757479392,0.021750680255143484,0.0208267632157082,0.028500852381678543,-0.011133674112457137,-0.033382485739058776,0.035063357840803944,-0.03216033558611042,0.01079368100119682,-0.00038201720471942036
2012-04-30,-0.031003325203893928,-0.029538775567258813,-0.027159656963422263,-0.02234023682385733,-0.001982721994051806,-0.03644972571775096,-0.07262895769380118,-0.01805923428846612,-0.02624420182373577,-0.0003820944756079969
2012-05-31,-0.046021635344500655,-0.014838713725737418,-0.021972920778283167,0.011091823865295725,-0.0713069391230311,-0.06101538706265697,-0.09614278929080322,-0.004904364884747436,-0.004460969994480757,0.008905035572087217
2012-06-30,0.04833216513209915,0.04235243934158461,0.036239135613649553,0.018784283734893492,0.05141722056688813,0.047963228936790614,0.08331770102447744,0.0014785608674223738,0.04051498709706802,-0.005416976199402734
2012-07-31,-0.004310632335766451,-0.01661396814213345,-0.011217725455808125,0.0034185426556765375,0.01598604853945651,-0.012666967658723549,-0.06359259506269066,0.013041338582677087,-0.010407266421116779,0.006208477067111584
2012-08-31,0.022802486690816526,0.02487584715871094,0.0256368628112571,0.013448225678357906,0.01566299527964521,-0.0008014359323569309,0.005145251590503497,0.02186057809084274,-0.015412493942551286,0.0001512957370009005
2012-09-30,-0.0009510694374127437,-9.63145403165555e-06,-0.002818644942858217,-0.011541479117067821,0.00802760368988098,0.023496762313204744,-0.0003926277640923237,0.04159733777038266,-0.0027619715045137383,-0.0023090554705695876
2012-10-31,0.004662517699697499,0.002830222942685756,0.001531219427306274,0.002120006395549545,0.008871812783793231,0.005455350316622143,0.014139851661311154,-0.0264719306252853,0.0014771975880427668,-0.0017823544588509987
2012-11-30,0.018054044343705167,0.01219487822997034,0.014869864689591283,0.014978442632821665,0.019180168951668852,0.01767488750604551,0.05964372322731082,-0.0007032348804500987,-0.020099466453778025,-0.0007222811286863307
2012-12-31,0.0212833169770259,0.025512197165620254,0.014960878697243274,-0.003321406927490611,0.0026496365242203446,0.05998387350288148,0.0873537769127164,-0.04081632653061229,-0.00376378379021014,-0.0038411318799785876
2013-01-31,0.06162867153379703,0.0891613533365343,0.08969625439362083,0.07778299675648115,0.06640466187830318,0.020114206621262953,0.09008404387145474,0.022010271460014774,0.05383472107124754,-0.0020232198504910315
2013-02-28,0.04050449442976922,0.058382197343142206,0.05163521557041806,0.05664348814901876,0.015503875968992276,0.017758676689316744,0.03946958887609342,-0.00670016750418756,0.04319756620966975,0.004552218393632179
2013-03-31,0.016250164346566898,0.04350589092553858,0.04158616791612402,0.044367735051925816,0.006945313477662474,-0.012134524864244378,0.07238215685773053,0.008672609009877208,0.03161489044156607,0.0036556169996773136
2013-04-30,0.008682286595476096,-0.01831274785145698,-0.0025384005174609037,0.004445591007596672,0.008388740446156673,-0.007223862313984086,0.11894879821740201,-0.10365416766181035,0.03047978017858277,-0.0005690009355038272
2013-05-31,0.013516762039434527,0.049093545528791305,0.044759261889890434,0.035055142567212094,0.02994823761400056,-0.03170426332848997,-0.030655170706520574,-0.025845989874766828,-0.025375858758005743,-0.004631628978001401
2013-06-30,-0.027886124662863554,-0.014633029455091817,-0.01420250441163795,-0.014364778668680467,-0.055342826373100396,-0.05507427384284613,0.015812363199660284,-0.13074398249452956,-0.021392820870181017,-0.004520152394689392
2013-07-31,0.04691741086491241,0.06959982730041303,0.05743624651219359,0.05767949484041046,0.06485527899170318,0.014329053157353444,-0.012051301402636216,0.07803650094398984,0.029147165895267113,0.0035350222754024774
2013-08-31,-0.03961347880082289,-0.058053342145740316,-0.045760581153798774,-0.04987258363942371,-0.019449235710462087,-0.042001053363306506,-0.028970760707860532,0.051371862230005894,-0.0622422389535473,-0.004211728063893472
2013-09-30,0.012154743545143898,0.009837109866129845,-0.0015526840142552345,-0.009530426424201877,0.01292005337862423,0.028146233778251872,0.0868882432445115,-0.0932815102720711,-0.0022829312641361454,0.00046117508542797836
2013-10-31,0.04876409116302183,0.04848710657560762,0.05208174601709348,0.054621203463514956,0.0409605365590755,0.05098869157150321,0.006742176793266053,0.001837109614206911,0.029567078701773886,0.0020370723593938767
2013-11-30,-0.004040835883599936,0.009495486438698464,0.0025180840268548277,0.005743064691341004,-0.008168900650060373,-0.021804591556752517,0.05237977887530021,-0.0681540342298288,-0.032478638059787346,-0.0008438958475536218
2013-12-31,0.011151788498262372,0.017885571431546232,0.019233003999535647,0.010809722011485112,0.014616321559074219,-0.013375032564633016,0.03431814367120922,-0.05313217448343721,-0.0017667210088981866,-0.0043702488183776644
2014-01-31,-0.04652686356212121,-0.0280239494729424,-0.029806251733371925,-0.04085603520110781,-0.03784370891213629,-0.08654420706181243,-0.08613487834585465,0.037755455490128265,-0.0011795518344466238,0.0037893797508148364
2014-02-28,0.03984536891129631,0.03747654031110659,0.041152461171208854,0.03534795452351913,0.04955142296952042,0.021788373034466124,0.016350091432578928,0.04806408544726293,0.02853073472245926,0.0007320596808451096
2014-03-31,0.008612576622258894,0.016051507295247847,0.008976403644537223,0.016077576827623563,-0.026549674497594156,0.04175315284869674,-0.010409241115306611,-0.022611464968152917,0.02756718509423428,-0.0011547700249403547
2014-04-30,0.0010220674021372833,-0.02192482691948805,-0.006923802387272526,-0.00164329980348088,0.03117003954407993,-0.002999062739064362,-0.038010998876109814,-0.010101010101010055,0.010281107086243635,0.0014260742699976348
2014-05-31,0.026150376550385213,0.022452368086483876,0.027665670448581814,0.025707428563910062,0.012576133543875434,0.03566728594260904,0.04572564800792511,-0.02995391705069128,0.02041505850737302,0.0017702296797474926
2014-06-30,-0.00032799507526437566,0.02424663236011093,0.009901691322888428,-0.007283626123175013,-0.006460595934280167,0.0054014556403994,0.04301324809491769,0.03732609433322032,0.020331914943102047,-0.003862876605736143
2014-07-31,-0.007218550222161557,-0.040893299801703864,-0.023239069234554988,-0.022261329205260028,-0.002971018554851712,0.021072663580539608,0.012531311112076837,-0.011122015047432154,-0.033681920065148585,0.0012384090540420445
2014-08-31,0.04558805265979071,0.07148687782542473,0.041977796823164715,0.06290221860417655,0.018329022826942598,0.04817331475011821,-0.007875753486426551,0.01951703605689703,0.7295692789465207,0.006919996440085896
2014-09-30,-0.012483390160174523,-0.03520351046934156,-0.025615927456972165,0.019694878746312483,-0.02445892226148405,-0.05795143988876306,0.05148560784548861,-0.03990914990266059,-0.03162461970530006,-0.00026892123590482875
2014-10-31,0.0273087538625576,0.06433018566249182,0.02932069888066291,0.05552550088663866,-0.014035882053313742,0.02948278252295755,0.0424935546757359,-0.023318688746198024,-0.36005394007265257,0.007143007686195357
2014-11-30,0.03156725185194853,0.02875886478101841,0.026280174064295947,0.015931604339935124,0.03358016187360091,0.001877221567174292,0.021725619641625338,0.03564013840830449,0.025554030556755203,0.005566812278580802
2014-12-31,-0.01381167675336381,0.028178142013041585,0.019007322748253674,-0.007267184193190501,-0.021826057980673164,-0.030030839426769096,-0.012758223055649665,0.0167056465085198,0.010957817828786576,0.003183840380009517
2015-01-31,0.018902492319913478,-0.0015753929726556315,-0.034455908521579426,-0.013484892409884153,0.029012661102594706,0.02539735115422892,0.001641063201121895,0.10351626684193227,0.020395224861797567,0.00535226506435027
2015-02-28,0.03188767861566055,0.033379443361214234,0.047222921918869565,0.049209148658777346,0.03222246744647972,0.02112564356475688,0.08724141228321547,-0.07087552114353779,-0.05587843269152193,-0.005587996439653686
2015-03-31,0.02590723057190636,0.05466206991009437,-0.009479860196178858,-0.01209748216488793,-0.01999144750908699,0.025531158049627134,0.018459211516663743,0.01506410256410251,0.02496888237253847,0.005201698714053293
2015-04-30,-0.012534204457335774,-0.052503744789488827,0.003362676374245588,0.022418963557999882,0.02901712664993994,0.025739528777864784,0.03162565367346115,-0.04041679823176503,-0.016789336926837928,-0.0030216271130915073
2015-05-31,0.007034618643968704,0.020837268424973132,0.004382525520314262,0.001105608490600929,0.004664475776529287,-0.03429918580544844,0.03872355494231039,0.014478446857518978,0.0,0.001515325282342772
2015-06-30,-0.051348446681029225,-0.04092029816481735,-0.0023100655724542785,-0.02190322844285364,-0.05803524322042841,-0.054781014130044325,-0.021401413413184356,-0.04346415828738237,-0.0743345401743889,-0.0023203278046999287
2015-07-31,0.016490261120021277,-0.0013576485387619686,-0.010805201453216173,0.02521641264544172,0.027276800716926175,-0.05543503303998365,0.020811292580212193,-0.05900305188199395,0.027543794652101994,0.0018287964733603168
2015-08-31,-0.05681238626008189,-0.03691965609228953,-0.06397916867777431,-0.06185754332233662,-0.0746415135488796,-0.07735151164044707,-0.07515553228306138,0.05351351351351341,-0.03152130213135851,0.002015310557886174
2015-09-30,-0.0178009510951751,-0.019320354371171855,-0.018060613936225822,-0.032381114449873016,-0.015908555267499458,-0.014701036548191992,-0.08630672589650024,-0.0030785017957927208,-0.021255312812135885,0.004706270921693179
2015-10-31,0.06491497878060382,0.05474781040012622,0.057159039305090475,0.08846425716342354,0.04765896299844341,0.05224546722961243,0.09302799532315453,0.0029164522216502675,0.024261667328026704,-0.0018886328344874803
2015-11-30,0.013500751756332363,0.032358655880655895,0.004550272113705844,-0.0029723881974135224,0.003943307806606455,-0.006774246114562343,0.021698463660262846,-0.044303797468354444,-0.02146351201336061,0.002497923799255508
2015-12-31,-0.006541535707298762,-0.03478420746629851,-0.007993585047118112,-0.011179401799724098,-0.015142027665509206,-0.02393653564043674,-0.02947639402848312,0.011992124574905949,0.0042324217526492625,-0.003020373403620491
2016-01-31,-0.022883866137505704,-0.0338785855891367,-0.07923719578864796,-0.06500849411679799,-0.026992659383850648,-0.020096321968761766,-0.06300698468860633,0.10187477891758046,0.05563055960280372,0.01188378398041623
2016-02-29,0.023141179466715345,0.05164997850424613,-0.016335985371503492,0.0167271634204198,0.010217417131994866,0.027604291651160295,-0.10730819836610839,0.12375601926163715,0.0219376135728373,0.004888115498249634
2016-03-31,0.03568662264742728,0.05055017937993078,0.0,0.06223982838777431,0.016758791014935825,0.0893747515117862,0.039918819388194526,-0.03185259248678762,0.03891224954895933,-0.0016092799111939726
2016-04-30,-0.003081462574206717,0.004421605355326985,0.13671412940285288,-0.0014928499874397039,0.015730726967786657,-0.01222169642835591,-0.052916990004517106,0.029949837710238958,-0.01383858995672449,-0.0028104214090785007
2016-05-31,0.001717452713666523,0.012391008665127545,0.01669708737477582,0.010839130055088964,0.001252633376985779,-0.038491137990249724,0.07190298456615518,-0.05658215155421864,0.003259278282402578,0.0023674549552079593
2016-06-30,0.08628956538097521,0.08839622557571558,-0.009751117685707356,-0.009243852811785858,0.04594825135058289,0.13637983680426569,-0.109378393428192,0.19040388703310063,0.1389691135596378,0.011435936606562391
2016-07-31,0.06166707212733713,0.07060070671695007,0.04690337823617852,0.03489454985184315,0.034958951775131863,0.07817878957469104,0.05013193143280459,0.02423469387755106,0.016286205496398365,0.001307170209419617
2016-08-31,0.008882018942209413,0.0127348375240115,0.0027226928589059174,-0.002343982249620402,0.018753939903340955,0.014321132910162682,0.024668841049977575,-0.020672478206724798,-0.038646111002003436,-0.0006318775077699401
2016-09-30,0.019303958100788776,0.012793065258056124,0.0,0.0034339168700758815,0.01954313412055897,0.035250196897258945,0.0055728933704541905,0.017802644964394654,0.03361549026014288,0.0008552114901878571
2016-10-31,0.04089735548729112,0.03021310076113526,-0.018267042568011704,-0.02971904741128617,0.008142828241958222,0.052403404282652,0.04500108073221898,0.027736131934033015,0.04415669175105719,-0.006912869442565639
2016-11-30,-0.011989535955352681,0.07774407634882707,0.053809388107026734,0.016892516529706025,-0.022625796418000332,-0.06529182316315774,0.06724654273836683,-0.09980549477267198,-0.0716104050954568,0.0012348642982331626
2016-12-31,0.03656350512265427,0.04568539489957568,0.020520176890543862,0.012230777630024114,0.05461451596345346,0.014045704273828452,0.01788904167391725,0.0027008777852801646,0.04923639500115917,0.003252249861559031
2017-01-31,0.011618352210525318,-0.01053934947632662,0.012391834781958044,0.009918831911507331,0.0008760829358511746,0.04846644081731122,-0.007810929863947713,0.024242424242424176,-0.017028164285666114,-0.0031879057310111314
2017-02-28,0.030124823235197162,0.025089712949416754,0.0,0.0401785714285714,0.03175452246644617,0.02236749259574311,0.01279271193886089,0.048389217619986935,0.04027195065457234,0.005512347434509124
2017-03-31,0.010280364246457507,-0.01030508897256932,0.016166299659892802,0.012875536480686733,0.009379271339020612,0.03360148808280261,-0.003109208127840546,-0.016179606170826588,0.010933250411524709,-0.0005220702531930632
2017-04-30,-0.016589772815354675,-0.028334799791724596,0.020227258855646246,0.014576281531382351,-0.014381770638774771,-0.015732934413971722,0.008577045769006197,-0.016063233044365077,-0.024647743895903185,0.0012683611782791093
2017-05-31,0.0288383853175449,-0.017553546669434317,-0.0022276336707670596,0.027397249798304157,0.04870191396626877,0.035247126159383635,0.0204870027871471,0.002591344908007276,0.03190214353576781,3.738369039951728e-05
2017-06-30,-0.007788428628162092,0.008530927908543706,0.012279509395363153,0.0,-0.028415251174557232,-0.00641514657602138,0.02481063242840964,-0.025846471956577965,-0.014744447249211423,-0.0054405213913182315
2017-07-31,0.01687943769934508,-0.00010824715272605978,0.018967812250933136,0.013658539066469855,0.01036871716185428,0.0474598529340291,0.005544247526827029,0.005571769700185802,0.0020293006340261766,0.002336525268451295
2017-08-31,0.021447194076820608,0.0025332111932641066,-0.011904745194327826,-0.0006416572895321382,0.01647491946617574,0.04128861785063309,-0.004778502522741146,0.06253298153034303,0.03199094460256968,0.002809307149741258
2017-09-30,-0.01986029563437597,0.00974494564792483,0.023220099083520074,0.025682220038721226,-0.008964143426294813,-0.038376934820002706,0.039889192733998824,-0.06332257263471563,-0.04611781069665488,-0.008666069964975098
2017-10-31,0.038338569642556,0.025228532797606062,0.018625621143958382,0.022222193036571802,0.020831429876656093,0.04982458446640092,0.06180073623452187,-0.0021208907741251393,0.022244879690666908,0.00037675086979716
2017-11-30,0.00463081625121986,0.015911651573249586,0.01218995363675801,0.0266380568263751,-0.018079298308422143,-0.019090617237246255,0.0115403682245101,-0.01142401700318807,-0.005857934879342941,-0.0006780666679869762
2017-12-31,0.012720128841116063,0.0033005148992597544,0.04318940692784201,0.021771535007840903,0.0530033725275727,0.03579193859873375,0.011408707538549612,0.014512227895727037,-0.009236974664243225,0.002450045928517941
2018-01-31,0.003621640892045086,-0.03220488880358152,0.03821652278662713,0.035610078239155296,-0.022895477169443845,0.028277588517492624,0.01504008519179001,-0.015629139072847686,-0.05900368046705928,-0.006451721019722578
2018-02-28,-0.02759060458125162,-0.03024913192489309,-0.03987726270019576,-0.026775670101363613,-0.031626506024096335,-0.04208082169315719,-0.046062177537816607,0.011571582346609155,-0.014473312487613188,0.0004547468268527588
2018-03-31,-0.023631536906939976,-0.0007645927597872415,-0.026857052147092553,-0.020561804505430548,-0.01966883176287626,-0.003421717214919573,-0.017896359640103277,-0.01449853684490554,-0.010191292378270989,7.599816076542254e-05
2018-04-30,0.022877653378344576,0.02285051970431029,0.02800857385194333,0.01330575892962882,0.06560283687943258,-0.009940096871853599,0.03747636881205185,0.01268727223646926,0.04202023906319696,0.001590703694757778
2018-05-31,0.0415963039763978,0.08353267240699402,-0.010179607526268453,0.01181788076705792,0.031176109992118395,0.009523050096120533,-0.02750621192018654,0.026522724243635887,0.031709159857137514,0.003404101331975662
2018-06-30,0.009993836785937793,0.019560729052693127,0.042548913165136426,-0.004181700388004472,-0.004161358811040294,-0.030241186745714632,-0.0008519209103847736,-0.03258893793819784,0.023039183782416206,-0.0008293328958099977
2018-07-31,0.02592238104530331,0.02018787981308634,0.01334620148020571,0.027222776560590134,0.017056114617090223,0.03055900589290861,0.020804932356777828,-0.016642061468259306,0.030996834687096353,-0.0010827590281780042
2018-08-31,0.016586809906001587,0.03393652556516735,0.004771903090523777,0.016633778750577477,-0.03463021968807645,-0.028470504991962797,-0.018209157057699654,-0.00791592739183844,-0.0028753075595282507,0.0009079273679113431
2018-09-30,0.0008867009749216059,-0.021819454550089823,0.013107949266844665,0.005268957833421295,0.013115608442630045,-0.010939554241604088,0.061936351221647534,-0.01251891594442156,-0.004553909337539852,-0.0016632203719112448
2018-10-31,-0.04739646186811963,-0.06401805480225797,-0.09066196761978063,-0.06868970147494613,-0.04869684499314131,-0.061053871421634764,-0.096298643426169,0.042073000835887386,0.0022253558126179573,0.00257467199195216
2018-11-30,0.009853433960973712,0.01746247519603039,0.03701416688685377,0.001184861300832063,-0.018835616438356184,0.04283015728999029,0.011524781801351303,0.002673796791443861,0.0216394333661718,0.0015107315082014683
2018-12-31,-0.06545805761837231,-0.10795962643303947,-0.11195070522213768,-0.06272186330585061,-0.034904013961605584,-0.027979318197287162,-0.098159483768814,0.05053333333333332,-0.042628006630418214,0.0008670952720601921
2019-01-31,0.04553405449339465,0.07571136649907051,0.12046576548358368,0.06755048513363837,0.037498810316931586,0.06779805002989159,0.0491739308412078,0.0016499555781190889,0.042507667691205286,0.0014159482489513042
2019-02-28,0.00919803226649396,0.024207990875781515,0.042366084993954,0.04937912474015049,0.023942757545179383,-0.03017975820589891,0.027047037733490376,-0.016852508869741545,0.017959228695000107,-0.0009047453728335819
2019-03-31,0.036128122632402615,0.0005180275618639207,-0.005751519132250027,0.016624404753011524,0.03252105357462831,0.03158081862093742,-0.0009920690212514849,0.005413068694419376,0.043979352691676965,0.0049811611313788084
2019-04-30,0.04415938480097892,0.04904535334637328,0.04377170133142205,0.03021053998263512,0.024381778741865423,0.03335434443029217,0.019590194674576455,-0.009614152031790835,0.005921157695522705,-0.0024029784215021666
2019-05-31,-0.03666830882619487,-0.057828045196551825,-0.056715308225489314,-0.05165451341209448,-0.03074707775707264,-0.04958114835912908,-0.07340181278841595,0.045689878332901834,0.02008842796415622,0.004215455667099466
2019-06-30,0.0592111602134997,0.06281831075532729,0.05268308958793133,0.06297875803413122,0.04019924844883338,0.056399075678135624,0.03612038914650295,0.07698972645129354,0.02574300407581198,0.0007496000348385934
2019-07-31,0.043125746249745855,0.05024460317018575,0.029395382903343092,0.013477374885671134,0.022935394438376777,0.014724597837314946,0.009683694999562675,0.05217791058499022,0.04327133772087133,0.005431664434358829
2019-08-31,-0.024096760794623973,-0.05629635053535942,-0.0431954296991236,-0.03041471562096243,-0.04377463863337716,-0.039792066306494234,-0.03955061836212903,0.07471327143637363,-0.0005540407807684833,-7.443469941859071e-05
2019-09-30,0.013587822138225958,0.030774708640357584,0.03494526514560592,0.019961993928394373,0.034097741132010695,0.008096057070982265,0.0688539967542241,-0.04827726394958842,0.013902940103839523,0.001605561163301017
2019-10-31,-0.021070778033917437,-0.03053052686324742,0.008395675794600876,0.027293343564096295,-0.017774086378737564,-0.007302305878610471,0.03274312950583336,-0.02242631354122171,-0.04871078209573754,-0.0029454653229823435
2019-11-30,0.02247539677834487,0.02390479355925801,0.03873302062712103,0.033436937262965705,0.01733468628445789,-0.0018032536916969821,0.031360380797957,-0.03233559099847061,-0.010280350922339476,-0.0014584482418170674
2019-12-31,0.01863139666483038,0.012123787756709525,0.021780798280082614,0.030097837850198372,0.02377192253345517,0.06086004534444478,-0.003424910499126632,0.019643260329645473,0.01260868164840745,-7.4908092040471e-05
2020-01-31,-0.01257569501349698,-0.03193128975113402,-0.011084544985455524,0.004382768602709808,-0.03442396687505078,-0.05978814044169334,-0.021039413847638522,0.04351195748449954,0.03284676436816958,0.0025219653060275515
2020-02-29,-0.060533521081016395,-0.08783053653255879,-0.1095016745132511,-0.09842427571614587,-0.08769864626250734,-0.02282074976062698,-0.10480347433700732,0.03225464190981442,-0.07333314293305127,0.0014989575246970865
2020-03-31,-0.09789424892078769,-0.21941682651987826,-0.15094884316570822,-0.08335570283927751,-0.13640552995391708,-0.12248190553151628,-0.05318034457862031,0.041833693082536705,-0.08120262767836717,0.0023945233501625474
2020-04-30,0.08949869329265958,0.12202696301992133,0.1513285012385912,0.08213550086616794,0.0402881536819637,0.06494882568777083,0.03576119801920896,0.04380426203630616,0.041259895344957664,0.00455365830862986
2020-05-31,0.06372346313430577,0.060745458736467084,0.020800302032134788,0.03686637660214176,0.03113618876635038,0.04228320788721862,0.07373449379305264,0.03818525519848781,0.055859545935475596,0.0017832731550362357
2020-06-30,0.030318817743157922,0.021516149790996142,0.00038813231588319397,0.016993503944546573,0.021888369316485967,0.06699511386595525,0.009719387408594793,0.023306627822286874,-0.025205414245456526,0.0009645581565460581
2020-07-31,-0.011256724005823115,-0.030644655567504064,0.05955382619321403,0.03830328548389095,-0.04059974686009149,0.015901643309697233,-0.03643399530705771,0.045373665480427094,-0.030641296194852452,0.0018222862216477065
2020-08-31,0.041311729260299135,0.02757604508645728,0.05254490667715217,0.07477099538005105,0.013497057032677118,0.010492851791598756,0.06376623837302642,-0.018723404255319154,-0.010744487770742328,-0.002187517576161979
2020-09-30,0.007447415246235156,-0.0003688188700142758,-0.03896332602310226,-0.02649162704264474,-0.013918093521578023,0.027591069724245187,0.0230822994300921,-0.003989592367736328,0.03278706043043078,0.0015978742163835769
2020-10-31,-0.027216189945795,0.02615056982079822,0.00036199923554147695,-0.03253667900169743,-0.04610073111291635,0.008934513678946265,-0.02530665656657083,-0.012190874259839779,-0.015298276694522217,-0.0018921979355418506
2020-11-30,0.08407922341048701,0.1390036709603255,0.14709609192654227,0.10871966960997526,0.1241217798594847,0.057213108811657865,0.10957574940400816,-0.08110014104372354,0.029366559171531748,-0.0008545687789621725
2020-12-31,0.023927749507066,0.044571914243511035,0.032176669817502335,0.041473575501380644,0.034848484848484906,0.04781433389241596,0.034028721550821706,0.03914044512663084,-0.019405602319964466,0.0026037334473818508
2021-01-31,-0.009939204758528275,0.013378012852865329,0.0053483872411905775,-0.016098249020792044,-0.011346998535871178,0.024647791435321587,0.00621354368518956,-0.023264401772525867,-0.00844793948804079,-0.0014298291777707917
2021-02-28,0.0022127867040060423,0.06594281389992074,0.06383944200935443,0.026264744584875155,0.015364679748241405,-0.012493669232123583,0.036136354039274954,-0.0867674858223062,-0.023995669062117808,-0.007330970299813111
2021-03-31,0.04810319066915336,0.07324945317967968,0.05029296156448493,0.037759662699765384,0.04412032816773026,0.011626603386952539,0.04260167118034608,-0.00020699648105981794,0.07916775988562241,0.0013872121062228349
2021-04-30,0.02705412422435094,0.02472416960163648,0.04638819117968951,0.04932279293512232,0.039462196612537026,-0.0029565555268462607,-0.027522893299065543,0.03416149068322971,0.026928357463804398,-0.0007114608058239602
2021-05-31,-0.0015626326521587242,0.005946963004329842,0.021450878382171634,0.020227301871450276,0.011926759616999849,0.0001772401068591556,0.023657434213637085,0.04404404404404394,-0.019485949479910447,0.001048961362453138
2021-06-30,0.03730654705918823,0.014000174160623047,-0.004709211505907751,0.01718277687204317,-0.0019920318725099584,0.034126095730008466,-0.0034027770866768003,-0.04352828379674012,0.011886581333343749,-0.00011214943671711275
2021-07-31,0.00030574377762637717,-0.02503272095444531,0.015473232238973678,0.030629321674300103,0.0013306719893546592,-0.07251646641121967,-0.014369072742569156,0.02566158781074579,0.013051907015875885,0.0008554360023891316
2021-08-31,0.03687942879072814,0.0359681897637385,0.023548608877344446,0.027197375884064012,0.020764119601328845,0.030746370885624374,0.021073890158741726,0.0031274433150898506,0.01993159359013985,-0.0014974013418558307
2021-09-30,-0.018442591083246418,-0.0012574687783047933,-0.02768208702991648,-0.05698755163185831,-0.004556550040683449,-0.014817918995053025,0.04601364123704044,-0.008378799688230743,-0.02316078046914971,-0.005660728639651946
2021-10-31,0.02535886497069928,0.017194607666277006,0.041503211817790486,0.06359245186444928,0.02533921857119492,-0.01669345183202653,-0.011284533461433321,-0.004519551974847658,0.040521831494661154,-0.005428959659057209
2021-11-30,0.01255897117279603,0.005141502693730926,-0.01008375927929428,-0.01241257124130446,-0.023596938775510168,-0.0058630410399699295,-0.04203122503709367,0.033162258191867355,0.003460085689594772,0.006254773111082246
2021-12-31,0.02476912509541984,0.034861348986520824,0.045041703703280644,0.033811290328571,0.04817112998040507,0.0012849563565637823,0.04102161714427366,0.005540695452808553,0.036436743266093696,-0.004256928443330477
2022-01-31,-0.03870724337131748,-0.03734104239360203,-0.056605984832065026,-0.07568496349583032,0.0129303629848887,0.0068802366085909394,-0.053933629495222846,-0.008930267908037193,-0.03306458325727424,-0.008164813132477522
2022-02-28,-0.028420297777029147,0.01854938597121314,0.006846699985392668,-0.021859953967811707,0.004460166102737695,-0.041047855183892534,0.00536030581685365,0.06019938650306744,-0.006443215151674453,0.0007638285820930069
2022-03-31,0.03759761444659104,0.03437390005741525,0.03746298852110019,0.040151495502233514,0.016077170418006492,-0.016574416949138304,0.032206941688423196,0.04267631103074132,0.11258558468358948,-0.0069058539663297
2022-04-30,-0.030887993498187938,-0.012647755305149389,-0.05934934024061278,-0.07192274362594075,0.006781193490054349,-0.010515153531537424,-0.010610003294390324,0.027055150884495394,0.0009316878524170402,-0.004225956850264834
2022-05-31,-0.010078429500267494,0.0038772664353710073,-0.011655874387282661,-0.02864435676287358,0.01047747343212091,-0.008436931787673352,-0.007407951256277134,-0.0378250591016549,-0.008517340799553907,0.0013503620924217863
2022-06-30,-0.04204348251417911,-0.06509997127134337,-0.10601210160229013,-0.08341743876855923,-0.05569545252555175,-0.011298330549981861,-0.0243087505124584,0.018252018252018276,-0.02384965567384867,-0.004700698617362775
2022-07-31,0.06702505044047657,0.09449402033058707,0.09492404573217184,0.07007492794904557,0.033882352941176475,-0.006900685454152566,0.04268959297706676,-0.025336091003102412,0.06165824163962896,0.007510326848533699
2022-08-31,-0.0015098742511647778,0.015374953439005301,-0.024620183844827115,-0.03747939957483726,-0.011986041571840356,0.030208460071791787,0.004681046224332075,0.018567639257294433,0.024435252717628364,-0.02617814616436387
2022-09-30,-0.05417171196818893,-0.059713414234300655,-0.0923738530171806,-0.08108688017598864,-0.05036855036855037,-0.07656117349384828,-0.044993053431121144,0.014930555555555447,-0.07606574542205302,-0.03123022940409681
2022-10-31,0.024356283689842995,0.07881883051091654,0.09689353845570436,0.051687947999326855,0.029269081500646887,-0.05583553394213203,0.042306833766311946,-0.049948682860075255,-0.01627412531874617,0.025177585253332913
2022-11-30,0.051542366963249764,0.024594554245272127,0.035738388015461364,0.06375915839853308,0.07211311861743908,0.1219421422911997,0.03409253111374122,0.030608570399711876,0.020678550394686912,0.006368591526985323
2022-12-31,-0.054761505187023496,-0.06534467522447607,-0.027994810422467764,-0.018730441737186965,-0.012602579132473646,-0.035215264412147174,-0.05654648111325444,0.028301886792452935,-0.01258571501124539,-0.003955172325701861
2023-01-31,0.04917667453450636,0.06449496768764251,0.06242459393787647,0.05471893813070938,0.040516473731077474,0.0650313830616096,0.05750088886684179,0.03635745837580706,-0.021243777249087548,0.009439172113056227
2023-02-28,-0.009796394463498337,0.0010927549026056305,-0.014752215420015924,-0.017494448821497866,0.01775780915703895,-0.053296271024976694,0.008532027546827248,-0.037377049180327915,-0.025010177517896692,-0.00918152019006846
2023-03-31,0.006155416108727607,-0.08153623000981458,-0.02597899661061165,0.03110930083454888,-0.02081143577885225,0.005033694017755108,0.02423795186771094,0.06062670299727513,-0.005161044036900431,0.008547769282478912
2023-04-30,0.006728518880732226,-0.018309354602833783,0.011693593253333745,0.020345329286432845,0.03277515385716323,-0.01710899057712112,0.023074429380815165,-0.009955041746949278,0.007222148106425408,-0.0026139183416215017
2023-05-31,-0.0036499275372695594,-0.027552761003888704,-0.028571388938210207,-0.004376976548275069,-0.048295454545454586,-0.017289610574036884,0.039725742662152674,0.005838469023678128,-0.0502382356703287,-0.008418090183851756
2023-06-30,0.040839802750954224,0.07758250500369557,0.06310151602590985,0.05803050416165734,0.009537677466326944,0.027208200919605297,0.0915140842653368,-0.05256368913253784,0.005955021583251119,-0.011012257522994284
2023-07-31,0.01667127990013917,0.034721969599088354,0.04011572656026252,0.03508767604140517,0.026683975191114984,0.040670511203514836,0.015808509083941935,0.01480599046970732,0.014587807207149917,0.00965382174801599
2023-08-31,-0.0182183194317298,-0.023258195766427847,-0.028654367946026937,-0.01195358034014582,-0.023602135431300963,-0.055826376969693836,-0.005335657319075149,0.0008385041086700351,-0.04139280292501446,0.006080774707889702
2023-09-30,-0.0030348270861935145,-0.00853861440870396,-0.04680102910413775,-0.045142649905786314,0.022877697841726663,0.009100819021888862,0.01301959367933514,-0.00854557640750675,-0.015869440000271906,0.007494536284749387
2023-10-31,-0.022313079499056143,-0.04535005566312256,-0.05432232387884861,-0.02174738091244699,-0.03812069208046143,-0.029834035915801915,-0.00921175040427924,0.07926314010478275,-0.005522505377721587,0.004719337510649346
2023-11-30,0.04335943216512872,0.04116461278015149,0.0930682914053742,0.0873767735890505,0.023252412986253246,0.03287681414899546,0.041253779442956384,-0.017851550266207328,0.024715086388958474,0.008279539601095731
2023-12-31,0.04503431766604238,0.09520144579844425,0.016548730394018385,0.055288899739583286,0.037301700728883835,0.032596039818541644,0.001978266158382924,0.0063775510204082675,0.034901323920743854,0.018634064036199938
2024-01-31,0.005790297927611432,-0.021993781037705884,-0.0853734639289968,0.019710211538328082,-0.012124552218241935,-0.0423689181947412,0.07289223109396081,-0.005544993662864428,-0.014034377824498012,-0.00284177211604153
2024-02-29,0.04775608384694352,0.04318591697004548,0.04334242537420585,0.04592768296808525,0.0009762900976291178,0.044348849717578576,0.06366260423348291,0.0033455472359407157,0.0022886480255506214,-0.00530229175613528
2024-03-31,0.035637687046433664,0.05925727764231281,0.0744888807462758,0.032222351233287094,0.048488226278389224,0.030248750457370077,0.04802209035420635,0.0847888218482058,0.028510984088638613,0.007876409782087368
2024-04-30,-0.03040098224630583,-0.05506468272817999,-0.0272694211822353,-0.033970886883570306,0.028970099667774196,0.0030880045053802707,-0.007317179109980976,0.04508196721311486,-0.007213641489921763,-0.005683520351009053
2024-05-31,0.03173965621304298,0.027843738146877017,-0.008223319767536319,0.038650381521082355,0.02130956993413413,0.005854024167662564,0.016135539796195086,-0.0019607843137254832,0.01064589555296469,0.005080924579427881
2024-06-30,0.0272107999433433,-0.016635888364943896,0.006532717115943054,0.03873724153346059,-0.01049570055639859,0.03305180442064026,0.030785524587350288,0.005613247263541954,-0.010887384833003444,0.007188052802729272
2024-07-31,0.00026535063047927743,0.07043349062953852,0.02496255531001368,-0.0008808920577902946,0.024281150159744413,-0.006569946698775975,-0.027463071064485867,0.023025397711414985,0.053582595730744975,0.009703090554585181
2024-08-31,-0.0006592978951572848,-0.024416546659380423,-0.01875305484681611,0.02939015298028469,0.007860262008733576,-0.01547221403475485,-0.013413313158840645,0.011321784204064933,0.0022416295420948362,0.003166341877497647
2024-09-30,0.005392526733870806,-0.00029550393327371083,0.014891994551677001,0.011848596224141472,-0.015536023768259466,0.040260959999228074,-0.018515202489448157,0.0299433504181279,0.008261326356739263,0.004024261983831767
2024-10-31,0.011099918256616492,0.0225114947215308,0.018464198566517265,-0.02059818201251773,-0.015906947500785917,0.0009444745592941395,0.010981446867731393,0.08407543216343627,0.023605123631138092,-0.006837465641171936
2024-11-30,0.06185559917658723,0.1100331228435063,0.07936127431497364,0.034572192295915904,0.026386404293381016,-0.006629305767163474,0.015504586095967277,-0.016429089151969056,0.040265466747534395,0.009258559187064863
2024-12-31,-0.015125149413070083,-0.06746395619148804,-0.03882088770337666,-0.03160674815806208,-0.012387177093059476,-0.005396672635790689,0.02986993830927931,-0.006140997297961137,-0.054140818803045554,0.0007448883914924487
2025-01-31,0.050909150082485866,0.04255183359303305,0.15293363936848636,0.03335729105716534,0.06340602546325469,0.03181459468934089,0.015428382755726666,0.08452792881858628,0.02334150253595979,0.004433015210346447
2025-02-28,-0.03777659126938293,-0.05183637239354433,-0.022434134106414705,-0.01961880629225987,0.018018018018018056,-0.0025791025782602173,-0.033061681722972636,0.001823154056517673,-0.0043046110252923375,0.005968055002209205
2025-03-31,-0.059428565991757165,-0.04924157083176417,-0.034705793968587195,-0.045983507037591353,-0.019387517466231907,-0.015188370044316946,-0.00118511289246781,0.06756141947224759,-0.004182360267410368,0.0023730092238207767
2025-04-30,-0.03175536333318574,-0.04934000024472074,-0.02404001792230026,0.0025289819377889433,-0.007777711809060173,0.01045935407210763,-0.007646292200047089,0.026209247815895953,-0.026059737189932375,0.011916003580776602
2025-05-31,0.05619423330144535,0.06147539989358086,0.04882837446249155,0.04941388724164608,0.037458113930110004,0.06116539669630372,0.049065566437422214,-0.01557308970099669,-0.005136334157268441,-0.0017156392741688453
2025-06-30,0.023689088626498433,0.021967775052218252,0.03470847159281498,0.032239801186957795,-0.00023070711731454363,0.06321052315216824,0.028366405208264833,-0.017506855093862073,-0.007881748558344115,0.006562032696756592
2025-07-31,0.05447496856972478,0.041037005258937276,0.018178141650510016,0.007945230562393046,0.04361370716510904,0.005988079641679578,0.03300225230303622,0.039287247745813714,0.03922528531355751,0.0027772014699380954
2025-08-31,0.0083036408410615,0.049430546291512556,0.01913594884557801,0.01861912317334702,0.011608623548922115,0.026785678082699382,0.03631877929689287,0.023342284651931333,-0.013688838677605508,0.001025942379154321
2025-09-30,0.026117661420036686,0.004710259721030452,0.005129682354455323,0.02548370566883884,0.0180327868852459,0.05393373878642871,0.027760817066067034,0.11929753734356074,0.022381566772131656,0.0017344779595067639
2025-10-31,0.037032784877669034,0.013886372004635827,-0.004333143522908478,0.014246698048498985,0.04251207729468609,0.02985955199318968,0.09431427388967606,0.06239855725879173,0.017532161239754318,0.00857859240732628
2025-11-30,0.006744043094059071,0.030611691260692186,0.021179833459321618,0.009941652333720796,0.0030892801977140394,-0.006103952302931148,0.007602551524162227,0.047869631641487054,0.018210240969335212,0.0028092121019520633
2025-12-31,0.004227963142885871,0.009086770173478032,0.011270030141853793,0.018417336293870434,0.024330150908530968,0.02629304181788239,0.015767226711488336,0.007127814676818334,-0.029454886665552293,0.004980151049601034
2026-01-31,0.017114097704350684,0.04063485683989221,0.020696751355471443,0.02831125760072961,0.03277209861695729,0.07414680253813799,0.04779989511329408,0.13479170017693431,0.012629618754021354,0.000962502598365278
2026-02-28,0.04526400353539306,0.07690648472754269,0.036884157732397505,0.014069177744634231,0.06938379427462404,0.052402545407284284,0.09708802384903725,0.0688873139617292,0.11062584306422263,0.008207725696801615
2026-03-31,-0.052458364788955714,-0.033497378209921935,-0.06822404157800532,-0.07750273064979885,-0.06215970961887474,-0.11356495602685879,-0.09620403251187604,-0.10011934756663576,-0.018270199173089363,-0.01495110498715757
2026-04-30,0.06714066033768695,0.05741748475186581,0.06647673121680064,0.08803320572173945,0.022012578616352307,0.1241952544125835,0.06931707451191205,-0.026672561155319796,0.004780590241696636,0.0032581347269629024
2026-05-31,0.05119273079055087,0.02334154164941693,0.03365982793032263,0.03396089771574551,0.007573964497041397,0.09080340726419922,0.06404418497466735,-0.002119606358819026,-0.024590759038938703,0.00689111086401617
2026-06-30,0.01778155622671007,0.02424965869222473,0.020416911438688956,0.011409537068861608,0.010335917312661591,-0.00616342695083949,0.032687122249522416,-0.10559854346836595,0.034146341463414664,0.0047199375484376915
2026-07-31,-0.009507999257915789,0.014885099010888192,0.024314098412944185,0.0027347066764764616,0.03464310625435951,-0.08177015737896975,-0.02270248601506708,-0.002714164546225639,0.017857142857142794,-0.020357018863695675
