date,equity,cash,n_positions,benchmark
2021-07-01,988.5469669793902,604.9521352191722,1,1000.2408073560446
2021-07-02,997.4819070882733,0.0,3,1005.9007449225342
2021-07-05,1012.3489002956235,0.0,3,1009.7543057522088
2021-07-06,985.7465444184584,3.0236135669804867,3,1004.0943681857192
2021-07-07,966.0766556339165,3.0236135669804867,3,1008.4296356036202
2021-07-08,969.2382450026615,64.80776179954353,3,997.4711093189139
2021-07-09,984.4729428000738,64.80776179954353,3,1010.3564619565262
2021-07-12,984.5701273346438,0.0,4,1014.4508301422454
2021-07-13,988.8502230506251,0.0,4,1015.8959499069249
2021-07-14,997.332883589368,0.0,4,1012.6444534054303
2021-07-15,991.5240220020851,0.0,4,1008.6705348358022
2021-07-16,987.1615755512007,0.0,4,1004.8169740061276
2021-07-19,969.5200917263533,0.0,4,984.8265640373462
2021-07-20,982.9341641478285,0.0,4,994.2196128174194
2021-07-21,985.6900028625707,0.0,4,1004.2148178018101
2021-07-22,989.1177854809644,329.2242493803465,3,1007.4663143033047
2021-07-23,992.8258360632498,530.676379925669,2,1017.4614274115579
2021-07-26,993.6399654493916,0.0,3,1019.6290611205085
2021-07-27,986.6949419628561,0.0,3,1011.9219394611594
2021-07-28,990.5591719501816,0.0,3,1016.8593630833778
2021-07-29,996.845142506429,0.0,3,1024.2052277705916
2021-07-30,991.2648524112584,0.0,3,1017.1001704394224
2021-08-02,994.7903009774174,0.0,3,1022.880557622003
2021-08-03,989.3158885538039,0.0,3,1018.9065471762375
2021-08-04,990.6303199990737,0.0,3,1021.91714444555
2021-08-05,994.4861507512567,0.0,3,1026.4932192194956
2021-08-06,990.1625397379144,0.0,3,1025.7707052752246
2021-08-09,978.1882746856197,0.0,3,1026.0115126312692
2021-08-10,975.5668483873974,0.0,3,1026.6136688355866
2021-08-11,975.9678061311752,0.0,3,1029.3834587488545
2021-08-12,978.3646988630246,0.0,3,1030.8284866373967
2021-08-13,984.4527675755435,0.0,3,1035.1637540552979
2021-08-16,978.0140859844148,0.0,3,1030.3467800491703
2021-08-17,971.5476094545043,0.0,3,1028.058788600266
2021-08-18,970.8194381540138,0.0,3,1026.7341184516777
2021-08-19,953.5696512710883,8.222163819336117,3,1014.8120871143809
2021-08-20,962.2801313451556,0.0,4,1020.110767708735
2021-08-23,976.366105837016,197.4861831687925,3,1032.6348633742118
2021-08-24,984.4979637903559,0.0,4,1034.8024970831623
2021-08-25,985.7800527873463,0.0,4,1036.4884242038863
2021-08-26,977.2193302474941,0.0,4,1032.9961203463474
2021-08-27,981.6610928107455,0.0,4,1038.656057912837
2021-08-31,996.1754156336476,0.0,4,1042.991325330738
2021-09-01,1003.2933036104162,0.0,4,1046.483629188277
2021-09-02,1006.1604531276791,0.0,4,1049.9759330458162
2021-09-03,1003.0146471898299,0.0,4,1049.8554834297252
2021-09-06,1011.1160438903185,0.0,4,1055.1541640240794
2021-09-07,1005.7412158352925,0.0,4,1047.6878497207747
2021-09-08,1010.313957034006,0.0,4,1041.7871047982405
2021-09-09,1004.6392360557168,0.0,4,1044.5568028353712
2021-09-10,1003.5003548238565,382.10335900953766,3,1039.9807280614255
2021-09-13,997.0751597232058,196.65017423796394,3,1035.7659102596153
2021-09-14,996.4357576626693,0.0,4,1036.3679745877955
2021-09-15,1002.0273953790424,0.0,4,1033.1165699624382
2021-09-16,1003.3644218350123,0.0,4,1032.7553129903029
2021-09-17,999.9938154997124,2.293121426466314,4,1028.1791463402196
2021-09-20,986.7852414667677,2.293121426466314,4,1009.2725991639822
2021-09-21,961.0886238624789,2.293121426466314,4,1016.0163995230158
2021-09-22,968.4662804956729,0.0,4,1022.5193006498674
2021-09-23,982.2864923501381,0.0,4,1032.3940560181672
2021-09-24,993.2602351211226,0.0,4,1027.215825039904
2021-09-27,1013.4597475796692,794.3777286767303,2,1028.058788600266
2021-09-28,1014.5186147280785,0.0,4,1007.2254150711227
2021-09-29,1012.4144028578772,0.0,4,1008.9113421918468
2021-09-30,1008.2117085359961,0.0,4,1003.9740104457655
2021-10-01,1010.2069625112524,0.0,4,999.2774860557289
2021-10-04,1020.2208234082912,0.0,4,989.7639876595647
2021-10-05,1032.4601043051232,0.0,3,1005.7802953064432
2021-10-06,1012.9559546567199,0.0,3,992.1724287245598
2021-10-07,1023.9753181788816,0.0,3,1016.9797208233315
2021-10-08,1034.100793937171,0.0,3,1012.8853526376123
2021-10-11,1038.562923775026,0.0,3,1015.6550506747429
2021-10-12,1033.0108778096196,0.0,3,1005.7802953064432
2021-10-13,1037.5206560949625,0.0,3,1005.5394879503987
2021-10-14,1074.1476989316582,0.0,3,1023.4826219501831
2021-10-15,1066.601371555921,3.9891955889522706,3,1032.5144137581208
2021-10-18,1062.2260772985046,3.9891955889522706,3,1033.3573773184828
2021-10-19,1068.5500000764712,434.44212086302156,2,1041.425847826105
2021-10-20,1077.1908490557134,0.0,4,1045.7610233678686
2021-10-21,1060.5269098857602,0.0,4,1043.2321326867825
2021-10-22,1070.393946256586,0.0,4,1044.9180598075066
2021-10-25,1110.5887101249918,0.0,4,1049.1329694854542
2021-10-26,1100.0738738680077,0.0,4,1054.552007819762
2021-10-27,1101.6290719284912,0.0,4,1050.3371900179516
2021-10-28,1082.571559524972,0.0,4,1055.394971380124
2021-10-29,1077.1353341376882,0.0,5,1053.9498516154442
2021-11-01,1079.7886508391427,0.0,5,1059.2485322097984
2021-11-02,1083.19051641146,0.0,5,1061.7774228908845
2021-11-03,1087.108472779992,840.6142701900988,2,1062.0183221230664
2021-11-04,1087.3998257411267,407.54284706696717,3,1069.7254437824156
2021-11-05,1084.4064023643864,0.0,4,1076.4691522653118
2021-11-08,1082.0282354220976,0.0,4,1076.2283449092672
2021-11-09,1032.4436644478324,131.90961063374743,4,1072.1338848474106
2021-11-10,1027.1061493404736,99.82901900741092,4,1071.050113931004
2021-11-11,1032.2243544832454,0.0,5,1066.1126903087857
2021-11-12,1023.0160126519339,0.0,5,1071.4113709031396
2021-11-15,1011.2046488980789,0.0,5,1074.1810689402703
2021-11-16,1010.686045237525,0.0,5,1075.6261887049498
2021-11-17,1002.9289147985644,0.0,5,1071.6521782591842
2021-11-18,1003.3414749679273,0.0,5,1072.0134352313198
2021-11-19,998.8698986870615,0.0,5,1072.2543344635017
2021-11-22,1000.2656525705524,0.0,5,1072.4951418195462
2021-11-23,1003.5582694250503,0.0,5,1059.850688414116
2021-11-24,1011.8210323043766,0.0,5,1061.53661553484
2021-11-25,1015.5006112195392,217.27118352200313,3,1066.1126903087857
2021-11-26,968.711786800106,415.6297878180953,2,1039.2582141171545
2021-11-29,982.3807682311106,0.0,3,1047.4470423647301
2021-11-30,976.8929774660093,0.0,3,1034.3207904949359
2021-12-01,984.1836848787589,0.0,3,1050.4576396340426
2021-12-02,957.5704657738908,957.5704657738908,0,1030.5876792813522
2021-12-03,936.7735926691473,0.0,3,1026.7341184516777
2021-12-06,933.0021421005933,0.0,3,1036.6088738199774
2021-12-07,969.1095249114622,0.0,3,1060.5732023583869
2021-12-08,972.3680286003548,972.3680286003548,0,1060.452752742296
2021-12-09,972.961245393021,583.4208171602129,1,1059.2485322097984
2021-12-10,973.0577545568212,0.0,3,1055.8766779683504
2021-12-13,974.0241378436357,0.0,3,1052.3843741108112
2021-12-14,968.4176508811075,0.0,3,1041.064498977832
2021-12-15,967.6225081610781,0.0,3,1040.341985033561
2021-12-16,970.0172006860697,22.714965808564898,3,1060.3323950023423
2021-12-17,956.5386122541797,0.0,4,1048.7716206371813
2021-12-20,934.9337614525041,0.0,4,1026.9749258077222
2021-12-21,943.867396357324,0.0,4,1041.907462538194
2021-12-22,948.8315246577122,0.0,4,1058.4055686494364
2021-12-23,952.8442540674114,0.0,4,1067.9190670456005
2021-12-24,953.2236087916633,190.52960946151433,2,1069.36418681028
2021-12-29,958.411348818991,0.0,3,1078.9980429463978
2021-12-30,960.6242683717077,0.0,3,1081.8881905996195
2021-12-31,957.1950400913024,0.0,3,1076.348702649221
2022-01-04,959.2556876752335,0.0,3,1081.2861262714393
2022-01-05,957.1455038728103,0.0,3,1081.0452270392575
2022-01-06,948.6793624056343,0.0,3,1062.259129479111
2022-01-07,947.2125289672628,0.0,3,1058.4055686494364
2022-01-10,936.067919594052,0.0,3,1043.4730319189646
2022-01-11,949.9436197094341,0.0,3,1059.4894314419803
2022-01-12,965.5522624675708,0.0,4,1070.5684073427776
2022-01-13,968.3569069639847,0.0,4,1071.1704716709578
2022-01-14,974.8418385606504,0.0,4,1052.3843741108112
2022-01-17,987.0463731824836,0.0,4,1059.1280825937074
2022-01-18,987.4007941879527,0.0,4,1041.184948593923
2022-01-19,994.1624589046233,0.0,4,1038.535608296746
2022-01-20,1001.1888350529531,0.0,4,1045.640665627915
2022-01-21,983.3278137398937,0.0,4,1021.91714444555
2022-01-24,958.603997413073,0.0,4,977.4806993501326
2022-01-25,984.2889845566125,0.0,4,985.5490779816172
2022-01-26,996.405142766929,0.0,3,1006.2620018946697
2022-01-27,999.0531779596594,0.0,3,999.3978437956825
2022-01-28,992.7857781797783,0.0,3,990.0047950156093
2022-01-31,1001.6203475379564,0.0,3,1011.5606824890237
2022-02-01,1003.5334769186649,0.0,3,1024.2052277705916
2022-02-02,1005.953834124682,0.0,3,1031.7918998138498
2022-02-03,1009.2064186288094,210.97125569438816,2,1025.0481913309536
2022-02-04,1014.4517522488458,0.0,3,1016.4981061112424
2022-02-07,1011.1809237268494,0.0,3,1021.91714444555
2022-02-08,995.0597457073243,0.0,3,1023.9643285384096
2022-02-09,1016.3613653395585,0.0,4,1040.4624346496519
2022-02-10,1023.4689773995749,0.0,4,1038.1743513246104
2022-02-11,1026.1169171735683,0.0,4,1023.8438789223186
2022-02-14,1030.4826409329366,388.5841967382128,3,1006.2620018946697
2022-02-15,1021.5621538215939,0.0,4,1019.0269967923284
2022-02-16,1024.7397094419116,0.3972483932552109,4,1015.2937937026074
2022-02-17,1018.9302645648054,0.3972483932552109,4,1010.9585262847063
2022-02-18,1021.2444721483628,0.3972483932552109,4,996.2668887864164
2022-02-21,1020.0261670583737,184.54924991196557,3,985.1878210094817
2022-02-22,1029.7032683493633,0.0,4,987.8371613066588
2022-02-23,1031.8148229138237,0.0,4,978.6849198826301
2022-02-24,1027.086437961389,0.0,4,952.7938568674518
2022-02-25,1028.4311835682486,7.000108213552494,4,991.5702725202424
2022-02-28,1030.948622029408,0.0,4,995.5442829660079
2022-03-01,1053.1745248270292,0.0,4,977.7215985823144
2022-03-02,1033.5148252620388,0.0,5,989.0413818391563
2022-03-03,1062.8815376562793,0.0,5,981.0934528237625
2022-03-04,1075.601700845541,0.0,5,959.2967579943034
2022-03-07,1145.4496629952046,0.0,5,949.9036173380929
2022-03-08,1171.477555140799,0.3213789863178249,5,931.7196759822639
2022-03-09,1173.573082646291,0.0,5,963.1503188239781
2022-03-10,1180.3854201367894,0.0,5,949.9036173380929
2022-03-11,1200.6584562441087,0.0,5,954.8410409603115
2022-03-14,1156.8059708143783,75.75663520888361,5,947.9768828613243
2022-03-15,1147.997798431286,0.0,5,954.4797839881759
2022-03-16,1165.9123111802387,361.1321990937726,3,978.08285555445
2022-03-17,1176.5665654910754,560.0113827706984,2,990.7273089598804
2022-03-18,1177.9869418076235,692.903435270425,1,1001.9267344767686
2022-03-21,1195.7468994956573,0.0,3,1005.1782309782632
2022-03-22,1201.98311210462,492.4741632322067,2,1015.2937937026074
2022-03-23,1224.0089306734528,0.0,4,1011.3198751329792
2022-03-24,1231.5939220372602,0.0,4,1010.5972693125708
2022-03-25,1251.5334954506206,0.0,4,1015.2937937026074
2022-03-28,1240.1691887815352,0.0,5,1016.2572068790604
2022-03-29,1241.4259866414945,0.0,5,1037.2109381481575
2022-03-30,1252.6042760425662,0.0,5,1037.3313877642483
2022-03-31,1255.533351333311,0.0,5,1030.5876792813522
2022-04-01,1265.723936716165,0.0,5,1020.351666940917
2022-04-04,1269.6005008238344,251.1841277464414,4,1028.6608529284463
2022-04-05,1263.318611686768,0.0,5,1025.8911548913156
2022-04-06,1250.864586244867,40.940782987557064,4,1004.0943681857192
2022-04-07,1242.7470101538113,0.0,5,1001.3246701485886
2022-04-08,1272.992966423183,0.0,5,1012.4036460493858
2022-04-11,1238.757766616577,144.5309208722453,4,998.6753298514114
2022-04-12,1257.7648509395872,425.9375438839687,2,1001.4451197646795
2022-04-13,1253.0036091998566,425.9375438839687,2,997.350659702823
2022-04-14,1257.3732669395872,0.0,3,997.1098523467784
2022-04-19,1257.3769937333948,0.0,3,997.1098523467784
2022-04-20,1254.0941369195698,0.0,3,1004.8169740061276
2022-04-21,1249.1080163104325,0.0,3,1004.4557170339921
2022-04-22,1210.90179443998,0.0,3,975.0722582851374
2022-04-25,1145.3018061492953,0.0,3,951.5895444588169
2022-04-26,1163.2525331254794,490.7632964354922,2,947.1339193009622
2022-04-27,1161.572325935107,490.7632964354922,2,946.5317630966448
2022-04-28,1169.6233717417822,490.7632964354922,2,948.3381398334598
2022-04-29,1192.4546149442456,500.02077762411204,2,953.1551138395874
2022-05-03,1250.8077237463103,0.0,4,945.3275425641473
2022-05-04,1252.4856894709358,539.3948851693262,3,934.7302732515765
2022-05-05,1261.4073823737267,0.0,5,934.971080607621
2022-05-06,1276.5445144238652,0.0,5,926.1801880318652
2022-05-09,1205.1027575277917,0.0,5,898.7234637597792
2022-05-10,1192.4275989412713,0.0,5,892.1002048929739
2022-05-11,1227.5947329349488,0.0,5,905.5876218587664
2022-05-12,1225.0245465053108,159.57594473054118,4,884.9951475618049
2022-05-13,1254.5383744578191,0.0,4,906.5510350352193
2022-05-16,1285.354998960882,0.0,4,902.9383734377267
2022-05-17,1312.4488456329295,53.100398767367665,3,918.8343233446516
2022-05-18,1290.399323032856,0.0,4,902.4566668495002
2022-05-19,1298.4089551841337,0.0,4,892.5819114812004
2022-05-20,1290.8641612101035,0.0,4,886.5607169425753
2022-05-23,1323.5799471426726,0.0,4,908.7186687441699
2022-05-24,1330.0068012933832,0.0,4,891.859305660792
2022-05-25,1361.9579187370823,0.0,4,903.4199881498158
2022-05-26,1394.0061021148047,0.0,4,921.1223147935557
2022-05-27,1397.9750456815452,0.0,4,936.777457344436
2022-05-30,1422.283739024089,0.0,4,950.0240669541838
2022-05-31,1423.4296784008247,0.0,4,936.0549434001649
2022-06-01,1415.15011120088,488.6588451706456,2,927.9864728925429
2022-06-06,1435.5075261405814,0.0,3,939.0655406694775
2022-06-07,1438.1465879367806,0.0,3,936.1753011401186
2022-06-08,1463.1495650303004,0.0,3,941.112724762337
2022-06-09,1436.6504222292556,0.0,3,926.3005457718189
2022-06-10,1418.3078516427129,0.0,3,886.3198177103934
2022-06-13,1383.6044881047026,333.2263007569252,2,858.7427356983537
2022-06-14,1323.9143682883541,0.0,3,850.1926504786425
2022-06-15,1334.878800288947,0.0,3,855.8525880451322
2022-06-16,1293.0612621869432,54.925348349492594,3,836.4643342806681
2022-06-17,1261.6047682701492,512.4125273771608,2,835.2601137481706
2022-06-20,1233.3294749673767,395.498719860793,2,845.1348691164703
2022-06-21,1231.3532930063918,736.3831089585783,1,856.6955516054942
2022-06-22,1226.3524835484461,736.3831089585783,1,857.8997721379917
2022-06-23,1196.1157454553452,0.0,3,853.6849543361816
2022-06-24,1200.6946710735006,0.0,3,876.5655119581846
2022-06-27,1203.0209060685895,488.6380015789254,2,884.8747898218512
2022-06-28,1226.5588035010724,886.9703180308281,1,877.4084755185467
2022-06-29,1234.8308327558643,1234.8308327558643,0,865.4865360573873
2022-06-30,1225.5578588482847,776.4307361936087,1,855.0096244847701
2022-07-01,1234.5891167045133,0.0,3,855.7321384290411
2022-07-04,1256.8169365466658,0.0,3,861.2716263794398
2022-07-05,1189.1053074500571,449.91202285129356,2,844.6531625282439
2022-07-06,1188.8476336878339,759.6728205904687,1,856.2138450172677
2022-07-07,1195.5022218810295,1195.5022218810295,0,872.5915015124191
2022-07-08,1195.5022218810295,1195.5022218810295,0,879.2148522553616
2022-07-11,1195.5022218810295,1195.5022218810295,0,866.449857357703
2022-07-12,1194.7508125634984,717.3013331286177,1,867.4132705341559
2022-07-13,1217.924974018636,240.95740278291743,2,854.6483675126345
2022-07-14,1223.8406735302165,240.95740278291743,2,841.7630148750222
2022-07-15,1218.5365295803897,260.179692280227,2,863.6801593205723
2022-07-18,1266.3576459582548,799.793215588181,1,873.4344650727811
2022-07-19,1270.655978231346,799.793215588181,1,880.5395224039502
2022-07-20,1290.6702135015203,767.5822601286476,1,890.4142777722499
2022-07-21,1326.686113313227,767.5822601286476,1,891.859305660792
2022-07-22,1348.9816441302123,767.5822601286476,1,893.063618069427
2022-07-25,1349.9678201213742,1349.9678201213742,0,893.3044254254715
2022-07-26,1349.9678201213742,1349.9678201213742,0,883.0684130850362
2022-07-27,1349.9678201213742,1349.9678201213742,0,892.9431684533359
2022-07-28,1337.425077675369,0.0,3,907.7552555677169
2022-07-29,1348.477224149056,0.0,3,918.4729744963787
2022-08-01,1307.6451749548019,0.0,3,927.3844085643627
2022-08-02,1309.4533822508142,0.0,3,921.7244709978731
2022-08-03,1281.001648905109,0.0,3,925.0963252393212
2022-08-04,1296.3721443317113,0.0,3,928.4681794807693
2022-08-05,1297.6246672966092,0.0,3,921.4835717656912
2022-08-08,1317.9273782982712,0.0,3,932.9238965147614
2022-08-09,1331.828050110261,0.0,4,923.7716550907328
2022-08-10,1342.8894525417936,0.0,4,942.4373949109256
2022-08-11,1368.9478103124393,0.0,4,948.2176902173688
2022-08-12,1400.0567262831134,0.0,4,949.3015530099128
2022-08-15,1417.8608344011063,0.0,4,953.5163708117229
2022-08-16,1412.2078361743206,0.0,4,957.4903812574885
2022-08-17,1410.9804356141535,0.0,4,948.9402960377772
2022-08-18,1418.8604335643931,0.0,4,952.0712510470435
2022-08-19,1410.5806301756631,0.0,4,938.7041918212046
2022-08-22,1403.7816006722514,0.0,4,923.4103981185972
2022-08-23,1407.6307429314952,0.0,4,921.2427644096466
2022-08-24,1416.3981127428108,0.0,4,923.4103981185972
2022-08-25,1422.6615783905581,0.0,4,926.6618027439544
2022-08-26,1411.6468766836817,0.0,4,916.5462400196101
2022-08-30,1367.4707265223608,0.0,4,893.3044254254715
2022-08-31,1372.5534747028387,0.0,5,888.2466440632993
2022-09-01,1360.9629866550806,0.0,5,872.5915015124191
2022-09-02,1353.2202476358639,446.8953513609546,3,892.3410122490185
2022-09-05,1363.4823368314057,546.8761239379481,2,877.1675762863647
2022-09-06,1334.1608180575397,546.8761239379481,2,875.2408418095961
2022-09-07,1298.9167699992086,378.86857830661177,2,874.7591352213695
2022-09-08,1300.3335534744197,785.9979963484175,1,888.4874514193439
2022-09-09,1301.894501935883,785.9979963484175,1,903.0587311776803
2022-09-12,1309.6290932156585,789.2194983596936,1,917.1483962239275
2022-09-13,1287.580039809151,0.0,3,889.6916719518415
2022-09-14,1286.6460270193402,0.0,3,882.3458072646278
2022-09-15,1275.9435374800296,0.0,3,876.6859615742756
2022-09-16,1257.4637870192723,0.0,3,863.1984527323458
2022-09-20,1280.9983827834167,301.88312306939406,2,860.6695620512597
2022-09-21,1290.1786275389848,301.88312306939406,2,862.7167461441193
2022-09-22,1285.7507615784402,301.88312306939406,2,839.7158307821627
2022-09-23,1260.326267862058,0.0,3,821.7726049062409
2022-09-26,1249.2920410304175,0.0,3,815.0288964233447
2022-09-27,1263.9700841495253,882.1250905619926,1,813.7042262747561
2022-09-28,1259.707962292075,1259.707962292075,0,817.4373374883397
2022-09-29,1240.7945720252308,755.824777375245,1,810.452821649399
2022-09-30,1256.2251308419056,0.0,3,817.4373374883397
2022-10-03,1213.2994752193974,0.0,3,818.2803010487017
2022-10-04,1238.4604184662649,0.0,3,848.025016769692
2022-10-05,1231.711599592494,768.5379400576128,1,836.4643342806681
2022-10-06,1228.8850037476577,274.8011391824638,2,841.1608586707048
2022-10-07,1221.318852452175,0.0,3,820.3275770176988
2022-10-10,1214.396928622311,0.0,3,808.8872522686286
2022-10-11,1202.8182079292735,495.23730875764727,2,806.96051779186
2022-10-12,1188.401651156507,267.1686629107164,3,801.9026445535504
2022-10-13,1190.4896069332665,267.1686629107164,3,808.1647383243575
2022-10-14,1193.8408705016975,229.4889715223664,3,808.2851879404485
2022-10-17,1187.6638774674118,229.4889715223664,3,822.4952107266492
2022-10-18,1182.0825992110042,229.4889715223664,3,825.7466153520064
2022-10-19,1186.9155554897188,493.02506530534504,2,824.9036517916444
2022-10-20,1201.6348654726205,115.77215228604905,3,829.1184695934545
2022-10-21,1210.715559105065,611.514588387382,2,824.5423948195089
2022-10-24,1203.540991631462,0.0,4,839.2341241939362
2022-10-25,1191.9253330633903,0.0,4,855.8525880451322
2022-10-26,1188.2789198952262,331.9110610323196,2,866.449857357703
2022-10-27,1185.7933549399506,783.3616398621477,1,858.1406713701737
2022-10-28,1171.9638826495873,12.44867652720518,3,859.1039926704892
2022-10-31,1187.6583995547312,0.0,4,861.3920759955308
2022-11-01,1198.8164480893763,0.0,4,859.8265984908977
2022-11-02,1186.007961358319,0.0,4,855.3708814569056
2022-11-03,1196.4405331058479,0.0,4,836.4643342806681
2022-11-04,1210.8299796557965,0.0,4,842.8467857914288
2022-11-07,1205.0721261466795,0.0,4,853.444146980137
2022-11-08,1191.1458413100343,0.0,4,868.4971333266999
2022-11-09,1171.5727597428247,0.0,4,855.9730376612231
2022-11-10,1136.6488315855077,0.0,4,886.8015242986198
2022-11-11,1149.0293994397625,0.0,4,897.0375366390551
2022-11-14,1147.1371651286358,0.0,4,902.9383734377267
2022-11-15,1143.1852490084511,0.0,4,911.488458657438
2022-11-16,1129.8239089313902,276.39114216771804,3,900.2890331405497
2022-11-17,1128.5377866535198,665.6535297529884,2,889.8121215679324
2022-11-18,1126.8365923335396,0.0,4,898.4826564037346
2022-11-21,1107.4857884239416,0.0,4,892.2205626329276
2022-11-22,1131.977528508604,0.0,4,901.1319967009117
2022-11-23,1126.9254379995507,0.0,4,912.4517799577535
2022-11-24,1133.7269883272893,0.0,4,917.509653196063
2022-11-25,1149.0938854632263,667.632666307127,2,915.1011202549306
2022-11-28,1106.2166759151414,235.989832657306,2,907.5144482116723
2022-11-29,1108.3231227546928,280.18662667855045,2,898.7234637597792
2022-11-30,1116.266299980995,280.18662667855045,2,902.4566668495002
2022-12-01,1116.0697208953893,0.0,3,927.6252159204073
2022-12-02,1108.4727423845216,0.0,3,923.4103981185972
2022-12-05,1099.031220443793,0.0,3,915.7032764592481
2022-12-06,1089.4150881886017,0.0,3,903.9016947380424
2022-12-07,1084.2699655642264,0.0,3,896.4354723108751
2022-12-08,1091.731900431574,0.0,3,904.2629517101778
2022-12-09,1089.8927145565283,0.0,3,908.2369621559434
2022-12-12,1081.2647692748988,435.09343539448406,2,902.4566668495002
2022-12-13,1095.3792011829846,435.09343539448406,2,925.9392887996833
2022-12-14,1093.1662171488808,0.0,4,924.3738112950502
2022-12-15,1062.3992603088147,0.0,4,891.979755276883
2022-12-16,1055.5923330501328,0.0,4,880.5395224039502
2022-12-19,1054.3907560480402,122.22447910244553,3,878.0106317228641
2022-12-20,1053.4631658986154,407.6162436754,2,876.4450623420936
2022-12-21,1063.7121758040691,774.6236911180229,1,890.5346355122035
2022-12-22,1064.3808200694225,774.6236911180229,1,875.4816491656406
2022-12-23,1062.8120693025335,774.6236911180229,1,881.1415867321302
2022-12-28,1059.2373543463607,774.6236911180229,1,875.8429980139135
2022-12-29,1066.4382063586472,774.6236911180229,1,885.8381111221669
2022-12-30,1065.9899534858896,348.48045467238535,2,881.3824859643122
2023-01-03,1071.8288915904056,642.1134422350949,1,878.4922464349532
2023-01-04,1082.257397655447,0.0,3,891.2572413326119
2023-01-05,1077.359262163576,0.0,3,878.8535952832261
2023-01-06,1086.6983120060956,0.0,3,894.9903525461956
2023-01-09,1092.7531343321098,0.0,3,911.9701652456644
2023-01-10,1093.5589252537657,0.0,3,900.8910974687298
2023-01-11,1096.071899186111,213.94808590470888,2,911.247559425256
2023-01-12,1107.5377987898687,0.0,3,918.352616756425
2023-01-13,1105.4740704326216,0.0,3,921.4835717656912
2023-01-16,1109.702964473136,442.5767485801656,2,926.7822523600453
2023-01-17,1096.8873686475627,3.634429317408035,3,927.7456655364983
2023-01-18,1095.6609484032638,0.0,4,924.2533616789592
2023-01-19,1073.4597843095567,0.0,4,908.4778613881253
2023-01-20,1088.4704161284337,0.0,4,919.0751307006961
2023-01-23,1102.1009259128937,0.0,4,934.85063099153
2023-01-24,1091.8481844149383,0.0,4,934.007667431168
2023-01-25,1083.7147553179207,0.0,4,927.3844085643627
2023-01-26,1093.8741527430238,0.0,4,935.693594551892
2023-01-27,1097.6859487159807,0.0,4,944.7253863598297
2023-01-30,1086.8792402243955,0.0,4,939.9085042298395
2023-01-31,1088.0105625859549,0.0,4,939.1858984094312
2023-02-01,1085.0436004367546,0.0,4,943.5211658273322
2023-02-02,1101.6139916905474,0.0,4,965.6792095050641
2023-02-03,1101.8711002010307,0.0,4,963.3911261800226
2023-02-06,1090.5068052715485,0.0,4,948.8198464216863
2023-02-07,1090.1471504570738,0.0,4,947.9768828613243
2023-02-08,1086.2454707993377,0.0,4,948.9402960377772
2023-02-09,1088.5841282365038,0.0,4,952.3121502792253
2023-02-10,1085.187500073207,0.0,4,941.5944313505636
2023-02-13,1098.0878609091023,0.0,4,951.1079297467278
2023-02-14,1092.3891239092732,0.0,4,947.2543689170532
2023-02-15,1105.1044787152757,6.226047519196243,3,950.9874801306369
2023-02-16,1108.3919106095414,0.0,3,951.7099940749079
2023-02-17,1103.0542603392591,0.0,3,938.583834081251
2023-02-20,1104.2617482824994,0.0,3,942.3169452948347
2023-02-21,1098.086763343429,0.0,3,931.9604833383084
2023-02-22,1100.2034014940045,0.0,3,928.2273721247248
2023-02-23,1096.5273082007373,0.0,3,924.3738112950502
2023-02-24,1085.3371103152072,0.849376368059211,3,916.425790403519
2023-02-27,1094.4216369898973,219.30475792911085,2,924.2533616789592
2023-02-28,1093.2292640694686,219.30475792911085,2,923.1695907625526
2023-03-01,1089.7156569382407,660.298735749571,1,918.4729744963787
2023-03-02,1089.1625635190023,660.298735749571,1,916.9074969917456
2023-03-03,1092.4692806209987,1092.4692806209987,0,932.4421899265349
2023-03-06,1091.5774051622855,655.4815683725992,1,942.7986518830612
2023-03-07,1078.4026305081281,0.0,3,927.6252159204073
2023-03-08,1082.0107123722044,0.0,3,924.6146186510948
2023-03-09,1074.541724715446,0.0,3,927.3844085643627
2023-03-10,1056.8895797675832,0.0,3,914.2581566945686
2023-03-13,1021.7250826353218,0.0,3,899.4460695801876
2023-03-14,1037.0792370006266,0.0,3,910.8863024531204
2023-03-15,1022.3811456221637,0.0,3,888.2466440632993
2023-03-16,1037.3918808185026,0.0,3,906.3102276791748
2023-03-17,1037.250332505674,214.8248734511081,2,903.4199881498158
2023-03-20,1028.1253388410607,0.0,3,908.1166044159897
2023-03-21,1028.8403988153011,0.0,4,919.7976446449671
2023-03-22,1031.400933319465,0.0,4,923.1695907625526
2023-03-23,1042.3771840846098,0.0,4,924.7350682671857
2023-03-24,1034.389086579286,0.0,4,909.9228892766674
2023-03-27,1030.6235362676216,0.0,4,919.6772869050136
2023-03-28,1023.8088722944193,0.0,4,920.2793512331937
2023-03-29,1033.7567628961247,0.0,4,929.5520422733133
2023-03-30,1046.2327049941766,392.987921699865,3,938.8246414372956
2023-03-31,1055.4465791172993,0.0,4,946.8930200687803
2023-04-03,1047.3479146252432,0.0,4,950.8670305145458
2023-04-04,1039.825246347393,0.0,4,951.4691867188633
2023-04-05,1031.5913593274477,0.0,4,946.2909557406002
2023-04-06,1033.6567939946588,0.0,4,947.1339193009622
2023-04-11,1041.1271351099908,0.0,4,952.7938568674518
2023-04-12,1036.4907403820512,0.0,4,954.6001417281295
2023-04-13,1041.5907855691853,0.0,4,959.7783727063926
2023-04-14,1045.9460261195995,0.0,4,960.7417858828456
2023-04-17,1045.9894491805708,0.0,4,959.1763083782125
2023-04-18,1044.3401380213768,0.0,4,965.0770533007467
2023-04-19,1033.4501077033055,0.0,4,962.7889699757052
2023-04-20,1033.8325495066106,73.3585062176532,3,960.9826851150275
2023-04-21,1024.2917469936228,0.0,4,960.7417858828456
2023-04-24,1011.9930836207159,0.0,4,961.2234924710721
2023-04-25,1008.6794816477076,0.0,4,956.4065184649445
2023-04-26,1010.4205181484932,0.0,4,952.0712510470435
2023-04-27,1014.8989144946895,0.0,4,954.359334372085
2023-04-28,1018.1109687155388,0.0,4,964.8362459447021
2023-05-02,1027.6993631635507,380.040433325564,3,950.5057735424103
2023-05-03,1035.891432671287,380.040433325564,3,957.731188613533
2023-05-04,1040.7708178900832,596.6747015530067,2,946.5317630966448
2023-05-05,1040.6877144527364,624.1832596443312,1,960.7417858828456
2023-05-09,1033.9544048902303,624.1832596443312,1,961.5847494432077
2023-05-10,1034.5303045033645,264.3123434999497,2,961.7051990592986
2023-05-11,1023.2621946115543,0.0,3,958.9354091460306
2023-05-12,1014.8110562449549,0.0,3,958.0924455856685
2023-05-15,1021.4921259776704,408.7786005793026,2,961.2234924710721
2023-05-16,1015.664126802986,408.7786005793026,2,958.694601789986
2023-05-17,1011.2070292446122,3.146014217891036,3,958.694601789986
2023-05-18,1015.9560425140164,3.1135792835438565,3,967.2446870096973
2023-05-19,1024.8748599743462,3.1135792835438565,3,971.3391470715537
2023-05-22,1039.5057891354252,3.1135792835438565,3,973.0250741922779
2023-05-23,1038.3638391693855,3.1135792835438565,3,968.2081001861502
2023-05-24,1018.1494978089775,3.1135792835438565,3,952.0712510470435
2023-05-25,1013.0648646665252,0.0,3,952.7938568674518
2023-05-26,1028.3514123174753,0.0,3,964.9566036846558
2023-05-30,1018.1574972752321,0.0,3,965.9200168611087
2023-05-31,1007.5334844651334,0.0,3,954.359334372085
2023-06-01,1013.8179463991415,0.0,4,966.2812738332443
2023-06-02,1021.7882014409099,0.0,4,982.5384807123047
2023-06-05,1022.2710732411763,0.0,4,984.3448574491197
2023-06-06,1028.254714771847,0.0,4,983.8631508608931
2023-06-07,1025.1517113829977,0.0,4,983.6223435048486
2023-06-08,1018.604211683175,0.0,4,984.7061144212552
2023-06-09,1021.5697991727336,0.0,4,987.2350969784786
2023-06-12,1029.6889932615034,0.0,4,990.0047950156093
2023-06-13,1038.5487779993377,0.0,4,1002.4084410649951
2023-06-14,1049.8790785648812,0.0,4,1008.0683786314847
2023-06-15,1055.7427812875326,0.0,4,1012.2831964332948
2023-06-16,1051.9361752108373,0.0,4,1015.7755002908339
2023-06-19,1048.5959116902302,0.0,4,1009.9952049843907
2023-06-20,1049.5895580047036,179.89390557900245,3,1003.0105972693126
2023-06-21,1046.3197453652494,179.89390557900245,3,1002.649340297177
2023-06-22,1044.037490007132,0.0,4,1000.0
2023-06-23,1044.6515395762858,0.0,4,992.7745849288773
2023-06-26,1043.538425254469,0.0,4,993.2562915171038
2023-06-27,1037.167611797255,0.0,4,996.2668887864164
2023-06-28,1051.654377601439,0.0,4,1001.9267344767686
2023-06-29,1045.4210953431796,0.0,3,1003.1310468854035
2023-06-30,1049.6004910292008,0.0,3,1014.6917293744273
2023-07-03,1056.7021603881262,0.0,3,1016.4981061112424
2023-07-04,1054.003144561268,0.0,3,1016.8593630833778
2023-07-05,1051.6014561356005,0.0,3,1013.9691235540189
2023-07-06,1035.0062472885804,0.0,3,996.6281457585519
2023-07-07,1037.6497769938992,0.0,3,1004.4557170339921
2023-07-10,1038.9396405195048,0.0,3,1002.8901476532216
2023-07-11,1043.64860332514,0.0,3,1007.8275712754402
2023-07-12,1055.8311620004265,0.0,3,1024.566484742727
2023-07-13,1051.5983655730142,0.0,3,1030.9489362534878
2023-07-14,1052.6687180158053,0.0,4,1035.6454606435243
2023-07-17,1059.2776480409686,0.0,4,1033.8390839067094
2023-07-18,1067.3188669740277,0.0,4,1038.8968652688816
2023-07-19,1085.1256821701038,0.0,4,1044.9180598075066
2023-07-20,1063.3962540255466,0.0,4,1040.582884265743
2023-07-21,1056.716871068984,0.0,4,1039.7398288292436
2023-07-24,1055.9794878142463,0.0,4,1040.4624346496519
2023-07-25,1059.9493971677905,0.0,4,1042.750426098556
2023-07-26,1053.6689374317539,0.0,4,1041.425847826105
2023-07-27,1064.6501375484602,0.0,5,1049.0125198693631
2023-07-28,1041.2262083261703,0.0,5,1048.4103636650457
2023-07-31,1055.4748676509446,0.0,5,1049.0125198693631
2023-08-01,1048.966132757832,0.0,5,1042.268811386467
2023-08-02,1043.6550599667135,0.0,5,1029.1425595166727
2023-08-03,1040.2091320438171,0.0,5,1024.6868424826807
2023-08-04,1047.094314290398,0.0,5,1031.4306428417142
2023-08-07,1033.8578402171206,0.0,5,1025.409448303089
2023-08-08,1025.424966575638,0.0,5,1018.424840588011
2023-08-09,1041.7872281518896,0.0,5,1020.110767708735
2023-08-10,1048.6983940654109,0.0,5,1028.781302544537
2023-08-11,1039.734847865241,1039.734847865241,0,1015.8959499069249
2023-08-14,1039.734847865241,1039.734847865241,0,1019.0269967923284
2023-08-15,1037.8830687238897,685.7380700886324,1,1012.7649030215214
2023-08-16,1038.1718495523878,271.2114375263588,2,1008.7908925757558
2023-08-17,1024.9125567447136,0.0,3,999.3978437956825
2023-08-18,1027.4383719970122,0.0,3,991.6907221363333
2023-08-21,1034.2848677384325,0.0,3,993.6175484892393
2023-08-22,1051.877730612943,0.0,3,1000.0
2023-08-23,1060.852077855907,413.98187886426814,2,1006.5029011268516
2023-08-24,1056.6628801499905,707.6508262728842,1,1000.6020643281801
2023-08-25,1053.6865572332258,707.6508262728842,1,996.2668887864164
2023-08-29,1066.6883511812898,707.6508262728842,1,1018.30439097192
2023-08-30,1063.8299414599019,639.8376061080909,1,1025.8911548913156
2023-08-31,1071.2650588514127,639.8376061080909,1,1025.52989791918
2023-09-01,1085.0254696065726,0.0,3,1025.52989791918
2023-09-04,1081.6214906573523,0.0,3,1025.2889986869982
2023-09-05,1090.725545119082,0.0,3,1022.037594061641
2023-09-06,1091.4128790510688,0.0,3,1013.1261599936569
2023-09-07,1085.496234073382,0.0,3,1011.1994255168883
2023-09-08,1090.1263413941597,0.0,3,1014.5712797583363
2023-09-11,1084.7976817864846,0.0,3,1017.1001704394224
2023-09-12,1090.1584004713586,0.0,3,1016.8593630833778
2023-09-13,1088.1457773450013,0.0,4,1016.6184638511959
2023-09-14,1102.9561509476212,0.0,4,1023.2418145941385
2023-09-15,1100.79962354176,0.0,4,1018.7860975601465
2023-09-18,1099.7086524458236,0.0,4,1016.0163995230158
2023-09-19,1100.0289380564807,0.0,4,1010.1155627243443
2023-09-20,1093.230518119406,0.0,4,1016.8593630833778
2023-09-21,1079.1045461388412,0.0,4,995.3034756099634
2023-09-22,1079.9622252311985,0.0,4,994.3400624335104
2023-09-25,1079.9354478634,0.0,4,987.5963539506142
2023-09-26,1081.9829743405323,0.0,4,978.3236629104946
2023-09-27,1092.7746348655958,443.81441682365977,2,975.9152218454994
2023-09-28,1086.842486373323,0.0,4,982.1772237401691
2023-09-29,1081.6496025939487,647.4390808579786,2,984.2244997091661
2023-10-02,1074.622426214043,647.4390808579786,2,977.119442377997
2023-10-03,1072.1216375326283,1009.4802166661029,1,959.8988223224836
2023-10-04,1072.4754052831906,621.8146441414455,2,962.307355263616
2023-10-05,1069.413347131021,0.0,3,964.2340897403847
2023-10-06,1083.3678465706341,0.0,3,974.8313590529555
2023-10-09,1083.4957550683534,393.8648588793839,2,977.3603416101789
2023-10-10,1095.81306609377,393.8648588793839,2,996.507696142461
2023-10-11,1086.5828082948785,0.0,3,993.9788054613748
2023-10-12,1083.9600616893892,690.5234282397234,1,995.3034756099634
2023-10-13,1084.1807706657075,0.0,3,984.9470136534371
2023-10-16,1118.3455577392817,0.0,3,993.2562915171038
2023-10-17,1132.2992122414228,0.0,3,994.3400624335104
2023-10-18,1121.7833063449334,436.4292790327804,2,983.8631508608931
2023-10-19,1120.108884808489,436.4292790327804,2,976.998992761906
2023-10-20,1097.3010549606754,0.0,3,960.6213362667546
2023-10-23,1090.6283746306751,0.0,3,961.5847494432077
2023-10-24,1103.2805638190084,0.0,3,962.0664560314341
2023-10-25,1093.046668784185,0.0,3,958.3333448178505
2023-10-26,1068.0727925746073,0.0,3,945.3275425641473
2023-10-27,1066.5646894796369,785.3036455681809,1,943.0394592391057
2023-10-30,1062.2428661117488,785.3036455681809,1,944.9662855920117
2023-10-31,1075.5035155340497,377.3444459349062,2,949.5423603659574
2023-11-01,1082.695339711239,0.0,3,957.851638229624
2023-11-02,1094.5505723275492,0.0,3,979.046268730903
2023-11-03,1076.3178260751765,0.0,3,995.5442829660079
2023-11-06,1059.0648193554168,0.0,3,993.2562915171038
2023-11-07,1059.5112652852936,402.1946048278771,2,994.3400624335104
2023-11-08,1054.502832546418,349.0351757846501,2,992.1724287245598
2023-11-09,1060.2695091176656,349.0351757846501,2,996.8689531145965
2023-11-10,1059.9925997125358,0.0,3,990.9682081920623
2023-11-13,1057.850452488759,0.0,3,1000.3612569721355
2023-11-14,1088.4843172845751,0.0,3,1022.037594061641
2023-11-15,1095.6500285945717,0.0,3,1025.7707052752246
2023-11-16,1086.0290358462726,0.0,3,1019.7495107365995
2023-11-17,1091.9977120448946,0.0,3,1025.6502556591336
2023-11-20,1098.744149432237,0.0,3,1032.0327071698944
2023-11-21,1094.0985546596355,0.0,3,1031.5510924578052
2023-11-22,1093.6549731360974,316.761465203431,2,1035.0433044392068
2023-11-23,1089.581367190408,0.0,3,1037.0905804082038
2023-11-24,1087.4859504741376,0.0,3,1037.692644736384
2023-11-27,1089.1545809719842,0.0,3,1035.8862679995689
2023-11-28,1091.6863202949467,0.0,3,1039.378571857108
2023-11-29,1091.6346212347642,0.0,4,1037.9335439685658
2023-11-30,1088.2369379643692,0.0,4,1036.729231559931
2023-12-01,1095.1224525927828,0.0,4,1045.2794086557794
2023-12-04,1092.9757630354773,0.0,4,1039.0173148849724
2023-12-05,1086.8565686554687,0.0,4,1041.7871047982405
2023-12-06,1085.764736119985,0.0,4,1042.3891691264205
2023-12-07,1082.5441117377209,0.0,4,1044.0750962471445
2023-12-08,1082.527286341256,0.0,4,1046.9653357765035
2023-12-11,1069.4863563108506,0.0,4,1050.0962907857697
2023-12-12,1067.0553944089952,0.0,4,1053.7090442594
2023-12-13,1066.6797119749135,0.0,4,1057.92386206121
2023-12-14,1075.9909912321793,0.0,4,1078.2755290021269
2023-12-15,1089.7888420151996,0.0,4,1077.3121158256738
2023-12-18,1096.4499536700532,0.0,4,1078.6367859742625
2023-12-19,1099.0111498289436,0.0,4,1085.019237485023
2023-12-20,1105.6867974979446,0.0,4,1087.3073208100645
2023-12-21,1104.925854355221,0.0,4,1081.647383243575
2023-12-22,1103.4005840391978,0.0,4,1085.3804944571586
2023-12-27,1115.7835545903467,0.0,4,1093.9305796768697
2023-12-28,1109.6549249974564,0.0,4,1095.1348920855048
2023-12-29,1115.1713453780308,0.0,4,1095.2552498254583
2024-01-02,1099.6500552194207,0.0,4,1084.176273924661
2024-01-03,1073.3594695362021,0.0,4,1075.7466383210408
2024-01-04,1065.625529601488,0.0,4,1079.7206487668063
2024-01-05,1064.248003882785,0.0,4,1078.1550793860358
2024-01-08,1066.2437883811851,0.0,4,1081.0452270392575
2024-01-09,1075.7845893449917,654.4060322621967,2,1084.05582430857
2024-01-10,1082.4250812665705,654.4060322621967,2,1087.4277704261556
2024-01-11,1082.2479888216797,220.56724038484072,3,1082.2495394478924
2024-01-12,1093.964925420843,0.0,3,1092.3651021722367
2024-01-15,1098.1637285241043,0.0,3,1091.160881639739
2024-01-16,1088.539068250081,0.0,3,1087.9093851382447
2024-01-17,1071.8159328096185,0.0,3,1076.5896018814028
2024-01-18,1079.2675738354008,0.0,3,1082.490346803937
2024-01-19,1087.447020309805,0.0,3,1088.5115413425622
2024-01-22,1098.8889422282446,0.0,3,1100.915187391948
2024-01-23,1099.320358306669,0.0,3,1096.8208192062289
2024-01-24,1107.3793154815037,0.0,3,1109.58572222775
2024-01-25,1104.2303152102902,0.0,4,1107.4180885187996
2024-01-26,1103.9679213912887,265.61787235987913,3,1112.114612908836
2024-01-29,1106.8531635157706,0.0,4,1110.0674288159767
2024-01-30,1113.4101019522243,0.0,4,1116.8111372988728
2024-01-31,1092.0803289851415,0.0,4,1110.549135404203
2024-02-01,1089.0870556918046,0.0,4,1106.8160241906194
2024-02-02,1076.1441185830877,0.0,4,1117.6541008592349
2024-02-05,1072.5684921972643,0.0,4,1113.3188334413337
2024-02-06,1081.8934148650087,0.0,4,1118.1358074474613
2024-02-07,1089.842967752754,0.0,4,1124.638708574313
2024-02-08,1098.7892697906993,0.0,3,1125.1204151625395
2024-02-09,1112.0921211267319,0.0,3,1128.853526376123
2024-02-12,1117.7320842887295,0.0,3,1137.7649604441071
2024-02-13,1093.5336478024606,0.0,3,1120.182991540321
2024-02-14,1097.224440392798,0.45565948605013773,3,1123.1935888096334
2024-02-15,1100.3933639899135,0.45565948605013773,3,1131.2620593172555
2024-02-16,1102.5270310845478,0.45565948605013773,3,1138.3670247722873
2024-02-19,1107.362523489478,0.0,3,1135.3564275029746
2024-02-20,1098.2934855037383,0.0,3,1129.094425608305
2024-02-21,1098.9261618928804,0.0,3,1127.5288562275346
2024-02-22,1114.1701337647976,0.0,3,1146.555853019863
2024-02-23,1113.7654607689888,0.0,3,1151.6136343820351
2024-02-26,1114.477545373239,0.0,3,1150.168606493493
2024-02-27,1116.4192766875058,0.0,3,1149.20519331704
2024-02-28,1107.519301693943,0.0,3,1147.519266196316
2024-02-29,1105.4497386259668,0.0,3,1147.6397158124068
2024-03-01,1108.1831267565888,0.0,3,1157.8757281528422
2024-03-04,1105.0314051340033,0.0,3,1161.0067750382457
2024-03-05,1104.4694378781865,0.0,3,1153.540460734941
2024-03-06,1117.0959029876976,0.0,3,1161.3680320103813
2024-03-07,1117.724658102573,0.0,3,1170.6406311743635
2024-03-08,1112.0580460524218,0.0,3,1171.8448517068612
2024-03-11,1102.3445412593662,0.0,3,1162.2109955707433
2024-03-12,1107.761359235697,0.0,3,1171.242787378681
2024-03-13,1107.2033370198742,0.0,3,1174.2533846479935
2024-03-14,1109.7980305637047,0.0,3,1168.9547040536395
2024-03-15,1112.7234932053357,0.0,3,1161.2475823942902
2024-03-18,1121.0593987716707,0.0,3,1170.279374202228
2024-03-19,1119.404058172491,0.0,3,1170.7610807904546
2024-03-20,1122.2856146292693,0.0,3,1173.049164115496
2024-03-21,1146.303997615997,0.0,3,1190.390141910963
2024-03-22,1142.313353713218,0.0,3,1184.248497756247
2024-03-25,1139.4010665094765,0.0,3,1183.405534195885
2024-03-26,1142.4940909130898,0.0,3,1185.0915531927462
2024-03-27,1136.4067681440747,0.0,3,1183.7668830441578
2024-03-28,1139.5868401870196,0.0,3,1189.3063709945563
2024-04-02,1136.995945685313,0.0,3,1176.0597613848086
2024-04-03,1151.3518086987503,0.0,3,1183.525983811976
2024-04-04,1154.4500814815983,0.0,3,1188.583765174148
2024-04-05,1141.1980812724128,0.0,3,1176.180119124762
2024-04-08,1142.912600594318,0.0,4,1181.5992493352073
2024-04-09,1140.9993226615957,0.0,4,1174.494192004038
2024-04-10,1142.987015955169,0.0,4,1167.50958428896
2024-04-11,1146.6702029860783,0.0,4,1165.823657168236
2024-04-12,1148.579869086678,0.0,4,1164.3786292796938
2024-04-15,1128.9212593575078,0.0,4,1161.1271327781994
2024-04-16,1120.5260707287675,382.22882248451265,3,1141.7388790137354
2024-04-17,1116.0541690831215,241.1515424720253,3,1137.1628042397897
2024-04-18,1116.184352407676,0.0,4,1142.3410352180529
2024-04-19,1117.3507650701342,0.0,4,1131.5028666733
2024-04-22,1107.5834137437134,0.0,3,1131.6233162893911
2024-04-23,1112.8546626436964,0.0,3,1150.4094138495375
2024-04-24,1117.6099270626733,0.0,3,1149.8073495213575
2024-04-25,1108.4725524489036,643.2468757238721,1,1138.0057678001517
2024-04-26,1117.8673370878619,0.0,3,1154.8651308835297
2024-04-29,1126.5330316360973,0.0,3,1158.7186917132042
2024-04-30,1114.5921237179464,0.0,3,1153.0587541467146
2024-05-01,1101.850725000559,0.0,3,1140.0529518930114
2024-05-02,1107.5935368114958,0.0,3,1145.59243984341
2024-05-03,1108.1060903397276,0.0,4,1163.6560234592855
2024-05-07,1112.6118885249073,0.0,4,1180.0336799544368
2024-05-08,1111.3978614334042,0.0,4,1176.7822753290795
2024-05-09,1106.556277585543,3.745509233351356,4,1182.4422128955694
2024-05-10,1110.350909181792,3.745509233351356,4,1186.2957737252439
2024-05-13,1117.4679496310584,3.745509233351356,4,1186.897838053424
2024-05-14,1129.7184675938533,3.745509233351356,4,1188.704214790239
2024-05-15,1144.3026856039537,0.0,4,1203.5163937807572
2024-05-16,1150.0021521302826,0.0,4,1208.6946247590204
2024-05-17,1147.5768700792541,0.0,4,1203.9981003689838
2024-05-20,1152.5738575001794,0.0,3,1210.3805518797444
2024-05-21,1151.9467541641566,0.0,3,1206.1657340779343
2024-05-22,1152.5131640802713,0.0,3,1205.4431282575258
2024-05-23,1157.700701046838,0.0,3,1204.3593573411192
2024-05-24,1158.9734363749812,0.0,3,1203.636751520711
2024-05-28,1150.295781702657,0.0,3,1203.2754945485754
2024-05-29,1146.3736680942893,0.0,3,1191.474004703507
2024-05-30,1136.2855962699803,0.0,3,1191.8352616756424
2024-05-31,1124.0075067029832,0.0,3,1184.4893969884288
2024-06-03,1143.0441036050022,0.0,3,1197.8564562142676
2024-06-04,1099.19985854957,0.0,4,1194.123345000684
2024-06-05,1113.2027118285855,0.0,4,1207.369954610432
2024-06-06,1122.5261439112471,0.0,4,1212.9094425608305
2024-06-07,1126.8019124090047,0.0,4,1211.584772412242
2024-06-10,1119.502469968647,0.0,4,1208.935432115065
2024-06-11,1113.626263151783,0.0,4,1205.8043852296614
2024-06-12,1122.25979131346,0.0,4,1224.3496754337634
2024-06-13,1125.9105574824323,0.0,4,1215.5587828580076
2024-06-14,1130.132529271732,0.0,4,1211.9460293843774
2024-06-17,1132.6069935693156,0.0,4,1214.5953696815545
2024-06-18,1140.0752274924985,0.0,3,1223.3862622573104
2024-06-19,1143.2986283673931,0.0,3,1225.6743455823519
2024-06-20,1153.3561166180605,0.0,3,1227.6011719352578
2024-06-21,1145.9315105009446,0.0,3,1219.1714444555003
2024-06-24,1152.27615089243,0.0,3,1226.7582083748957
2024-06-25,1157.3537205062646,0.0,3,1223.6271614894922
2024-06-26,1152.8004219824131,0.0,3,1220.2553072480441
2024-06-27,1156.0041713577884,0.0,3,1222.3024913409038
2024-06-28,1157.9175076306842,0.0,3,1228.6849428516643
2024-07-01,1142.1636235912965,0.0,3,1222.1820417248127
2024-07-02,1146.6259735928084,0.0,4,1225.4335382263073
2024-07-03,1144.5668303048933,0.0,4,1236.5125141271046
2024-07-04,1153.4162680035765,0.0,4,1240.8477815450058
2024-07-05,1151.6966731142793,0.0,4,1243.0154152539562
2024-07-08,1136.5319606338944,0.0,4,1245.905562907178
2024-07-09,1132.072966328432,0.0,4,1244.9421497307249
2024-07-10,1134.6844142709265,0.0,4,1251.9267574458029
2024-07-11,1132.719414061983,0.0,4,1254.3352903869354
2024-07-12,1135.127114615749,0.0,4,1264.9325596995063
2024-07-15,1134.334550512862,0.0,4,1265.8959728759592
2024-07-16,1128.1968846941359,872.5855542006116,1,1264.0895961391443
2024-07-17,1122.8040009597353,0.0,4,1256.5028322197486
2024-07-18,1122.718139824753,0.0,4,1246.5077191114954
2024-07-19,1112.991988855148,0.0,4,1236.7533214831492
2024-07-22,1112.0328599572713,0.0,4,1242.4132590496388
2024-07-23,1107.678859550769,249.5110404506167,3,1250.7225369133055
2024-07-24,1103.4418566601955,249.5110404506167,3,1229.2870990559818
2024-07-25,1098.5104866449406,0.0,4,1222.9046475452212
2024-07-26,1099.8682290227541,0.0,5,1225.0722812541717
2024-07-29,1100.1409364890455,0.0,5,1223.2659045173568
2024-07-30,1102.0483362500343,250.56244456892213,4,1223.1454549012658
2024-07-31,1113.2693697672653,0.0,4,1243.8583788143183
2024-08-01,1101.1991707162779,0.0,4,1226.3968595266228
2024-08-02,1079.6862435372122,185.98259807456748,3,1192.076069031687
2024-08-05,1051.6520948945172,0.0,3,1170.279374202228
2024-08-06,1061.1909754617952,0.0,3,1176.0597613848086
2024-08-07,1075.8031934087535,0.0,3,1193.03948220814
2024-08-08,1065.5458556319986,834.4285079690355,1,1190.8718484991896
2024-08-09,1072.328852537944,642.4706117779831,1,1197.1339422699966
2024-08-12,1073.3773833392838,213.33883605842493,2,1200.5057965114447
2024-08-13,1076.4585600991484,0.0,3,1214.234112709419
2024-08-14,1086.1687871905062,0.0,3,1225.0722812541717
2024-08-15,1075.3564007059667,0.0,3,1242.4132590496388
2024-08-16,1076.7056202938174,0.0,3,1244.8217919907713
2024-08-19,1081.7753219476126,0.0,3,1256.7437314519304
2024-08-20,1082.669207924371,0.0,3,1258.068401600519
2024-08-21,1086.7627861063752,0.0,3,1263.1261829626912
2024-08-22,1081.061048361315,0.0,3,1262.1627697862382
2024-08-23,1085.3338062786554,0.0,3,1271.5558185663115
2024-08-27,1081.855658648987,4.133470391335038,3,1268.3044139409544
2024-08-28,1077.3591611414463,4.133470391335038,3,1264.2100457552351
2024-08-29,1089.6286441083264,4.133470391335038,3,1273.4826449192174
2024-08-30,1083.4461467895958,4.133470391335038,3,1266.4980372041393
2024-09-02,1093.2752506871034,0.0,3,1275.4094712721235
2024-09-03,1081.019897817876,0.0,4,1259.031814776972
2024-09-04,1073.4865954337163,0.0,4,1249.1570594086722
2024-09-05,1077.1511952416615,0.0,4,1240.9682311610966
2024-09-06,1067.9597101413915,0.0,4,1226.3968595266228
2024-09-09,1064.044193596394,0.0,4,1234.2244308020631
2024-09-10,1071.668986792009,0.0,4,1235.187843978516
2024-09-11,1073.1559721859655,0.0,4,1227.6011719352578
2024-09-12,1080.6196389714623,0.0,4,1252.890170622256
2024-09-13,1102.5741424563216,0.0,4,1267.3410007645014
2024-09-16,1112.171074413405,0.0,4,1266.4980372041393
2024-09-17,1110.9984614432833,0.0,4,1273.723452275262
2024-09-18,1103.6242336699552,0.0,4,1267.1001934084568
2024-09-19,1112.4214300714168,0.0,4,1287.8131173215093
2024-09-20,1106.0743350304174,0.0,4,1279.5038394578426
2024-09-23,1110.671271794611,0.0,4,1287.6926677054182
2024-09-24,1114.9083085326602,0.0,4,1290.1011087704135
2024-09-25,1113.9230752209794,0.0,4,1290.703264974731
2024-09-26,1119.9288481925942,0.0,4,1296.724459513356
2024-09-27,1126.8537619159188,0.0,4,1299.373799810533
2024-09-30,1120.8674400642028,0.0,4,1293.5934126279524
2024-10-01,1118.993720385278,0.0,4,1286.6088049128743
2024-10-02,1116.4963133132433,373.22713302682257,3,1288.5356312657802
2024-10-03,1110.4267668315501,0.0,5,1282.2736293711107
2024-10-04,1119.142730735185,0.0,5,1284.2003638478793
2024-10-07,1115.9472681741079,0.0,5,1289.860301414369
2024-10-08,1107.9588923850854,0.0,5,1287.5722180893274
2024-10-09,1108.3156092803695,0.0,5,1295.3997893647675
2024-10-10,1106.3671680075322,0.0,5,1295.2793397486764
2024-10-11,1111.0163807966971,0.0,5,1303.1069110241167
2024-10-14,1110.2712234321539,0.0,5,1309.2485551788327
2024-10-15,1102.2577220338774,0.0,5,1305.0337373770226
2024-10-16,1111.0786853139055,0.0,5,1301.059726931257
2024-10-17,1109.3517702658598,0.0,4,1308.6463989745153
2024-10-18,1108.709230194749,0.0,4,1309.2485551788327
2024-10-21,1099.4383478811078,0.0,4,1299.7350567826686
2024-10-22,1091.0625748072848,0.0,4,1300.216763370895
2024-10-23,1076.8271304472537,0.0,4,1291.9074855072283
2024-10-24,1075.1727080950116,0.0,4,1292.268742479364
2024-10-25,1081.6527215186381,0.0,4,1299.494249426624
2024-10-28,1079.5508333650178,0.0,4,1299.0125428383974
2024-10-29,1077.032784499512,0.0,4,1297.3266157176733
2024-10-30,1080.5098064376696,0.0,4,1298.530836250171
2024-10-31,1067.6413857900786,0.0,4,1275.4094712721235
2024-11-01,1070.9476503791363,0.0,4,1283.8391068757437
2024-11-04,1066.181672038082,0.0,4,1278.420068541436
2024-11-05,1069.8443169157426,0.0,4,1287.8131173215093
2024-11-06,1101.2337094086092,439.22671790605,3,1305.2745447330672
2024-11-07,1108.3428334757757,0.0,5,1321.411393872174
2024-11-08,1117.6372606741254,0.0,5,1321.7726508443095
2024-11-11,1120.055032429087,0.0,5,1327.1916891786173
2024-11-12,1123.3733704108038,221.01129348341095,4,1316.955676838182
2024-11-13,1124.7525238233804,0.0,5,1317.1964841942265
2024-11-14,1122.4198982718246,0.0,5,1316.835227222091
2024-11-15,1111.0284673568888,0.0,5,1296.9652668694005
2024-11-18,1126.2518810345593,62.25794730299797,4,1303.1069110241167
2024-11-19,1126.1626845844412,0.0,5,1302.2639474637547
2024-11-20,1130.934764789776,0.0,5,1295.5202389808585
2024-11-21,1145.6805890178778,507.4540938394376,3,1309.8506195070129
2024-11-22,1155.542162081712,45.97397899710319,4,1313.5838225967339
2024-11-25,1143.7124873389166,0.0,5,1322.2543574325362
2024-11-26,1138.3290419725995,0.0,5,1322.1339078164451
2024-11-27,1136.2325061557485,0.0,5,1323.3381283489425
2024-11-28,1134.6331900378611,0.0,5,1326.7099825903908
2024-11-29,1137.4207969703887,0.0,5,1331.6474062126092
2024-12-02,1134.5772105399574,0.0,5,1334.0558472776045
2024-12-03,1134.0495141785022,0.0,5,1336.4643802187368
2024-12-04,1128.5705382816689,0.0,5,1343.9306026459042
2024-12-05,1129.7001680068288,0.0,5,1347.4229065034433
2024-12-06,1126.3929579697244,0.0,6,1348.1454204477143
2024-12-09,1120.3522230957415,0.0,6,1344.2918596180396
2024-12-10,1115.4207023956685,0.0,6,1338.02985772337
2024-12-11,1117.421891498469,0.0,6,1344.4123092341306
2024-12-12,1115.133711805689,0.0,6,1341.8834185530445
2024-12-13,1115.2685310764107,67.14138968980313,5,1334.537553865831
2024-12-16,1115.191417990557,0.0,5,1337.788958491188
2024-12-17,1111.8048234815262,0.0,5,1333.6945903054689
2024-12-18,1106.2504786878249,0.0,5,1333.0924341011514
2024-12-19,1090.5935112028587,0.0,5,1300.216763370895
2024-12-20,1099.50444679123,0.0,5,1308.6463989745153
2024-12-23,1100.4518827744823,0.0,5,1302.745654051981
2024-12-24,1105.9458139154558,47.847551196416404,4,1312.8612167763254
2024-12-27,1102.9573988868758,47.847551196416404,4,1312.6204094202808
2024-12-30,1095.3400167708683,343.242787201366,3,1299.9758641387132
2024-12-31,1095.3728438741373,791.6050439803311,1,1304.5520307887962
2025-01-02,1094.1990976833263,1094.1990976833263,0,1299.8555063987594
2025-01-03,1090.8175206147907,220.06763940390442,2,1303.468167996252
2025-01-06,1090.5903052051317,0.0,3,1324.7832481136222
2025-01-07,1086.0788024186952,0.0,3,1311.1752896556013
2025-01-08,1087.887703984736,0.0,3,1303.9498745844787
2025-01-09,1096.4660252610638,0.0,3,1303.7090672284342
2025-01-10,1097.4330239107653,0.0,3,1283.477849903608
2025-01-13,1100.616949840581,222.64430573897798,2,1278.420068541436
2025-01-14,1101.7468223847775,222.64430573897798,2,1286.4884471729208
2025-01-15,1120.63940373294,0.0,3,1303.5886176123431
2025-01-16,1119.7313442501902,0.0,3,1313.4633729806428
2025-01-17,1138.9233925626136,0.0,4,1323.6993853210781
2025-01-20,1135.3421657274018,0.0,4,1330.3227360640208
2025-01-21,1134.2536586079755,0.0,4,1332.8516267451068
2025-01-22,1154.5198606407273,0.0,4,1343.9306026459042
2025-01-23,1152.0490107004478,0.0,4,1345.6165297666282
2025-01-24,1146.0081687015909,0.0,4,1352.9623944538419
2025-01-27,1123.2096038714217,0.0,4,1329.238873271477
2025-01-28,1139.726926309131,0.0,4,1336.8256371908724
2025-01-29,1143.4752285538887,0.0,4,1340.0770418162294
2025-01-30,1145.7460769296438,0.0,4,1344.4123092341306
2025-01-31,1144.6127412288317,2.7505798355106776,3,1354.768771190657
2025-02-03,1150.9981436536912,2.7505798355106776,3,1331.0452500082918
2025-02-04,1151.962968341242,2.7505798355106776,3,1339.3545278719585
2025-02-05,1144.8501099778925,0.0,3,1341.7629689369535
2025-02-06,1165.555200467054,0.0,3,1351.0356599770732
2025-02-07,1162.736208655002,0.0,3,1344.051052261995
2025-02-10,1177.444946313103,0.0,3,1347.543356119534
2025-02-11,1178.4984200138433,0.0,3,1349.4700905963027
2025-02-12,1186.6541867959293,0.0,3,1342.2446755251801
2025-02-13,1197.4565579280386,0.0,3,1359.1040386085579
2025-02-14,1186.490440210995,3.6386354457022207,3,1364.5230769428656
2025-02-17,1190.438714653987,3.6386354457022207,3,1368.1358304164958
2025-02-18,1186.0922982051127,3.6386354457022207,3,1366.2090040635896
2025-02-19,1187.6931074123636,0.0,3,1364.402719202912
2025-02-20,1163.9040459654893,0.0,3,1358.5018824042404
2025-02-21,1159.4051826852224,0.0,3,1358.020175816014
2025-02-24,1138.5953159428523,0.0,3,1344.7735662062662
2025-02-25,1118.4974884817975,0.0,3,1328.0346527389793
2025-02-26,1139.4525281677288,236.23301128814285,2,1346.2186859709457
2025-02-27,1131.4451066720253,236.23301128814285,2,1336.4643802187368
2025-02-28,1123.34740731485,236.23301128814285,2,1321.411393872174
2025-03-03,1130.8305103741727,0.0,3,1336.7051875747813
2025-03-04,1122.4779378165633,0.0,3,1295.3997893647675
2025-03-05,1129.3810015607721,0.0,3,1305.9970586773384
2025-03-06,1134.0787844206238,684.893065454909,1,1317.798640398544
2025-03-07,1128.1719878013691,0.0,3,1295.158982008723
2025-03-10,1127.0284723915627,0.0,3,1285.8862909686034
2025-03-11,1118.9709271230495,0.0,3,1268.0636065849098
2025-03-12,1122.0173142102426,0.0,3,1280.2263534021135
2025-03-13,1114.5414943739052,0.0,3,1266.1367802320037
2025-03-14,1139.993721502943,0.0,3,1281.4306658107487
2025-03-17,1142.6257577413858,452.38592704294535,2,1292.389192095455
2025-03-18,1144.9472720304202,452.38592704294535,2,1288.5356312657802
2025-03-19,1145.3828950744826,906.4042266562658,1,1295.2793397486764
2025-03-20,1136.6803880815814,449.9707595166373,2,1295.640596720812
2025-03-21,1133.755343482711,0.0,3,1289.9807510304597
2025-03-24,1137.8157225624896,0.0,3,1308.7668485906063
2025-03-25,1142.1264359539027,0.0,3,1312.9816663924164
2025-03-26,1144.3812941674769,404.7937238631882,2,1304.0703242005698
2025-03-27,1141.6394151069485,46.27260356075561,3,1299.253350194442
2025-03-28,1127.4822958182074,0.0,4,1275.8910859842126
2025-03-31,1154.149069883264,0.0,4,1263.6078895509177
2025-04-01,1160.3636978469485,0.0,4,1279.5038394578426
2025-04-02,1159.0326521391185,0.0,4,1285.0433274082413
2025-04-03,1083.4707323816233,0.0,4,1244.3400854025447
2025-04-04,1046.6022115906726,0.0,4,1179.4316156262566
2025-04-07,1002.4805352471826,0.0,4,1136.4402902955187
2025-04-08,1013.281771204647,176.77982628097186,3,1175.9393117687175
2025-04-09,999.9435351900353,0.0,4,1136.6810976515633
2025-04-10,1027.2872169337593,0.0,4,1195.809272121408
2025-04-11,1028.07198901644,0.0,4,1199.5423833349917
2025-04-14,1040.1108314971802,224.79980421320803,3,1236.7533214831492
2025-04-15,1029.322486094915,640.5882543914871,2,1241.4498458731857
2025-04-16,1027.0487586144206,810.9618594917179,1,1232.8997606534745
2025-04-17,1026.0055884896371,810.9618594917179,1,1222.1820417248127
2025-04-22,1028.2913263698188,810.9618594917179,1,1223.2659045173568
2025-04-23,1034.0103171112546,1034.0103171112546,0,1249.0366097925814
2025-04-24,1034.0103171112546,1034.0103171112546,0,1257.7071446283835
2025-04-25,1029.262970330566,620.4061902667527,1,1264.8121100834153
2025-04-28,1029.1539177536101,620.4061902667527,1,1269.0269278852254
2025-04-29,1030.5060765289768,620.4061902667527,1,1276.2524348324855
2025-04-30,1033.5987560722979,0.0,3,1273.6030945353084
2025-05-01,1035.5101687445028,0.0,3,1297.446973457627
2025-05-02,1046.9167475721367,0.0,3,1305.7562513212938
2025-05-06,1058.9331057269778,0.0,3,1301.6617912594372
2025-05-07,1054.5718105918813,0.0,3,1295.0385323926319
2025-05-08,1047.1725226264684,0.0,3,1308.7668485906063
2025-05-09,1052.1086911383509,0.0,3,1305.7562513212938
2025-05-12,1044.3707867016133,0.0,4,1330.5635434200653
2025-05-13,1059.0849218744868,0.0,4,1347.0616495313077
2025-05-14,1056.08569407778,0.0,4,1346.8207502991256
2025-05-15,1055.8416081334476,202.93084979386754,3,1348.9883840080763
2025-05-16,1046.4355860592782,0.0,4,1354.648321574566
2025-05-19,1056.012296021203,0.0,4,1360.1878095249645
2025-05-20,1066.0333950280938,0.0,4,1363.1984067942772
2025-05-21,1069.8007463161746,200.76994986296555,3,1362.9575994382326
2025-05-22,1069.8017761695269,203.07154024565466,3,1345.85742899881
2025-05-23,1060.124584570156,0.0,4,1338.1503073394608
2025-05-27,1071.2176371432324,0.0,4,1359.826552552829
2025-05-28,1071.5705322956833,0.0,4,1356.33424869529
2025-05-29,1068.3023725463129,0.0,4,1358.863139376376
2025-05-30,1065.812430122709,438.8494419282032,2,1356.33424869529
2025-06-02,1082.3994661757636,0.0,4,1359.4652955806935
2025-06-03,1082.2090463084098,0.0,4,1370.5442714814908
2025-06-04,1084.647577682718,0.0,4,1376.4451082801622
2025-06-05,1095.260985321575,0.0,5,1379.937320261564
2025-06-06,1101.3386800737821,0.0,5,1379.2148063172929
2025-06-09,1103.8505320550453,0.0,4,1381.6233392584254
2025-06-10,1104.9515668304464,0.0,4,1381.984596230561
2025-06-11,1110.9355121262276,0.0,4,1389.9325252459548
2025-06-12,1097.8458775271297,0.0,4,1388.6078550973662
2025-06-13,1090.55265888586,0.0,4,1382.586660558741
2025-06-16,1097.386356861953,0.0,4,1389.3304609177746
2025-06-17,1096.0675242418256,0.0,4,1379.455705549475
2025-06-18,1098.0896941836486,0.0,4,1378.612741989113
2025-06-19,1083.7995367537005,0.0,4,1360.1878095249645
2025-06-20,1082.814536623613,0.0,4,1371.2668773018993
2025-06-23,1080.10949078053,0.0,4,1371.7485838901257
2025-06-24,1089.6262834918873,0.0,4,1393.304379487403
2025-06-25,1082.382297551646,0.0,4,1391.7389019827697
2025-06-26,1091.4574412615343,0.0,4,1403.1791348557026
2025-06-27,1089.3301654880956,0.0,5,1416.3053867254969
2025-06-30,1096.6948817068183,0.0,5,1416.9075429298143
2025-07-01,1099.2139847693563,0.0,5,1417.3891576419035
2025-07-02,1103.4790937059458,0.0,5,1422.4470308802129
2025-07-03,1119.2659676244011,0.0,4,1434.3689703413722
2025-07-04,1111.4687923907793,0.0,4,1426.782298298114
2025-07-07,1106.7392089717607,0.0,4,1425.69843550557
2025-07-08,1113.3799990127504,0.0,4,1421.9653242919865
2025-07-09,1114.4928035994726,0.0,4,1427.504812242385
2025-07-10,1112.6324241937368,0.0,4,1433.6464563971012
2025-07-11,1105.633935902401,3.1330853808771053,3,1427.2639130102032
2025-07-14,1110.2439160091485,3.1330853808771053,3,1428.468225418838
2025-07-15,1108.4100620029917,3.1330853808771053,3,1425.69843550557
2025-07-16,1106.9034332334645,321.6435904266577,2,1416.5461940815414
2025-07-17,1117.2585890276414,0.0,3,1431.5991804281043
2025-07-18,1125.5664020228814,0.0,3,1434.4894199574633
2025-07-21,1122.1785694601808,0.0,3,1442.678248205039
2025-07-22,1118.4230415010313,0.0,3,1436.5366040503227
2025-07-23,1120.6713581760241,0.0,3,1446.893066006849
2025-07-24,1139.3325816586164,0.0,3,1456.6473717590577
2025-07-25,1133.0251131457776,0.0,3,1454.6001876661983
2025-07-28,1130.311014837845,0.0,3,1452.6733613132922
2025-07-29,1129.5774212469319,0.0,3,1447.9768369232556
2025-07-30,1138.4618069856251,0.0,3,1447.01351562294
2025-07-31,1130.7086224421394,0.0,4,1446.050102446487
2025-08-01,1106.2003455624379,0.0,4,1416.4258363415877
2025-08-04,1119.8004770190457,0.0,4,1435.0914842856432
2025-08-05,1118.4516375896328,0.0,4,1433.2851075488284
2025-08-06,1121.4619549486542,0.0,4,1444.243725709672
2025-08-07,1125.0462578474014,651.3074890802443,2,1446.893066006849
2025-08-08,1134.4031265478027,0.0,4,1454.9614446383337
2025-08-11,1127.6720113484655,0.0,4,1455.8044081986957
2025-08-12,1132.7099975431574,0.0,4,1465.4383562109508
2025-08-13,1134.7025197845765,0.0,4,1472.9045786381182
2025-08-14,1121.5644633868862,0.0,4,1470.255238340941
2025-08-15,1124.4762928715488,0.0,4,1474.5905057588423
2025-08-18,1126.4815017908222,0.0,4,1471.9412573378027
2025-08-19,1134.3957430788264,0.0,4,1472.1820646938472
2025-08-20,1137.7665411515923,0.0,4,1462.5481166815919
2025-08-21,1140.1581720233835,3.2162902987164443,4,1462.789015913774
2025-08-22,1122.6987534817486,239.3624696077083,3,1483.62229756678
2025-08-26,1125.1541778996223,0.0,4,1470.4961375731232
2025-08-27,1119.2539826552868,0.0,4,1476.5173321117481
2025-08-28,1125.4357372464822,0.0,4,1480.6117002974675
2025-08-29,1132.6576018459566,0.0,4,1473.5067348424357
2025-09-01,1131.7209375787352,0.0,4,1477.7215526442458
2025-09-02,1133.361660505677,0.0,4,1455.6839585826049
2025-09-03,1138.842527881543,0.0,4,1468.4489534802635
2025-09-04,1131.019544872332,0.0,4,1475.9151759074307
2025-09-05,1137.0960247990965,0.0,4,1479.1666724089253
2025-09-08,1147.0217376807082,0.0,4,1488.198464216863
2025-09-09,1149.0847106023461,0.0,4,1485.5491239196858
2025-09-10,1152.7297492488208,47.94487354803738,3,1493.1357959629443
2025-09-11,1167.3106653620462,0.0,4,1504.8169280680588
2025-09-12,1150.068460221062,0.0,4,1503.010551331244
2025-09-15,1147.9679793081293,0.0,4,1510.717672990593
2025-09-16,1162.7901632672135,0.0,4,1507.466268365236
2025-09-17,1162.5490596181658,0.0,4,1507.466268365236
2025-09-18,1174.702268284159,0.0,4,1516.1368032010382
2025-09-19,1182.7550290409727,0.0,4,1511.560636550955
2025-09-22,1199.8539504475818,0.0,4,1519.6291070585771
2025-09-23,1203.4637673663892,693.1258520727167,2,1522.6397043278898
2025-09-24,1200.8376089475978,672.1050655936294,2,1514.0896191081786
2025-09-25,1199.7364530914147,0.0,3,1503.6127075355614
2025-09-26,1197.680517035508,0.0,3,1508.0684245695534
2025-09-29,1208.0856596810218,0.0,3,1516.4980601731736
2025-09-30,1199.5739804388536,0.0,3,1514.9325826685406
2025-10-01,1198.5424120538264,0.0,3,1524.8073380368403
2025-10-02,1203.4727103354362,0.0,4,1526.6136228975179
2025-10-03,1204.8371834755394,0.0,4,1539.3786177951768
2025-10-06,1200.375886446709,0.0,4,1540.1011317394477
2025-10-07,1202.4038063294024,0.0,4,1532.755267052234
2025-10-08,1204.6562577247635,1.838776252263358,4,1538.1743972626791
2025-10-09,1211.0781411979758,0.0,3,1531.791853875781
2025-10-10,1176.6368014837828,0.0,3,1511.1993795788196
2025-10-13,1198.5334195105015,0.0,3,1515.2938396406762
2025-10-14,1190.5347425086,0.0,3,1510.717672990593
2025-10-15,1203.985014875568,0.0,3,1526.734072513609
2025-10-16,1197.7429755542098,2.274393443913027,3,1528.2996418943794
2025-10-17,1192.7055029155772,2.274393443913027,3,1512.0423431391816
2025-10-20,1209.712304746753,2.274393443913027,3,1537.5722410583617
2025-10-21,1211.5042191856683,2.274393443913027,3,1536.9700848540442
2025-10-22,1216.5571324571224,2.274393443913027,3,1529.1426054547414
2025-10-23,1221.8456876493983,0.0,3,1533.9594875847317
2025-10-24,1203.1355099205146,0.0,3,1545.978999503777
2025-10-27,1227.354570121888,0.0,3,1560.8140556525002
2025-10-28,1243.8622572088364,0.0,3,1566.8352501911254
2025-10-29,1245.474374672152,0.0,3,1569.604948228256
2025-10-30,1237.983034369229,0.0,3,1558.5259723274587
2025-10-31,1233.7822780819038,0.0,3,1553.2272917331045
2025-11-03,1226.7859914106236,0.0,3,1554.3112464017859
2025-11-04,1230.927705455061,0.0,3,1543.9547844452597
2025-11-05,1228.4247665755715,0.0,3,1544.3160414173951
2025-11-06,1228.6864277891802,0.0,3,1531.310239163692
2025-11-07,1222.6356210690194,0.0,3,1516.6185097892646
2025-11-10,1237.4553181424749,0.0,3,1543.232086748714
2025-11-11,1241.1891218354658,0.0,3,1554.6725033739215
2025-11-12,1242.333610333063,0.0,3,1562.6203405131778
2025-11-13,1219.8039886636357,474.0475753938407,2,1550.216694463792
2025-11-14,1217.1592246008809,728.0293645622041,1,1542.2688573245357
2025-11-17,1204.2189052777314,0.0,3,1533.7186802286872
2025-11-18,1191.2356170720923,0.0,3,1509.7543516902774
2025-11-19,1189.0166927390962,0.0,4,1508.429681541689
2025-11-20,1190.9551332049928,0.0,4,1517.4614733496267
2025-11-21,1170.369966986531,0.0,4,1497.4710633808452
2025-11-24,1185.0731232884068,0.0,4,1519.9903640307127
2025-11-25,1185.3256213987381,0.0,4,1529.0221558386504
2025-11-26,1203.8925674860693,6.313839487008577,3,1552.38442004888
2025-11-27,1204.7448919961575,0.0,3,1550.216694463792
2025-11-28,1210.2586110299587,0.0,3,1556.5991459745528
2025-12-01,1203.2397698092614,0.0,3,1553.9498056773757
2025-12-02,1212.3052521851296,0.0,3,1551.5413646123804
2025-12-03,1210.3742687429071,0.0,3,1559.4893855039118
2025-12-04,1214.4977321128931,0.0,3,1562.4999827732242
2025-12-05,1213.8680389695403,0.0,3,1565.0289653304476
2025-12-08,1207.0440555392545,0.0,3,1561.1753126246358
2025-12-09,1213.1873895455133,0.0,3,1564.547166866084
2025-12-10,1204.4614800760319,0.0,3,1562.2590835410424
2025-12-11,1198.3729660213671,239.38236284303963,2,1569.9662052003914
2025-12-12,1196.0112537202622,0.0,3,1558.5259723274587
2025-12-15,1201.264458547345,0.0,3,1563.7042951818592
2025-12-16,1192.3182338661159,0.0,3,1555.033760346057
2025-12-17,1196.2682156725468,0.0,3,1546.2426840180265
2025-12-18,1199.5413638244113,955.6197405246339,1,1560.2118994481827
2025-12-19,1200.804652134676,0.0,3,1565.7514792747188
2025-12-22,1204.3002407342046,0.0,3,1573.940215646157
2025-12-23,1201.2331125490296,0.0,3,1579.1185385005576
2025-12-24,1203.8914725021136,0.0,3,1582.6107504819593
2025-12-29,1200.0461287106027,0.0,3,1579.1185385005576
2025-12-30,1202.2646947244255,0.0,3,1582.9720074540949
2025-12-31,1199.7376534522527,0.0,3,1578.8776392683756
2026-01-02,1192.781556439168,0.0,3,1574.5423718504746
2026-01-05,1205.3114712212343,0.0,3,1590.920028345626
2026-01-06,1213.9951596231526,0.0,3,1592.1243407542609
2026-01-07,1225.6140466552993,0.0,4,1596.700323652069
2026-01-08,1213.7946218607099,0.0,4,1589.234101224902
2026-01-09,1216.2036728015132,0.0,4,1599.4702054414745
2026-01-12,1217.1144194817543,0.0,4,1605.7321154600068
2026-01-13,1214.7010410640248,0.0,4,1603.0827751628299
2026-01-14,1207.5195532453347,0.0,4,1595.736910475616
2026-01-15,1214.3996150584385,0.0,4,1606.5751708965063
2026-01-16,1209.9618714147975,0.0,4,1603.0827751628299
2026-01-19,1197.8547313567665,0.0,4,1586.9460178998604
2026-01-20,1201.0030533499971,0.0,4,1584.2966776026833
2026-01-21,1201.4498418089631,0.0,3,1583.3332644262302
2026-01-22,1217.5258502959286,0.0,3,1598.145535292886
2026-01-23,1205.1331889173823,0.0,3,1597.7840945684757
2026-01-26,1212.3888361882439,0.0,3,1608.0201987850483
2026-01-27,1226.427804128702,0.0,3,1618.978816945892
2026-01-28,1221.2598075149535,0.0,3,1613.198521639449
2026-01-29,1216.7349520331804,0.0,3,1601.7581050142412
2026-01-30,1213.1929603177055,0.0,3,1604.768702283554
2026-02-02,1220.6606026458337,0.0,3,1612.716723175085
2026-02-03,1221.5983706222826,0.0,3,1606.3342716643242
2026-02-04,1220.4355081267138,0.0,3,1600.0721778935172
2026-02-05,1209.5044644709967,0.0,3,1584.0557783705015
2026-02-06,1224.1075477776435,0.0,3,1602.3602612185587
2026-02-09,1236.9369577595476,0.0,3,1621.8688727229762
2026-02-10,1232.7618349864413,0.0,3,1626.2041401408774
2026-02-11,1241.5073868644452,0.0,3,1622.2303134473866
2026-02-12,1233.1998492827886,0.0,3,1605.9730146921888
2026-02-13,1242.6286502328917,0.0,3,1605.0096015157358
2026-02-16,1240.4113495616593,0.0,3,1598.9884069771106
2026-02-17,1246.9987351498387,0.0,3,1599.7109209213818
2026-02-18,1248.277856357728,1.1673378454289605,3,1615.7273204443975
2026-02-19,1260.79829953449,1.1673378454289605,3,1607.4180425807308
2026-02-20,1282.2710634163495,1.1673378454289605,3,1612.8370809150385
2026-02-23,1321.9067074198224,1.1673378454289605,3,1604.768702283554
2026-02-24,1322.760663090514,0.0,4,1609.344868933637
2026-02-25,1332.8348790340528,0.0,4,1623.7956990758823
2026-02-26,1331.6378342974908,0.0,4,1619.219716178074
2026-02-27,1338.75387246714,0.0,4,1616.9316328530324
2026-03-02,1318.5143163763958,0.0,4,1602.3602612185587
2026-03-03,1286.3347180404176,0.0,4,1570.809260636891
2026-03-04,1299.1450203154754,0.0,4,1595.3756535034806
2026-03-05,1284.5798956641697,0.0,4,1577.793868351969
2026-03-06,1296.3919300805355,0.0,4,1564.0655521539948
2026-03-09,1275.2115002920605,0.0,4,1556.5991459745528
2026-03-10,1289.020534634923,0.0,4,1585.6213477512717
2026-03-11,1279.144130976796,677.0062267857148,2,1569.7254897204843
2026-03-12,1269.6880415069925,0.0,4,1554.6725033739215
2026-03-13,1252.3464697338782,3.0410306339136355,4,1540.7032879437652
2026-03-16,1264.7232836796506,0.0,4,1550.8188506681095
2026-03-17,1283.8095543893114,675.6905476444144,2,1560.8140556525002
2026-03-18,1285.9721406288718,677.487126370124,2,1548.530767343068
2026-03-19,1216.0863693904585,0.0,4,1525.168595008976
2026-03-20,1212.9834575739715,0.0,4,1514.0896191081786
2026-03-23,1223.9759759915037,0.0,4,1523.6030256282054
2026-03-24,1230.5976554530776,0.0,4,1524.0847322164318
2026-03-25,1255.0383530581742,485.09534941794413,3,1534.68209340514
2026-03-26,1232.2383144826326,485.09534941794413,3,1513.8487198759967
2026-03-27,1226.5187545952622,0.0,4,1491.0886118700846
2026-03-30,1235.6410320616897,88.09338670022328,3,1491.690768074402
2026-03-31,1244.9863194363925,88.09338670022328,3,1498.5549261733893
2026-04-01,1292.565616338643,1292.565616338643,0,1542.2688573245357
2026-04-02,1300.9956436966975,872.0680575582235,1,1535.2841577333202
2026-04-07,1295.794171819172,351.86879992619674,2,1529.7446697829214
2026-04-08,1359.5131420764096,183.32739898316058,3,1583.8150628905942
2026-04-09,1364.9968394872344,0.0,4,1588.3910457884024
2026-04-10,1362.8295001211654,0.0,4,1595.977809707798
2026-04-13,1351.3970901617795,0.0,4,1592.0037992620325
2026-04-14,1331.7308975183882,0.0,4,1622.2303134473866
2026-04-15,1329.198982132501,0.0,4,1628.9740219302828
2026-04-16,1330.1635426107907,0.0,4,1635.235931948815
2026-04-17,1323.7469623979516,0.0,4,1659.200352363362
2026-04-20,1331.2228013631911,0.0,3,1648.9642481467895
2026-04-21,1317.6576581945822,0.0,3,1642.4614388960752
2026-04-22,1311.3324571419246,0.0,3,1645.9536508774768
2026-04-23,1311.6740834085406,0.0,3,1648.9642481467895
2026-04-24,1295.215049233959,0.0,4,1645.4720361653876
2026-04-27,1283.8571359483267,0.0,4,1647.6397617504756
2026-04-28,1264.086148891195,0.0,4,1639.4508416267627
2026-04-29,1276.4679469058253,0.0,4,1638.126171478174
2026-04-30,1284.5210575622214,0.0,4,1653.1791578247369
2026-05-01,1301.5136994915483,0.0,4,1670.2793282641594
2026-05-05,1305.0880874885922,0.0,4,1666.3053178183939
2026-05-06,1311.0084918371867,0.0,4,1692.7987207901642
2026-05-07,1306.8341881400313,0.0,4,1695.5684188272949
2026-05-08,1304.1323781246524,0.0,4,1694.6050056508418
2026-05-11,1327.260786312968,0.0,4,1701.1078149015561
2026-05-12,1306.3870747480128,0.0,4,1682.4422588336379
2026-05-13,1323.9225530472675,0.0,4,1698.5790160966073
2026-05-14,1331.2002536592931,0.0,4,1715.3179295638943
2026-05-15,1308.054861121493,0.0,4,1693.7619502143425
2026-05-18,1295.7330516214895,0.0,4,1687.9816549078992
2026-05-19,1268.6170293087093,0.0,4,1679.552019304279
2026-05-20,1296.739408474375,0.0,3,1699.903686245196
2026-05-21,1285.4286393316115,406.25594496042976,2,1695.4478773350666
2026-05-22,1300.2907569578824,0.0,3,1715.5588287960763
2026-05-26,1316.0142225648733,0.0,3,1722.663794251108
2026-05-27,1316.8434410440013,0.0,3,1721.3391241025195
2026-05-28,1315.9252121580384,0.0,3,1728.3237318175975
2026-05-29,1312.7665938483372,0.0,3,1734.9470825605401
2026-06-01,1343.817760794367,0.0,3,1732.0568430311812
2026-06-02,1346.3691113029977,0.0,3,1741.570249551208
2026-06-03,1355.4224144787386,0.0,3,1732.297742263363
2026-06-04,1335.43245656487,0.0,3,1734.1040271240408
2026-06-05,1303.6107630625233,0.0,3,1713.9932594153058
2026-06-08,1324.443743696743,0.0,3,1703.7571551987332
2026-06-09,1291.7221041119528,0.0,3,1681.5992033971386
2026-06-10,1297.233834114914,0.0,3,1680.3948909885037
2026-06-11,1317.2296798890347,25.868355533311444,3,1676.66177977492
2026-06-12,1368.060697147862,25.868355533311444,3,1712.788947006671
2026-06-15,1394.9727901190424,0.0,3,1735.9103119847184
2026-06-16,1391.8011254655762,0.0,3,1734.7061833283583
2026-06-17,1399.3601479069898,0.0,3,1733.983669384087
2026-06-18,1375.6457657163241,0.0,3,1722.7841519910617
2026-06-19,1393.1181338587098,0.0,3,1723.2659504554254
2026-06-22,1366.2482675115348,0.0,3,1722.3025372789725
2026-06-23,1354.521008245874,0.0,3,1698.940273068743
2026-06-24,1364.6261433066786,0.0,3,1705.3227245795035
2026-06-25,1367.535246767824,0.0,3,1700.7465579294205
2026-06-26,1348.2231255382935,0.0,3,1699.421887780832
