ticker,strategy,lev,entry_date,exit_date,held_days,entry_fill,exit_fill,notional,pnl,return_pct,reason
NGAS.L,bounce,False,2021-07-01,2021-07-06,3,28.92070543527603,29.38272597551346,395.0478647808278,6.311057256682659,1.5975424294937035,time
BRNT.L,breakout,False,2021-07-02,2021-07-08,4,31.569413187503812,30.39196280479431,398.3414072329328,-14.857014909010559,-3.729718939392812,stop
ICOM.L,breakout,False,2021-07-06,2021-07-08,2,6.020015434026718,5.782762461900711,398.33530847053,-15.698670023865475,-3.941069167115252,stop
IBZL.L,streak,False,2021-07-08,2021-07-15,5,2090.0558674450103,2205.2649582278727,316.34277281827974,17.437602410444867,5.512249341147979,time
CRUD.L,breakout,False,2021-07-02,2021-07-16,10,6.6958593749999995,6.451925038099289,206.6107279862394,-7.526957796645235,-3.6430624246900356,time
SSAC.L,breakout,False,2021-07-08,2021-07-22,10,5170.455,5225.46,387.99410971974396,4.127608886477958,1.0638328735091962,time
COPA.L,streak,False,2021-07-15,2021-07-22,5,38.267776222229,38.21217332363129,333.7803752287246,-0.48498131299743363,-0.14529952896874532,time
IUHC.L,streak,False,2021-07-16,2021-07-23,5,9.714628468751908,9.830196608304977,199.08377018959416,2.3683603557283845,1.1896300504420365,time
IWDA.L,breakout,False,2021-07-12,2021-07-26,10,84.074963722229,84.17464878082275,64.80776179954353,0.0768405390415694,0.11856687672573418,time
SSAC.L,breakout,False,2021-07-22,2021-08-05,10,5238.54,5222.46375,396.1928631416026,-1.2158531797180672,-0.3068841700168412,time
ICOM.L,breakout,False,2021-07-26,2021-08-09,10,5.997487270832061,5.895122027397156,396.2162935312209,-6.762628332276961,-1.7068021791850074,time
XXSC.L,breakout,False,2021-07-26,2021-08-09,10,5172.4574999999995,5235.4475,199.3446887330332,2.4276123957120603,1.2177963762872945,time
IDTL.L,streak,False,2021-08-09,2021-08-12,3,4.679935556907234,4.536272156806742,394.83549898666206,-12.120553707428428,-3.069773041820101,stop
CEU1.L,breakout,False,2021-08-05,2021-08-19,10,12603.734999999999,12474.3875,394.9770099618845,-4.05350388563744,-1.02626324656937,time
IGUS.L,breakout,False,2021-08-09,2021-08-23,10,10140.66,10197.237500000001,196.39046734102715,1.0957158277653605,0.5579271960602261,time
NGAS.L,bounce,False,2021-08-20,2021-08-25,3,30.527411398887633,30.45118814945221,8.222163819336117,-0.02052974736413482,-0.24968789013732895,time
CPXJ.L,breakout,False,2021-08-12,2021-08-26,10,183.37893138885497,179.44541067123413,382.71494527923363,-8.209324565245481,-2.1450232520331403,time
COPA.L,streak,False,2021-08-19,2021-08-26,5,36.065025458335874,37.55299847602844,382.70134225691095,15.789515295666945,4.125806092696505,time
XXSC.L,breakout,False,2021-08-24,2021-09-08,10,5351.68125,5374.27375,197.4861831687925,0.8337018564476466,0.42215705578505514,time
XDAX.L,breakout,False,2021-08-25,2021-09-09,10,13026.262499999999,12684.125,8.201634071971982,-0.2154176286021645,-2.6265208458680966,time
SPOL.L,breakout,False,2021-08-26,2021-09-10,10,1421.7749999999999,1449.585774383545,391.5790649346609,7.659522096124533,1.9560601630739916,time
IWDA.L,breakout,False,2021-08-26,2021-09-10,10,85.9973618888855,86.84130945205689,381.4174133319052,3.743095014339076,0.981364479833502,time
NGAS.L,bounce,False,2021-09-08,2021-09-13,3,35.70457484722137,38.46465731143952,198.31988502524015,15.33078714159572,7.730332810370766,time
FDN.L,streak,False,2021-09-10,2021-09-17,5,2510.974888000488,2491.88125,402.295736367492,-3.0590864114365672,-0.7604073657499932,time
NGAS.L,bounce,False,2021-09-17,2021-09-22,3,41.06026011943817,37.39619704246521,396.9435285295891,-35.42174653297184,-8.923623635882361,stop
SEMB.L,breakout,False,2021-09-09,2021-09-23,10,8184.13288523621,8149.934581850043,7.986216443369818,-0.033371287669416994,-0.41786104729383267,time
CNKY.L,breakout,False,2021-09-13,2021-09-27,10,19288.079999999998,19181.9925,399.10385693840954,-2.1951345298730303,-0.5500158647205877,time
NGAS.L,bounce,False,2021-09-22,2021-09-27,3,37.48980454444885,40.95773762226105,363.8149034230836,33.654102845110174,9.250336511358782,time
BRNT.L,breakout,False,2021-09-14,2021-09-28,10,31.45927507638931,34.0174263715744,196.65017423796394,15.990861095930853,8.131628236739076,time
SPOG.L,breakout,False,2021-09-23,2021-10-05,8,1158.9468749999999,1332.3325,7.952845155700401,1.18979485392662,14.960618880826626,take_profit
IBTL.L,streak,False,2021-09-28,2021-10-05,5,395.6703808652608,395.57968534886044,404.7645307783532,-0.09278007633332663,-0.022921987792490217,time
IDTL.L,streak,False,2021-09-28,2021-10-05,5,4.510180047840044,4.495598451342503,195.95321678977302,-0.6335247616094648,-0.3233040885923022,time
RBOT.L,bounce,False,2021-10-05,2021-10-08,3,12.745912041664123,13.063649923801423,200.24172645605677,4.991748089245192,2.4928610922362537,time
ICOM.L,breakout,False,2021-09-28,2021-10-12,10,6.397987366318702,6.416968940496445,406.30101644249885,1.2054154596640387,0.2966803948014851,time
NGAS.L,bounce,False,2021-10-12,2021-10-15,3,41.06026011943817,43.45081793308258,407.5064319021629,23.725316938089577,5.822071771320103,time
BRNT.L,breakout,False,2021-10-05,2021-10-19,10,34.9035756111145,36.744013414382934,408.89235628375377,21.560568990315517,5.272920527610303,time
CSCA.L,breakout,False,2021-10-08,2021-10-22,10,13004.234999999999,13533.0625,205.23347454530196,8.345981540637013,4.066579079815158,time
ICOM.L,breakout,False,2021-10-15,2021-10-29,10,6.595734470486641,6.531824961900711,427.2425532513002,-4.139775751656941,-0.9689521140048951,time
BRNT.L,breakout,False,2021-10-20,2021-11-03,10,36.14512347221375,35.90506326198578,428.9740595972897,-2.849059376112905,-0.6641565643357383,time
CPXJ.L,breakout,False,2021-10-20,2021-11-03,10,182.567921333313,179.5752530479431,5.468061265731876,-0.08963290710058303,-1.6392081716843365,time
SPOG.L,bounce,False,2021-10-29,2021-11-03,3,1373.715,1397.25125,402.21950045325093,6.891341157039733,1.7133284560480133,time
NGAS.L,multiday,False,2021-10-22,2021-11-05,10,40.346169004440306,42.02620170116425,213.57945608593897,8.89354499886727,4.164045157643215,time
INRG.L,bounce,False,2021-11-04,2021-11-09,3,1028.3502648188519,1042.7540950868727,433.0714231231316,6.065916921502037,1.4006735604388698,time
NGAS.L,bounce,False,2021-11-05,2021-11-10,3,42.131398701667784,36.68388892650604,428.9494833290856,-55.46235291241999,-12.929809935187597,stop
CEU1.L,breakout,False,2021-10-29,2021-11-12,10,12627.765,13187.495,20.883277046392323,0.9256583933243299,4.432534181622816,time
NGAS.L,bounce,False,2021-11-10,2021-11-15,3,36.77571342945099,35.971580810546875,405.5677220430021,-8.868087225419856,-2.1865860480089094,time
CNKY.L,breakout,False,2021-11-05,2021-11-19,10,18754.41375,18661.64375,201.06636482268783,-0.9945886292820489,-0.49465689110117506,time
SPOG.L,breakout,False,2021-11-09,2021-11-22,9,1442.3006249999999,1323.34375,307.2277294108862,-25.339273914593605,-8.247717080480344,stop
IDTL.L,streak,False,2021-11-15,2021-11-22,5,4.609203789310743,4.599355180304014,396.69963481758225,-0.8476387191842605,-0.2136726744339068,time
RBOT.L,breakout,False,2021-11-22,2021-11-24,2,14.743406631946563,14.197231402397156,304.1765464665501,-11.268338399480172,-3.7045388707243165,stop
CSCA.L,breakout,False,2021-11-11,2021-11-25,10,13980.453749999999,13983.49875,99.82901900741092,0.021743168591910944,0.02178040895133293,time
XDAX.L,breakout,False,2021-11-12,2021-11-25,9,13184.46,12791.99,21.808935439716652,-0.6492001107383665,-2.976762036518743,stop
SPOG.L,bounce,False,2021-11-22,2021-11-25,3,1326.65625,1422.22,373.5639051281404,26.909131614681144,7.20335429769392,time
IUCS.L,streak,False,2021-11-19,2021-11-26,5,7.409250095486641,7.345806269049644,200.07177619340578,-1.7131718973136287,-0.856278646548092,time
RBOT.L,bounce,False,2021-11-24,2021-11-29,3,14.232768902778625,14.027443826198578,292.90820806706995,-4.225558685250235,-1.4426221488073376,time
CRUD.L,range,False,2021-11-25,2021-11-29,2,7.396734184026718,6.7665313452482225,304.2123507257996,-25.918936959082373,-8.52001468620328,stop
IUQF.L,bounce,False,2021-11-29,2021-12-02,3,863.3278124999999,843.1946875,393.0423403866529,-9.165893250192255,-2.332037113654317,time
IUMF.L,bounce,False,2021-11-29,2021-12-02,3,956.6943749999999,921.84625,393.57448745636106,-14.33616972577073,-3.6425556489761757,time
RBOT.L,bounce,False,2021-11-29,2021-12-02,3,14.062556326389313,13.952537766695023,195.9890231236182,-1.5333222167784584,-0.7823510686163937,time
IUMF.L,bounce,False,2021-12-03,2021-12-08,3,939.673125,949.0621875,383.0281863095563,3.827155938424937,0.9991838917389417,time
RBOT.L,bounce,False,2021-12-03,2021-12-08,3,14.067562690973281,14.386993483304979,379.80015319492196,8.62408553122009,2.270690377208462,time
INRG.L,bounce,False,2021-12-03,2021-12-08,3,978.0922719079848,989.8766702324771,194.7421262694125,2.3463213568190042,1.204835030697482,time
IBTL.L,streak,False,2021-12-09,2021-12-16,5,422.8545798867005,415.7534615664323,388.9472114401419,-6.531702150452929,-1.679328700228555,time
SPOG.L,bounce,False,2021-12-16,2021-12-21,3,1330.6612499999999,1286.39,359.7005434811241,-11.967277686630325,-3.3270112885604552,stop
SSAC.L,breakout,False,2021-12-10,2021-12-24,10,5626.02375,5595.99625,389.18449815720845,-2.0771752907043037,-0.5337250842568864,time
SEMB.L,breakout,False,2021-12-10,2021-12-24,10,8208.76173875532,8048.964548312064,194.23631900300444,-3.781132775748773,-1.9466662028795434,time
IDTL.L,streak,False,2021-12-17,2021-12-24,5,4.666492960920842,4.613811773159376,22.714965808564898,-0.2564348406346184,-1.128924616465532,time
IUQF.L,bounce,False,2021-12-21,2021-12-24,3,853.0649999999999,867.1646875,347.7332657944938,5.74742883725952,1.6528268654791844,time
HIDR.L,streak,False,2021-12-29,2022-01-06,5,5875.542833102179,5763.157295447228,190.52960946151433,-3.6443905196100275,-1.9127685874704814,time
IWDA.L,breakout,False,2021-12-24,2022-01-12,10,88.70073383331298,88.58912195205689,381.40069387737736,-0.47991540899801066,-0.12582971575618718,time
IGUS.L,breakout,False,2021-12-24,2022-01-12,10,10849.545,10798.485,381.57143135455163,-1.79574694468414,-0.4706188139686929,time
SPOG.L,breakout,False,2022-01-06,2022-01-20,10,1405.7549999999999,1530.5843750000001,186.8852189419043,16.59518556025489,8.879881273763935,time
BRNT.L,breakout,False,2022-01-12,2022-01-26,10,37.04625,38.811425609588625,384.29694772595235,18.310938326151984,4.764788904649264,time
IUES.L,breakout,False,2022-01-12,2022-01-26,10,5.819765625,5.990003067851067,352.9654547527604,10.324803489294084,2.925159771379393,time
CRUD.L,breakout,False,2022-01-12,2022-01-26,10,7.689599828124046,8.07739024400711,23.434060399534076,1.1817915406894635,5.043050672998017,time
IUCS.L,streak,False,2022-01-26,2022-02-02,5,7.712127991318702,7.802734375,398.2970399369903,4.679415909626982,1.1748558087118166,time
INFR.L,streak,False,2022-01-26,2022-02-02,5,2411.5813630984735,2422.023011482091,392.2169562973921,1.698218277192268,0.4329793115585234,time
ICOM.L,breakout,False,2022-01-20,2022-02-03,10,6.605746722221374,6.848928201198578,203.4804045021592,7.490851192228973,3.6813624439937076,time
NGAS.L,bounce,False,2022-02-04,2022-02-07,1,38.203895659446715,33.65657657623291,210.97125569438816,-25.11140815534739,-11.902762806570976,stop
HIDR.L,streak,False,2022-02-02,2022-02-09,5,5774.679025386197,5982.614798897443,403.37398321377,14.524769401925028,3.6008195883638683,time
SPOG.L,bounce,False,2022-02-09,2022-02-14,3,1565.454375,1610.484375,377.71917584713975,10.865020891073073,2.8764811494426334,time
BRNT.L,breakout,False,2022-02-02,2022-02-16,10,39.46927316665649,41.05861310958863,393.51764720743165,15.846081388795653,4.026777833534578,time
IUES.L,breakout,False,2022-02-07,2022-02-21,10,6.342918788194656,6.284634394049645,185.85984753904077,-1.7078460203304076,-0.9188891753350137,time
IUCS.L,streak,False,2022-02-15,2022-02-22,5,7.732152972221375,7.792746646404266,388.5841967382128,3.0451730965963293,0.7836585023677234,time
CRUD.L,range,False,2022-02-09,2022-02-23,10,8.337909718751908,8.729074771404267,40.17957676855525,1.8849863805642286,4.69140427093655,time
SRSA.L,bounce,False,2022-02-22,2022-02-25,3,2641.2975,2694.6275,408.8974984933041,8.255981613070048,2.019083423961132,time
NGAS.L,bounce,False,2022-02-23,2022-02-28,3,34.09787079334259,34.90311673164368,42.06456314911948,0.9933851537982648,2.361572495776798,time
NGAS.L,bounce,False,2022-02-28,2022-03-01,1,34.99048373222351,33.47850049972534,50.05805651647024,-2.1630721850994803,-4.321126978606893,stop
LTAM.L,breakout,False,2022-02-16,2022-03-02,10,1177.4147451222057,1184.4407589810755,408.9664802029721,2.440435003573043,0.5967322804455444,time
ITWN.L,bounce,False,2022-02-25,2022-03-02,3,6216.376892283426,6282.6817230325205,410.15337189282167,4.374758862880753,1.0666153596864625,time
ICOM.L,breakout,False,2022-02-22,2022-03-07,9,7.128899885416031,8.307103239297867,167.28112125347064,27.64678719996519,16.52714125347936,take_profit
BRNT.L,breakout,False,2022-03-02,2022-03-08,4,50.192663569450374,56.149726219177246,421.14424959074523,49.98305531072157,11.86839315965813,take_profit
CRUD.L,breakout,False,2022-03-02,2022-03-09,5,10.057556326389312,11.395737347602845,350.77805709426264,46.67182796978847,13.305230194956753,take_profit
SRSA.L,bounce,False,2022-03-07,2022-03-10,3,2783.475,2812.48,194.92790845343583,2.031232177293475,1.0420427702781732,time
NGAS.L,bounce,False,2022-03-09,2022-03-14,3,34.63343626499176,34.90311673164368,397.7712640503689,3.0973288151097336,0.7786708329733827,time
IUES.L,breakout,False,2022-03-01,2022-03-15,10,6.5606903958320615,6.644184527397156,47.89498433137076,0.6095319062170788,1.2726424587591767,time
LTAM.L,breakout,False,2022-03-02,2022-03-16,10,1187.4055668884123,1193.4101838558354,54.012739277239746,0.2731381928509933,0.5056921691177552,time
IBZL.L,breakout,False,2022-03-14,2022-03-16,2,2132.7646900261543,2012.9404182501685,325.11195765659505,-18.265636032913164,-5.618260295490741,stop
COPA.L,streak,False,2022-03-10,2022-03-17,5,40.78091204166412,41.17846204280853,196.9591406307293,1.9200430461965254,0.9748433304734627,time
SRSA.L,bounce,False,2022-03-15,2022-03-18,3,2734.4137499999997,2924.34,124.26115144647144,8.630901053255172,6.945775854147906,time
CSCA.L,breakout,False,2022-03-08,2022-03-22,10,13935.3975,14576.75625,470.805925915149,21.66823731705773,4.602371407058903,time
SPOG.L,bounce,False,2022-03-23,2022-03-28,3,1775.21625,1853.180625,453.3532940156786,19.91047920056144,4.39182409467016,time
LTAM.L,breakout,False,2022-03-21,2022-04-04,10,1249.3483417187854,1403.190933204659,471.99165512127405,58.120235132875166,12.313826844659292,time
CPXJ.L,breakout,False,2022-03-21,2022-04-04,10,174.878328666687,180.73380670547485,220.91178014915096,7.396823191502136,3.3483154164563267,time
IBZL.L,breakout,False,2022-03-23,2022-04-06,10,2219.512554627108,2322.7648990671187,39.12086921652809,1.819913771028972,4.6520279520274155,time
IUES.L,breakout,False,2022-03-28,2022-04-11,10,7.203993921875954,7.330825152397156,455.2753454121975,8.015433232008888,1.7605682611150142,time
CSCA.L,breakout,False,2022-03-28,2022-04-11,10,14720.3775,14533.81,17.988427804042544,-0.22798708826120517,-1.2674097522295424,time
IWFV.L,streak,False,2022-04-04,2022-04-11,5,2840.54625,2760.545,507.23636584836095,-14.285823831710559,-2.8164037110819717,time
CPXJ.L,breakout,False,2022-04-05,2022-04-12,5,184.40021066665648,177.38798810958863,251.1841277464414,-9.551827517947089,-3.8027193850358243,stop
INRG.L,bounce,False,2022-04-07,2022-04-12,3,950.568618159879,923.4855878987444,40.940782987557064,-1.166460204327997,-2.849139950944546,time
SRSA.L,bounce,False,2022-04-14,2022-04-21,3,2894.61375,2766.5375,425.9375438839687,-18.846204732796934,-4.424640420505144,stop
IUES.L,breakout,False,2022-04-11,2022-04-26,9,7.349175152778625,6.806481307148934,459.60145909596173,-33.93889492475921,-7.384418446259322,stop
SPOG.L,breakout,False,2022-04-11,2022-04-26,9,1904.3775,1792.7562500000001,369.86938140843114,-21.679148535170043,-5.861298508305202,stop
SRSA.L,bounce,False,2022-04-21,2022-04-26,3,2773.4625,2668.66,407.0913391511718,-15.383005925405769,-3.778760304132467,stop
SRSA.L,bounce,False,2022-04-26,2022-04-29,3,2675.34,2763.54125,466.22445210809184,15.370599421568386,3.296823955086081,time
NGAS.L,bounce,False,2022-04-29,2022-05-04,2,51.7716344833374,59.121604104042056,472.3375703410404,67.05731482828583,14.196904722160596,take_profit
SPOG.L,breakout,False,2022-05-05,2022-05-10,3,2025.52875,1886.139375,375.4907990306301,-25.839883929137045,-6.881629056116811,stop
SPGP.L,multiday,False,2022-04-26,2022-05-11,10,1208.50875,1113.60625,208.57338172664564,-16.37897562538373,-7.852859981361315,time
INFR.L,streak,False,2022-05-05,2022-05-12,5,2707.27641359319,2635.7865842360466,163.90408613869613,-4.3281414081549485,-2.640654977016532,time
NGAS.L,bounce,False,2022-05-10,2022-05-13,3,53.19981671333313,57.34083571910858,349.65091510149307,27.216467542061707,7.78389712898695,time
HIDR.L,streak,False,2022-05-11,2022-05-13,2,6753.285214624766,6537.002943159338,192.1944061012619,-6.155262423170058,-3.2026230877536643,stop
CRUD.L,breakout,False,2022-05-03,2022-05-17,10,10.347918788194656,11.021206097602844,434.6515594543579,28.280602600878524,6.5064997434682414,time
BRNT.L,breakout,False,2022-05-03,2022-05-17,10,51.35411341667175,53.9924263715744,65.36921816975416,3.3583377002304644,5.137490999983152,time
SPOG.L,bounce,False,2022-05-13,2022-05-18,3,1888.858125,2037.45,379.4626600781712,29.8514046170107,7.8667568004876065,time
NGAS.L,multiday,False,2022-05-13,2022-05-26,9,57.48436722278595,66.95700099945068,343.01981097401654,56.52495112113968,16.47862581482835,take_profit
IUES.L,breakout,False,2022-05-17,2022-05-31,10,7.709624809026718,8.33956288099289,478.55931915785334,39.10212783361112,8.170800623509166,time
CRUD.L,breakout,False,2022-05-18,2022-06-01,10,10.858556517362594,11.475637271404267,450.13373864611253,25.58064383780612,5.68289857915254,time
BRNT.L,breakout,False,2022-05-18,2022-06-01,10,53.16637347221374,56.03986310958862,12.280724816437044,0.6637378702898964,5.404712508511889,time
SPOG.L,breakout,False,2022-05-26,2022-06-13,10,2092.111875,2230.708125,399.5447620951562,26.468663743678064,6.624705478525139,time
CSCA.L,breakout,False,2022-06-06,2022-06-13,5,14626.26,13972.5125,488.6588451706456,-21.841502775364063,-4.469683295661364,stop
ICOM.L,breakout,False,2022-05-31,2022-06-15,9,8.480587767362595,8.094868292808533,517.6614469914645,-23.544606436228094,-4.5482634592674875,stop
NGAS.L,bounce,False,2022-06-14,2022-06-15,1,63.018574318885804,54.31352336883545,333.2263007569252,-46.03011028633381,-13.813468559287244,stop
INRG.L,bounce,False,2022-06-13,2022-06-16,3,893.797476159173,876.8393483790006,559.6044674771906,-10.617443345905713,-1.8973121129234882,time
SPOG.L,bounce,False,2022-06-16,2022-06-17,1,2157.193125,1997.5,494.0616757817923,-36.57449675412403,-7.402820041900505,stop
BRNT.L,breakout,False,2022-06-15,2022-06-20,3,58.02243826389313,54.28206097602845,402.2948993653651,-25.933668932806654,-6.446432448862261,stop
NGAS.L,multiday,False,2022-06-15,2022-06-21,4,54.4494771194458,48.97121059417725,379.01813166046264,-38.13374256267741,-10.061192163977772,stop
NGAS.L,multiday,False,2022-06-23,2022-06-24,1,50.16492660999298,45.943898243904115,350.85275271025245,-29.52180979001622,-8.41430188646587,stop
HIDR.L,streak,False,2022-06-20,2022-06-27,5,6499.387913232939,6438.29035949959,493.2750379489262,-4.6370363700007715,-0.9400508870835877,time
SPOG.L,bounce,False,2022-06-23,2022-06-28,3,1832.2875,1893.130625,385.53035624832586,12.801960203576925,3.3206101662539345,time
NGAS.L,bounce,False,2022-06-24,2022-06-29,3,46.05890174388885,49.861594786643984,321.3309429202362,26.52957180480007,8.256152228509617,time
SPOG.L,bounce,False,2022-06-30,2022-07-05,3,1870.335,1835.7025,458.40009656225567,-8.488073710962112,-1.8516736306597448,time
NGAS.L,bounce,False,2022-07-01,2022-07-06,3,41.952876877784725,41.67004573822022,486.66934093167805,-3.280948877184187,-0.6741638729292343,stop
CRUD.L,range,False,2022-07-01,2022-07-06,3,10.628268520832062,10.082381516695023,289.76139526193066,-14.882666886338768,-5.13618001904137,stop
SPOG.L,bounce,False,2022-07-06,2022-07-07,1,1744.1775,1694.87875,448.50632269091057,-12.676921400349784,-2.8264755163967092,stop
FXC.L,bounce,False,2022-07-12,2022-07-15,3,7734.996483455426,7483.204383594078,478.20088875241186,-15.566549537814922,-3.2552322473567097,time
NGAS.L,bounce,False,2022-07-13,2022-07-18,3,46.05890174388885,52.17659902095795,476.34393034570024,63.26959296225374,13.282334240374748,time
SPOG.L,bounce,False,2022-07-15,2022-07-20,3,1702.125,1840.69625,443.4120497172874,36.09850157561084,8.141073657927578,time
NGAS.L,bounce,False,2022-07-20,2022-07-25,3,53.19981671333313,60.54622414588928,511.72150675243176,70.66405324029483,13.809084102943858,take_profit
NGAS.L,bounce,False,2022-07-28,2022-08-01,2,63.73266543388367,58.943528027534484,539.9871280485497,-40.57687743449503,-7.514415682672871,stop
NGAS.L,bounce,False,2022-08-01,2022-08-04,3,59.091071276664735,60.90237629890442,499.4102506140547,15.308307592867095,3.0652770090410897,stop
SPOG.L,breakout,False,2022-07-28,2022-08-05,6,1921.899375,1791.7575,319.3251050440922,-21.623175721679047,-6.771523873355756,stop
INRG.L,bounce,False,2022-08-04,2022-08-09,3,1031.9207231626374,1073.7726076272022,514.7185582069218,20.875578081058052,4.055726716709107,time
IUES.L,breakout,False,2022-07-28,2022-08-11,10,7.073831307291984,7.096118769049645,490.65558702873227,1.5459044974415974,0.3150691724113752,time
IUCS.L,streak,False,2022-08-05,2022-08-12,5,7.742165701389313,7.800237442851067,297.70192932241315,2.232975906105196,0.7500710227802632,time
NGAS.L,bounce,False,2022-08-09,2022-08-12,3,56.948797931671145,63.92968483924866,527.7228218954403,64.68922035228707,12.25818131570291,time
CSCA.L,breakout,False,2022-08-09,2022-08-23,10,13933.395,14347.75282348633,7.871314392539489,0.23408083239363364,2.9738468154123954,time
LTAM.L,breakout,False,2022-08-11,2022-08-25,10,1235.215874642435,1281.9752693728767,492.20149152617387,18.63240612564732,3.785524108810323,time
CNKY.L,breakout,False,2022-08-12,2022-08-26,10,17091.337499999998,17045.666250000002,558.6724554597303,-1.4928772766562588,-0.2672187007014326,time
IWFQ.L,breakout,False,2022-08-12,2022-08-26,10,4102.12125,4172.7775,333.6744920165155,5.747316300448688,1.7224320222128942,time
NGAS.L,bounce,False,2022-08-25,2022-08-31,3,68.37426341056823,67.31315315246582,510.8338976518212,-7.927706448988317,-1.551914719330505,time
ICOM.L,breakout,False,2022-08-23,2022-09-02,7,7.809750190973282,7.520587709546089,8.105395224933122,-0.3001089841386708,-3.7025829809692823,stop
IUES.L,breakout,False,2022-08-26,2022-09-02,4,7.937409145832062,7.445681173801423,468.0884686537488,-28.998403533588657,-6.1950689827907635,stop
IUQF.L,bounce,False,2022-08-31,2022-09-05,3,814.7671875,808.9875000000001,100.69506991966398,-0.7142973426704202,-0.7093667477864551,time
NGAS.L,multiday,False,2022-08-31,2022-09-07,5,67.48164665222168,59.65583614349365,402.2111212831689,-46.64420884521314,-11.596946572835865,stop
SPOG.L,breakout,False,2022-08-26,2022-09-08,8,2243.80125,2131.831875,428.5129178462894,-21.383499804483733,-4.990164570057177,stop
NGAS.L,bounce,False,2022-09-07,2022-09-12,3,59.8051623916626,59.65583614349365,523.5744580692921,-1.3073020176511818,-0.24968789013732895,time
NDIA.L,breakout,False,2022-09-13,2022-09-20,4,7.725645080208778,7.5415613681077955,521.8197684192393,-12.433721588423396,-2.3827617006709323,stop
CSCA.L,breakout,False,2022-09-13,2022-09-20,4,14616.042165527344,14203.223750000001,267.39972994045434,-7.552491404739669,-2.8244199821822913,stop
SPOG.L,bounce,False,2022-09-20,2022-09-23,3,2182.224375,2099.8718750000003,467.3501622971364,-17.636799717524298,-3.7737870103297433,time
LTAM.L,breakout,False,2022-09-12,2022-09-27,10,1300.3746419869922,1298.9221183653929,519.0456540403649,-0.5797760497929403,-0.11170039577055313,time
NGAS.L,multiday,False,2022-09-23,2022-09-27,2,53.73538600444794,52.53275117397308,371.984480631589,-8.325268060168355,-2.238068654378522,stop
INRG.L,bounce,False,2022-09-23,2022-09-28,3,1051.4379380126693,1045.8177055347999,379.6120050174171,-2.0291332873346164,-0.534528218421737,time
NGAS.L,bounce,False,2022-09-29,2022-10-04,3,51.59311265945434,47.54659055233002,503.88318491683003,-39.52028365942232,-7.843143975115074,stop
INRG.L,bounce,False,2022-09-30,2022-10-05,3,992.885828666668,1015.8656740104531,501.19364817549405,11.599876027867992,2.314449927706641,time
IUMF.L,bounce,False,2022-09-30,2022-10-05,3,836.0437499999999,839.6990625,254.631129199751,1.113286654499774,0.43721545672699147,time
HIDR.L,streak,False,2022-10-04,2022-10-11,5,7227.493138052296,7217.425594265685,464.3629012574077,-0.6468347671854531,-0.13929509989578648,time
INRG.L,bounce,False,2022-10-06,2022-10-11,3,994.1368115568719,943.7317485586794,493.73680087514896,-25.033611333297017,-5.070234037431465,stop
SPOG.L,bounce,False,2022-10-11,2022-10-14,3,2280.3468749999997,2297.125,437.1819472744269,3.2166568338923867,0.7357707366341115,time
BRNT.L,breakout,False,2022-10-07,2022-10-19,8,49.8121875,47.77021432876587,274.8011391824638,-11.265045399485189,-4.099344505266178,stop
HIDR.L,streak,False,2022-10-14,2022-10-21,5,6927.55595154735,7183.516792119875,478.0782954966692,17.66414060466377,3.6948216999294514,time
INRG.L,multiday,False,2022-10-12,2022-10-26,10,956.35314729788,915.2775836319107,228.06864584693088,-9.795595078205025,-4.295020493426083,time
IBZL.L,breakout,False,2022-10-24,2022-10-26,2,2285.4093048615896,2018.5677015596343,128.6602207306255,-15.022210467031769,-11.675878046629196,stop
LTAM.L,breakout,False,2022-10-24,2022-10-27,3,1359.6368511775036,1271.2090530343573,482.8543676567565,-31.40378882692835,-6.503780628376166,stop
IUES.L,breakout,False,2022-10-20,2022-11-03,10,8.052552666664123,8.506853048801423,377.252913019296,21.28345502868649,5.641694018568888,time
HIDR.L,streak,False,2022-10-28,2022-11-04,5,7027.534469403089,7086.779581784101,471.2253179267709,3.9726303782500167,0.8430426437459282,time
SPOG.L,breakout,False,2022-10-28,2022-11-11,10,2352.9375,2395.0025,299.68764540817165,5.357711713164804,1.78776529338327,time
LTAM.L,breakout,False,2022-11-04,2022-11-11,5,1424.096135356481,1285.9629320959143,475.19794830502093,-46.092825584271736,-9.699710562446617,stop
IWFM.L,breakout,False,2022-10-31,2022-11-14,10,4651.8075,4649.181250000001,12.44867652720518,-0.007028093215286191,-0.056456549416539215,time
SPOG.L,bounce,False,2022-11-11,2022-11-16,3,2400.9975,2411.9812500000003,275.13250418793075,1.258637979787295,0.4574661156456994,time
BRNT.L,breakout,False,2022-11-03,2022-11-17,10,51.44422606945038,50.247113871574406,398.5363680479825,-9.273980462712075,-2.3270098305295694,time
SPOG.L,bounce,False,2022-11-18,2022-11-22,2,2313.88875,2272.15625,404.7856823929386,-7.300575055937031,-1.803565534427709,stop
NDIA.L,breakout,False,2022-11-11,2022-11-25,10,7.50436863541603,7.456667580008507,459.01797565415484,-2.917719391661251,-0.6356438192868463,time
IUHC.L,streak,False,2022-11-18,2022-11-25,5,10.212749809026718,10.426949580907822,260.86784736004984,5.471379837999052,2.0973760827057486,time
SPOG.L,bounce,False,2022-11-22,2022-11-25,3,2277.84375,2283.1425,397.4851073370016,0.9246350688022176,0.2326213112729958,time
IDVY.L,range,False,2022-11-14,2022-11-28,10,1560.5619615905491,1524.168687347417,12.441648433989894,-0.2901469692580072,-2.3320621121662777,time
NGAS.L,bounce,False,2022-11-25,2022-11-29,2,51.05754336833954,49.505442633628846,453.21655955921943,-13.777352153435459,-3.039904845232211,stop
SPOG.L,bounce,False,2022-11-29,2022-12-02,3,2260.8224999999998,2179.771875,395.2424133845396,-14.169464710885165,-3.585006120560097,time
IUIS.L,breakout,False,2022-11-28,2022-12-12,10,8.172703506946563,8.012471913099288,443.79433511455284,-8.700899720068776,-1.9605702532960234,time
CPXJ.L,breakout,False,2022-12-01,2022-12-15,10,166.9384082221985,166.15205060958863,280.18662667855045,-1.319809438621803,-0.4710465500325167,time
NDIA.L,breakout,False,2022-12-02,2022-12-16,10,7.593480110764503,7.312847526669502,381.0729486736544,-14.083330008778091,-3.69570447280394,stop
RBOT.L,breakout,False,2022-12-14,2022-12-19,3,10.117630791664123,9.625452934503556,128.4741779609347,-6.249698858489168,-4.8645564094518035,stop
SEMI.L,breakout,False,2022-12-14,2022-12-20,4,4.272834298610687,3.9770226123929024,306.61925743354936,-21.22749286059485,-6.9230788171206985,stop
IUCS.L,bounce,False,2022-12-16,2022-12-21,3,7.84729697048664,7.847678201198578,366.98961866487633,0.017828777746444757,0.004858115009165331,time
SPOL.L,breakout,False,2022-12-15,2023-01-03,10,1084.35375,1141.7709512329102,278.86681723992865,14.766170322780908,5.295061803669721,time
IUCS.L,streak,False,2023-01-04,2023-01-11,5,7.812252895832062,7.900112347602844,211.56870688983958,2.3793790148693006,1.124636554170655,time
IAPD.L,breakout,False,2022-12-30,2023-01-16,10,1736.021379443766,1802.9681850362763,426.1432364456375,16.433512134528087,3.856335318517834,time
SPOL.L,breakout,False,2023-01-04,2023-01-18,10,1157.445,1181.52125,430.54473534525533,8.955849033307175,2.080120437688193,time
SRSA.L,bounce,False,2023-01-17,2023-01-20,3,2758.44375,2718.5975,438.94231926275756,-6.340606143925811,-1.4445192148652697,time
IWFQ.L,breakout,False,2023-01-12,2023-01-26,10,4034.03625,4025.9612500000003,213.94808590470888,-0.4282635768779812,-0.20017172627042612,time
IUHC.L,streak,False,2023-01-20,2023-01-27,5,10.302862461805343,10.257162957191468,432.60171311883175,-1.9188535281271584,-0.4435612411918588,time
SPOG.L,breakout,False,2023-01-18,2023-02-01,10,2080.5975,2092.38125,277.01062934188343,1.5688877851229677,0.5663637488750206,time
IUES.L,breakout,False,2023-01-18,2023-02-01,10,8.653303048610686,8.619212614297867,166.1243843540871,-0.6544613520139819,-0.39395863199650494,time
LTAM.L,breakout,False,2023-01-26,2023-02-09,10,1269.6584467089097,1252.5269013850418,213.5198223278309,-2.8810303457872237,-1.3493034578137664,time
IWDA.L,breakout,False,2023-01-27,2023-02-10,10,78.2076381111145,78.3419524383545,430.6828595907046,0.7396576592369684,0.17174067710516994,time
FDN.L,streak,False,2023-02-09,2023-02-13,2,1673.08875,1640.347024383545,210.63879198204367,-4.1221229485032325,-1.9569628698091979,stop
CSCA.L,breakout,False,2023-02-01,2023-02-15,10,14183.7075,14260.1525,435.1383832226062,2.3452368645822617,0.5389634550768907,time
IUQF.L,breakout,False,2023-02-01,2023-02-15,10,807.2578125,831.459375,8.911056906473334,0.2671531911164653,2.9979966901837907,time
KLWD.L,bounce,False,2023-02-13,2023-02-16,3,2373.96375,2550.308125,206.51666903354044,15.34061037275805,7.428267386138487,time
IUCS.L,streak,False,2023-02-10,2023-02-17,5,7.60449353992939,7.640437595248223,431.42251724994156,2.0391988952844713,0.4726686284904913,time
CSCA.L,breakout,False,2023-02-16,2023-02-22,4,14443.392052001953,13820.702500000001,228.08332692549473,-9.833223674259074,-4.3112417758932375,stop
IUCS.L,streak,False,2023-02-17,2023-02-24,5,7.659562595486641,7.725331383347512,433.46171614522603,3.7219164018272863,0.8586493946746376,time
KLWD.L,bounce,False,2023-02-22,2023-02-27,3,2324.401875,2326.588125,218.25010325123566,0.20527830981598072,0.09405645484605873,time
CSX5.L,breakout,False,2023-02-15,2023-03-01,10,148.58549388885498,148.77380670547487,440.435782665582,0.558195154878149,0.12673701294201312,time
IGUS.L,streak,False,2023-02-24,2023-03-03,5,9072.32625,8985.75375,436.3342561789941,-4.163711307566359,-0.9542480904497941,time
SPOL.L,breakout,False,2023-03-07,2023-03-13,4,1183.6777011108397,1097.4265487670898,435.21096828946514,-31.712557812298087,-7.286709233671152,stop
CSX5.L,breakout,False,2023-03-06,2023-03-14,6,151.409026222229,143.66019634246825,436.9877122483995,-22.364211211481575,-5.117812374268538,stop
IUIS.L,breakout,False,2023-03-07,2023-03-14,5,8.407996913194657,8.064906059503555,220.27060008313407,-8.988208369460438,-4.080530205151356,stop
IUQF.L,bounce,False,2023-03-13,2023-03-16,3,798.9975,798.7503125000001,403.49841047716706,-0.12483113318847927,-0.030937205685854785,time
XDAX.L,bounce,False,2023-03-14,2023-03-17,3,12569.6925,12562.2775,214.95167581132023,-0.12680236021213886,-0.05899110101539318,time
AIAG.L,streak,False,2023-03-14,2023-03-21,5,1072.53895111084,1093.026050415039,410.9542169392713,7.849840645129348,1.9101496764271753,time
IDTL.L,breakout,False,2023-03-16,2023-03-30,10,3.443823314857775,3.35515521221928,403.3735793439786,-10.385657644113564,-2.5746995281654694,time
SEMI.L,breakout,False,2023-03-20,2023-04-03,10,4.73350959777832,4.892177295684815,214.8248734511081,7.200950461691178,3.3520096374361597,time
RBOT.L,range,False,2023-03-21,2023-04-04,10,10.673324847221375,11.076137652397156,354.85025997099103,13.39209952683882,3.774014292094252,time
IGWD.L,range,False,2023-03-21,2023-04-04,10,7067.82375,7320.837500000001,63.95379761340962,2.289416195601916,3.5797971051556132,time
EQQQ.L,breakout,False,2023-03-31,2023-04-18,10,25630.93147594251,25769.66039446327,392.987921699865,2.12707015429055,0.5412558597449824,time
IUCD.L,breakout,False,2023-04-03,2023-04-19,10,9.809746531248093,9.680384489297866,222.02582391279927,-2.9278752366894025,-1.3187093217766122,time
IUES.L,breakout,False,2023-04-04,2023-04-20,10,8.420512347221374,8.327077744007111,329.8544682020122,-3.6600886126693695,-1.109607104193544,time
CPXJ.L,breakout,False,2023-04-04,2023-04-20,10,170.2024930000305,170.11708932876587,104.6311051048292,-0.05250146661732913,-0.050177685273156136,time
LTAM.L,breakout,False,2023-04-18,2023-04-24,4,1255.1621430103992,1174.2440256497878,395.11499185415556,-25.47237538977197,-6.446825839292448,stop
FDN.L,streak,False,2023-04-21,2023-04-28,5,1587.6199868774413,1571.1576184082032,73.3585062176532,-0.7606699145197524,-1.0369212157385843,time
IUIT.L,streak,False,2023-04-24,2023-05-02,5,18.588206784725188,19.111081478595736,369.6426164643836,10.397816861180388,2.812937793979242,time
IUCD.L,breakout,False,2023-04-19,2023-05-04,10,9.70461573958397,9.595490701198578,219.09794867610987,-2.4636804486671906,-1.1244653195312315,time
SPGP.L,range,False,2023-04-20,2023-05-05,10,1193.990625,1247.9381250000001,357.4144770099015,16.148885171097334,4.5182515566234205,time
SPOL.L,breakout,False,2023-04-28,2023-05-05,4,1226.93177444458,1184.1658892822265,72.59783630313345,-2.5304672965867354,-3.4855960252323848,stop
HIDR.L,streak,False,2023-05-05,2023-05-15,5,6911.64213517178,6789.667992691068,416.1221730962209,-7.3435725169183,-1.7647635698615383,time
SPGP.L,range,False,2023-05-10,2023-05-18,6,1219.5225,1147.064375,359.8709161443815,-21.38178822108995,-5.941516044189443,stop
IUCD.L,breakout,False,2023-05-11,2023-05-25,10,9.852300152778625,9.857662385702133,264.3123434999497,0.14385517375910695,0.05442620342819282,time
SPOL.L,breakout,False,2023-05-17,2023-06-01,10,1233.3397988891602,1173.53125,405.63258636141154,-19.670407453228734,-4.849316380046142,stop
FDN.L,breakout,False,2023-05-18,2023-06-02,10,1649.45927444458,1714.4542256164552,338.52156285763874,13.339033457475296,3.9403792611830912,time
SPGP.L,streak,False,2023-05-25,2023-06-02,5,1103.878125,1124.5925,267.56977795725265,5.020971603430667,1.8765092387350357,time
XDAX.L,bounce,False,2023-06-01,2023-06-06,3,12856.05,12991.74,174.45144764664744,1.8412589349896393,1.0554563804590078,time
HIDR.L,streak,False,2023-06-02,2023-06-09,5,6874.649666477308,6831.554920985523,407.1297252994243,-2.5521521452175193,-0.6268646052165594,time
KLWD.L,breakout,False,2023-06-01,2023-06-15,10,2371.96125,2521.344375,211.51073126153537,13.320678829337282,6.297873753207406,time
NDIA.L,breakout,False,2023-06-02,2023-06-16,10,7.2590625,7.426704870462418,217.3216205763731,5.018872840143956,2.3094217808762307,time
IUIT.L,streak,False,2023-06-09,2023-06-16,5,21.071306326389312,22.242162957191468,404.5775731542068,22.480919163905412,5.556639976021782,time
SPOL.L,breakout,False,2023-06-06,2023-06-20,10,1286.8064511108398,1313.09254196167,176.29270658163708,3.6011989973653726,2.0427385041579926,time
LTAM.L,breakout,False,2023-06-15,2023-06-29,10,1326.9888865160285,1290.2597295847834,224.83141009087265,-6.223012286095042,-2.7678571617639314,time
AIAG.L,streak,False,2023-06-22,2023-06-29,5,1227.1319755554198,1234.455,179.89390557900245,1.07353364937768,0.5967593209577737,time
EQQQ.L,breakout,False,2023-06-16,2023-06-30,10,29026.07047237768,28979.556062294643,421.23562508469536,-0.6750320070165685,-0.1602504552839834,time
IDTL.L,breakout,False,2023-06-16,2023-06-30,10,3.318089861731881,3.27738174967546,228.1633606499339,-2.799230894747126,-1.2268538150794206,time
IUCD.L,breakout,False,2023-06-29,2023-07-13,10,11.13890625,11.455662766695022,399.57583703315777,11.362717977280852,2.8436949695579194,time
IWFQ.L,breakout,False,2023-06-30,2023-07-14,10,4261.32,4207.73375,419.68667801575833,-5.277574847657945,-1.257503543502947,time
IUIS.L,breakout,False,2023-06-30,2023-07-14,10,8.740912041664123,8.88637816309929,226.2380448171072,3.7650500020767197,1.6641984353782835,time
SPOL.L,breakout,False,2023-07-13,2023-07-27,10,1351.6875,1397.0515487670898,410.9385550104386,13.791528478121563,3.3561047777011854,time
KLWD.L,breakout,False,2023-07-14,2023-07-28,10,2525.1525,2513.354375,220.18219860283176,-1.0287446409240886,-0.4672242567528184,time
RBOT.L,breakout,False,2023-07-14,2023-07-28,10,12.315375190973281,11.94505003809929,373.80672056513987,-11.240423356332258,-3.007014785432005,time
SEMI.L,breakout,False,2023-07-14,2023-07-28,10,5.718639543056488,5.774672554135322,50.42327881931271,0.49406298813574523,0.9798311409025429,time
CPXJ.L,breakout,False,2023-07-27,2023-08-03,5,172.78571983337403,164.06466676712037,77.87702551041508,-3.9307048798550994,-5.047322819654198,stop
SSLN.L,range,False,2023-07-27,2023-08-04,6,2397.0025222778318,2241.784350280762,346.8530579781451,-22.460509369760757,-6.475511417049685,stop
KLWD.L,bounce,False,2023-08-03,2023-08-08,3,2533.1625,2475.401875,73.94632063055998,-1.6861080550780088,-2.280178433085134,time
SPOG.L,breakout,False,2023-07-28,2023-08-11,10,2029.53375,2098.37375,258.49616235500184,8.767962501987597,3.391912058619373,time
IUES.L,breakout,False,2023-07-28,2023-08-11,10,8.38546875,8.579262652397157,329.46017390545444,7.614049338098653,2.311068208287792,time
IWFQ.L,breakout,False,2023-07-28,2023-08-11,10,4362.44625,4307.60875,44.68075671770748,-0.5616529937778125,-1.2570355451370974,time
LTAM.L,streak,False,2023-08-04,2023-08-11,5,1308.4893662928866,1296.7433410914339,324.39254860838435,-2.9120015410692304,-0.8976783078284201,time
KLWD.L,bounce,False,2023-08-08,2023-08-11,3,2481.598125,2397.0,72.26021257548197,-2.463363602028508,-3.409017928718816,time
LTAM.L,streak,False,2023-08-16,2023-08-23,5,1264.9896186713174,1263.3272218104687,414.5266325622736,-0.5447536980054792,-0.13141585008380474,time
URNP.L,streak,False,2023-08-17,2023-08-24,5,573.71625,621.2225,271.2114375263588,22.457509882257284,8.280443511927714,time
RBOT.L,range,False,2023-08-15,2023-08-30,10,11.299106097221374,11.450668902397156,353.9967777766085,4.74840613065885,1.3413698736137514,time
ISPY.L,breakout,False,2023-08-30,2023-09-13,10,1678.095,1728.83625,426.5584040720606,12.898022233914958,3.023741206546715,time
SPOG.L,breakout,False,2023-09-01,2023-09-15,10,2130.1593749999997,2239.1975,291.8714406766402,14.940250483572243,5.118777790981044,time
EQQQ.L,breakout,False,2023-09-01,2023-09-15,10,29984.160396807125,30473.835927506523,347.9661654314507,5.682684272901099,1.6331140316056425,time
CRUD.L,breakout,False,2023-09-13,2023-09-27,10,10.553174961805343,10.666650304794311,380.50323156227245,4.091444978995526,1.0752720711981523,time
BRNT.L,breakout,False,2023-09-13,2023-09-27,10,54.07751081943512,54.32201189041138,58.953194743703136,0.2665455386886535,0.4521307790823714,time
SPOG.L,breakout,False,2023-09-15,2023-09-29,10,2244.8025,2244.690625,299.1415982506434,-0.014908423482324906,-0.004983734649244287,time
CNKY.L,breakout,False,2023-09-15,2023-09-29,10,18093.489016113283,17442.170000000002,361.3189426139208,-13.00655158310326,-3.5997425125316784,stop
CRUD.L,breakout,False,2023-09-28,2023-10-03,3,10.963687309026717,10.406975076198577,381.4082167913719,-19.367080983247547,-5.077782840174427,stop
IUIT.L,streak,False,2023-09-28,2023-10-05,5,20.926124618053436,21.1934743142128,62.40620003228787,0.797294239693997,1.2775881872017392,time
KLWD.L,bounce,False,2023-10-04,2023-10-09,3,2322.9,2360.04625,387.6655725246575,6.199286354726439,1.5991325498299513,time
SSAC.L,streak,False,2023-10-05,2023-10-12,5,5543.921249999999,5641.93875,427.1442519423332,7.551985287445746,1.7680175381279195,time
URNP.L,streak,False,2023-10-05,2023-10-12,5,752.7397377777099,746.7653871917724,257.8738864710941,-2.046695461149568,-0.7936807751873665,time
SPOL.L,breakout,False,2023-10-11,2023-10-18,5,1241.14947555542,1375.27875,393.8648588793839,42.5644201533965,10.806859051731577,take_profit
EQQQ.L,breakout,False,2023-10-13,2023-10-23,6,30542.1093296079,29324.391484096133,435.17071856974917,-17.350312780553622,-3.987012921636346,stop
IWFQ.L,breakout,False,2023-10-13,2023-10-27,10,4427.5275,4246.685,255.35270966997427,-10.429889458279433,-4.084503145378537,stop
IUMF.L,streak,False,2023-10-20,2023-10-27,5,817.02,793.0075,436.4292790327804,-12.826807254136497,-2.9390345401581253,time
FDN.L,streak,False,2023-10-23,2023-10-27,4,1783.82697555542,1710.2595243835449,417.82040578919555,-17.231481933352313,-4.124136038977033,stop
URNP.L,streak,False,2023-10-31,2023-11-07,5,772.66463722229,761.7466371917725,407.95919963327464,-5.764594805397564,-1.4130321881647756,time
CRUD.L,range,False,2023-10-27,2023-11-08,8,10.342912423610686,9.563031059503556,283.810570278001,-21.40002405813283,-7.5402491306686965,stop
ISPY.L,range,False,2023-11-01,2023-11-15,10,1609.5093749999999,1726.339375,377.3444459349062,27.39042860099846,7.258733736794798,time
LTAM.L,breakout,False,2023-11-08,2023-11-22,10,1315.989158249902,1320.957906757546,315.56997526309516,1.1914899403358277,0.3775675868220585,time
SPOL.L,breakout,False,2023-11-10,2023-11-24,10,1414.1655244445801,1489.735475616455,349.0351757846501,18.651685913268352,5.34378401011828,time
NDIA.L,breakout,False,2023-11-15,2023-11-29,10,7.798736284375191,7.9200873285532,404.7348745359047,6.297815165078703,1.5560347183573464,time
EQQQ.L,breakout,False,2023-11-23,2023-12-07,10,31383.074442138204,30711.516692568024,316.761465203431,-6.778291180960423,-2.139872404178733,time
IUCD.L,breakout,False,2023-11-24,2023-12-08,10,11.31913155555725,11.495612728595734,367.68686169791846,5.73275505676304,1.5591405769273647,time
SSLN.L,range,False,2023-11-29,2023-12-11,8,2391.055155944824,2189.569671020508,363.99114307028924,-30.672204188737567,-8.42663476094927,stop
NDIA.L,breakout,False,2023-11-29,2023-12-13,10,7.939912328124046,8.246678719520569,47.04154663069414,1.8174968323634957,3.863599227788983,time
URNP.L,streak,False,2023-12-08,2023-12-15,5,814.41677444458,832.857649383545,373.4196167546815,8.455356849722989,2.2643044099308174,time
XXSC.L,breakout,False,2023-12-07,2023-12-21,10,4517.564710693359,4762.539375,309.98317402247056,16.80950442549539,5.422715113007026,time
IWFQ.L,breakout,False,2023-12-11,2023-12-27,10,4551.6825,4654.175,333.3189388815517,7.50550842316386,2.2517497650594187,time
IUCD.L,breakout,False,2023-12-13,2023-12-29,10,11.69960667014122,12.124825342893601,48.85904346305764,1.7757671859460515,3.6344698137381837,time
SRSA.L,bounce,False,2023-12-27,2024-01-02,3,2468.581875,2498.8725,340.82444730471553,4.1820713457760235,1.2270455886742804,time
SPOL.L,breakout,False,2023-12-15,2024-01-03,10,1557.54447555542,1534.2797012329102,381.8749736044045,-5.704000893555701,-1.4936828249616174,time
KLWD.L,breakout,False,2023-12-29,2024-01-05,4,2744.42625,2496.875,50.63481064900369,-4.567333762266038,-9.020145831938464,stop
EQQQ.L,breakout,False,2023-12-21,2024-01-09,10,32310.497310819934,31842.34317929278,326.79267844796595,-4.7349733152206,-1.4489227046665665,time
SSLN.L,range,False,2024-01-02,2024-01-09,5,2292.932655944824,2208.805605773926,345.00651865049156,-12.658191521040123,-3.6689716966952446,stop
KLWD.L,streak,False,2024-01-05,2024-01-12,5,2503.125,2648.685,46.06747688673765,2.6788841690421066,5.815131086142311,time
CNKY.L,breakout,False,2024-01-03,2024-01-17,10,18480.07125,18862.3925,376.1709727108488,7.782337771047651,2.068829956486229,time
LTAM.L,streak,False,2024-01-11,2024-01-18,5,1378.7754674197538,1345.9006612461244,433.838791877356,-10.344226837934855,-2.3843480646744686,time
IWFV.L,streak,False,2024-01-12,2024-01-19,5,3192.98625,3155.05125,269.31360144062046,-3.199641548926195,-1.1880727641717992,time
FDN.L,streak,False,2024-01-18,2024-01-25,5,2037.54375,2091.881875,423.49456503942116,11.293941841461162,2.6668445769569393,time
IUCS.L,streak,False,2024-01-19,2024-01-26,5,7.892353296875953,7.877640434503555,266.11395989169426,-0.4960875318151352,-0.18641920627426867,time
EQQQ.L,breakout,False,2024-01-17,2024-01-31,10,32347.541816511213,33438.20278681669,383.95331048189644,12.945740747089303,3.3716966083301214,time
CRUD.L,breakout,False,2024-01-25,2024-02-08,10,9.469322333335876,9.308349695205688,392.36677636079577,-6.6699931507331485,-1.6999383109338129,time
IWFQ.L,breakout,False,2024-01-25,2024-02-08,10,4746.9262499999995,4903.8625,42.421730520086555,1.4024880429378825,3.3060604217308054,time
IWDA.L,breakout,False,2024-01-29,2024-02-12,10,92.31524694442749,93.98237347602844,265.61787235987913,4.796808944736085,1.8059059437977254,time
ISPY.L,breakout,False,2024-01-31,2024-02-14,10,2014.014375,2043.4425,396.89905122898574,5.799360241382658,1.4611675748342323,time
LTAM.L,streak,False,2024-02-12,2024-02-19,5,1381.275894191273,1375.3329088580049,270.4146813046152,-1.1634681323636755,-0.430253315667084,time
EQQQ.L,breakout,False,2024-02-08,2024-02-22,10,34447.9778895865,34314.03245243709,429.52100177308705,-1.6701235274754254,-0.3888339616878067,time
CRUD.L,breakout,False,2024-02-14,2024-02-28,10,9.717131173610687,9.745302820205689,402.24275198431826,1.1661714195109312,0.2899173232477237,time
IUIT.L,streak,False,2024-02-22,2024-02-29,5,26.90358834028244,26.906325533390046,427.8508782456116,0.043529898696192504,0.01017408188448421,time
SPOL.L,breakout,False,2024-02-19,2024-03-04,10,1593.78979888916,1631.75779876709,269.7068726583017,6.425082225588653,2.382246385589415,time
IUCS.L,streak,False,2024-02-29,2024-03-07,5,8.19022530555725,8.224705907106399,427.8944081443078,1.8014225545568365,0.42099698436566246,time
CPXJ.L,breakout,False,2024-02-28,2024-03-13,10,168.179963722229,172.74380670547487,403.4089234038292,10.947171968095688,2.713666290702532,time
BRNT.L,breakout,False,2024-03-04,2024-03-18,10,51.46425152778625,52.70403795719147,276.13195488389033,6.652086452774768,2.4090245026410884,time
CNKY.L,breakout,False,2024-03-07,2024-03-21,10,20852.0325,21103.5875,429.69583069886465,5.183769720839052,1.2063812004896812,time
AIAG.L,streak,False,2024-03-18,2024-03-25,5,1512.4882255554198,1535.0787500000001,282.7840413366651,4.223662498930992,1.4936000203429334,time
XXSC.L,breakout,False,2024-03-13,2024-03-27,10,4797.489375,4874.99872253418,414.3560953719249,6.694432877006307,1.6156231202529847,time
IUIT.L,streak,False,2024-03-27,2024-04-05,5,28.075050916671753,27.295837423801423,421.0505282489312,-11.686114257300176,-2.7754660006960474,time
IWFQ.L,breakout,False,2024-03-21,2024-04-08,10,5163.44625,5097.62,434.8796004197037,-5.544067258786242,-1.2748510745124952,time
COPA.L,range,False,2024-03-25,2024-04-10,10,35.994938263893125,38.54176265239715,287.0077038355961,20.30725027108241,7.075507033328554,time
MVUS.L,streak,False,2024-04-05,2024-04-12,5,7051.80375,7020.21375,409.364413991631,-1.8338317821161354,-0.4479704926558692,time
KLWD.L,streak,False,2024-04-12,2024-04-16,2,2673.3375,2507.361875,407.5305822095149,-25.301759725002228,-6.208554849509273,stop
IUMF.L,streak,False,2024-04-10,2024-04-17,5,1054.816875,1042.195625,307.3149541066785,-3.6771300843275867,-1.1965347065574727,time
CRUD.L,breakout,False,2024-04-08,2024-04-22,10,10.728393902778626,10.292119054794313,356.3569430334081,-14.49141153456236,-4.066543901518371,time
BRNT.L,breakout,False,2024-04-08,2024-04-22,10,55.599411277771,53.47307591438294,72.97859012750939,-2.790982015674089,-3.824384673364667,time
FDN.L,streak,False,2024-04-18,2024-04-25,5,2202.249375,2137.3250000000003,241.1515424720253,-7.109373422018621,-2.9480936962463566,time
IUMF.L,bounce,False,2024-04-22,2024-04-25,3,1017.770625,1010.735,412.053139610681,-2.848432936815584,-0.69127805688044,time
COPA.L,range,False,2024-04-17,2024-05-01,10,38.738361124992366,40.439389176368714,444.7151040348383,19.52774575034789,4.391068702901113,time
IWFM.L,bounce,False,2024-04-26,2024-05-01,3,5696.11125,5635.94625,199.0542605637072,-2.1025045089868115,-1.0562469263569962,time
LTAM.L,streak,False,2024-04-26,2024-05-03,5,1333.2662376304793,1349.3923941153482,444.1926151601649,5.372610075408886,1.2095226016919813,time
IUCS.L,streak,False,2024-05-01,2024-05-09,5,8.372953315973282,8.454418902397157,441.99964602671184,4.300485026474291,0.9729611924201409,time
COPA.L,range,False,2024-05-01,2024-05-15,9,40.54061418056488,45.49306173801422,219.1949598131947,26.77688942987143,12.21601511854633,take_profit
NDIA.L,breakout,False,2024-05-03,2024-05-20,10,9.339660068750382,9.41921100616455,443.2931852438694,3.7757678733355533,0.8517540984209759,time
IASH.L,breakout,False,2024-05-03,2024-05-20,10,347.53388111114504,342.67113109588627,6.272039991704389,-0.08775939332260396,-1.3992160993660407,time
IUMF.L,streak,False,2024-05-15,2024-05-22,5,1057.32,1065.1668750000001,249.7173584764175,1.853271381695862,0.7421475995914362,time
IUQF.L,breakout,False,2024-05-09,2024-05-23,10,1072.33875,1083.144375,442.5546218198348,4.459485666634748,1.0076689851970855,time
ISPY.L,streak,False,2024-05-22,2024-05-30,5,1879.34625,1822.71875,251.57062985811336,-7.580197551297601,-3.013148854289094,time
EQQQ.L,breakout,False,2024-05-23,2024-06-03,6,36316.722087339556,35707.72889615005,447.0141074864695,-7.495955917227832,-1.6768947090679331,stop
NDIA.L,breakout,False,2024-05-20,2024-06-04,10,9.4427885055542,8.849923810958863,453.25323371558676,-28.457466756041526,-6.2784917214508855,time
IUQF.L,streak,False,2024-05-30,2024-06-06,5,1074.841875,1086.64,243.99043230681576,2.678188937474971,1.097661458342425,time
IUMF.L,bounce,False,2024-06-03,2024-06-06,3,1066.831875,1070.66,439.5181515692417,1.5771280024568455,0.3588311419735257,time
NDIA.L,breakout,False,2024-06-04,2024-06-11,5,8.87207631111145,9.736813346147537,64.12716838997875,6.250299875054068,9.746726749330193,take_profit
SSLN.L,range,False,2024-06-04,2024-06-18,10,2842.1082586669922,2779.9106552124026,360.6685985695665,-7.892986624961907,-2.1884318890710075,time
URNP.L,streak,False,2024-06-11,2024-06-18,5,893.9159877777099,874.905,70.37746826503282,-1.4967236376864292,-2.1267085540075836,time
EQQQ.L,breakout,False,2024-06-06,2024-06-20,10,36446.881170447625,38464.410847873485,449.4790874780628,24.88106990906482,5.535534489194482,time
IWFQ.L,breakout,False,2024-06-06,2024-06-20,10,5289.60375,5415.2225,238.28481333792644,5.658843612906452,2.3748234449508576,time
SPGP.L,streak,False,2024-06-18,2024-06-25,5,1157.445,1195.50375,421.65635657195094,13.864774447755849,3.288169200264379,time
IDTL.L,breakout,False,2024-06-20,2024-07-02,8,3.1684611742593805,3.052243136245256,462.54946962116446,-16.966151354659132,-3.667964719223371,stop
IUIT.L,streak,False,2024-06-25,2024-07-02,5,31.2890625,31.95001227140427,435.5211310197068,9.199943014885946,2.112398770031132,time
IWDA.L,breakout,False,2024-06-20,2024-07-04,10,102.08744908332824,102.86126036643982,255.75434471679603,1.9385889198301243,0.7579886558630289,time
SPOG.L,breakout,False,2024-07-02,2024-07-16,10,2176.7174999999997,2173.779375,315.9791224999959,-0.4265074173820267,-0.13497961954180848,time
CRUD.L,breakout,False,2024-07-02,2024-07-16,10,10.788468368053437,10.4718934071064,360.3026709765192,-10.572659630839212,-2.9343828071505595,time
BRNT.L,breakout,False,2024-07-02,2024-07-16,10,55.63946219444275,53.89254908561707,214.02259882458287,-6.719671052265255,-3.1397016432703095,time
EQQQ.L,breakout,False,2024-07-04,2024-07-18,10,38727.89647365463,37505.67552102277,257.69293363662615,-8.132579652244033,-3.1559187663685817,stop
SRSA.L,bounce,False,2024-07-18,2024-07-23,3,2606.25375,2605.73875,249.56035398438212,-0.04931353376542802,-0.019760163414628273,time
IJPA.L,breakout,False,2024-07-17,2024-07-26,7,56.66073765277862,53.88256326198578,449.71476705093886,-22.050296214613752,-4.903173707016862,stop
IUMF.L,bounce,False,2024-07-25,2024-07-30,3,1041.800625,1046.190625,249.5110404506167,1.0514041183054417,0.42138580978485773,time
IUES.L,breakout,False,2024-07-17,2024-07-31,10,9.203990739583968,9.340809336900712,277.56399763755604,4.126027274133776,1.486513852391469,time
LQDE.L,breakout,False,2024-07-17,2024-07-31,10,93.03218419491598,92.836104266846,145.30678951211672,-0.30625686242004235,-0.21076569336390127,time
CEU1.L,streak,False,2024-07-26,2024-08-02,5,14570.19,14326.07,189.15179045195802,-3.1691923773905444,-1.6754757487719818,time
XXSC.L,breakout,False,2024-07-31,2024-08-05,3,5121.39375,4820.466875,445.4232165952317,-26.172527082583997,-5.875878514515708,stop
RBOT.L,range,False,2024-07-31,2024-08-05,3,13.051293597221374,11.725324771404267,231.8297855350769,-23.553149442659304,-10.159673567525951,stop
SRSA.L,bounce,False,2024-08-05,2024-08-08,3,2576.21625,2658.6725,418.45321356651596,13.39331773531984,3.200672691976081,time
IUMF.L,bounce,False,2024-08-05,2024-08-08,3,973.4653125,992.0084375,395.05671011311676,7.525266554083032,1.9048572930018937,time
SSLN.L,multiday,False,2024-07-26,2024-08-09,10,2654.7843081665037,2630.777480773926,238.5126803843671,-2.1568353900973136,-0.9042854185452698,time
IBTL.L,streak,False,2024-08-09,2024-08-16,5,277.8530422531223,278.85573245813436,428.31374118532216,1.5456587751426127,0.36087069512762415,time
IUCS.L,streak,False,2024-08-13,2024-08-20,5,8.81350289583206,8.976265815496445,213.33883605842493,3.9398241817214057,1.8467449501985866,time
IDTL.L,range,False,2024-08-12,2024-08-27,10,3.261462692919277,3.3255236560608976,429.13177571955816,8.428915936077317,1.9641789336023674,time
IWFQ.L,breakout,False,2024-08-16,2024-09-02,10,5369.70375,5350.30375,429.85939996046477,-1.5530228011616032,-0.36128622552035194,time
EQQQ.L,streak,False,2024-08-27,2024-09-03,5,36261.96776445781,36355.18831189254,433.42722126430044,1.114234150276161,0.25707525868494674,time
CPXJ.L,breakout,False,2024-08-20,2024-09-04,10,182.107354888916,181.62269359588623,217.27866024014634,-0.5782663554912517,-0.26614042762052037,time
IWFQ.L,breakout,False,2024-09-03,2024-09-06,3,5377.71375,5150.55375,79.0137517683034,-3.337619792739588,-4.224099878875121,stop
IUMF.L,bounce,False,2024-09-04,2024-09-09,3,1029.785625,1006.74,216.70039388465509,-4.84954916205794,-2.237905097966386,time
IUIT.L,streak,False,2024-09-06,2024-09-13,5,29.737125763893125,31.16100076198578,75.6761319755638,3.6235294940037477,4.788206531451422,time
XXSC.L,breakout,False,2024-09-02,2024-09-16,10,5033.583929443359,4989.255625,432.4398475506382,-3.808285604127093,-0.8806509450267841,time
MVUS.L,streak,False,2024-09-09,2024-09-16,5,7326.14625,7472.6475,211.85084472259715,4.236390116484017,1.9997041418603922,time
SSLN.L,range,False,2024-09-03,2024-09-17,10,2707.7703799438477,2926.38748626709,355.5277036462732,28.704220403839145,8.07369442928081,time
IDTL.L,breakout,False,2024-09-17,2024-09-25,6,3.4538795406527414,3.345174529744723,384.23192405011235,-12.093049280804621,-3.1473306937471968,stop
IUCD.L,breakout,False,2024-09-13,2024-09-27,10,13.126387156248093,13.722824771404266,79.29966146956755,3.603223065616149,4.543806365426839,time
CPXJ.L,breakout,False,2024-09-16,2024-09-30,10,187.5040917778015,199.87984237670898,444.68582607431983,29.350404176174095,6.6002562832458755,time
LQDE.L,breakout,False,2024-09-16,2024-09-30,10,97.8502752966409,96.93723512847909,200.03297071127247,-1.8665061152096314,-0.933099232877832,time
IUQF.L,streak,False,2024-09-25,2024-10-02,5,1105.3799999999999,1108.6125,372.13887476930773,1.0882582575148376,0.2924333713293148,time
HIDR.L,streak,False,2024-09-27,2024-10-04,5,6212.579363239992,5965.475680868229,82.9028845351837,-3.2974400567176474,-3.9774732510281074,stop
IUCD.L,breakout,False,2024-09-30,2024-10-14,10,13.757174770832062,13.408218940496445,437.4774679755391,-11.096777909240359,-2.5365370154013966,time
XXSC.L,breakout,False,2024-09-30,2024-10-14,10,5051.30625,4983.7625,234.7252268710177,-3.138638058713866,-1.3371541272121368,time
SSLN.L,range,False,2024-10-03,2024-10-17,10,3011.8602227783203,3033.673133239746,364.8904635663034,2.6426601572691197,0.7242338238825807,time
CPXJ.L,breakout,False,2024-10-03,2024-10-17,10,199.438989944458,193.66761615753174,8.336669460519147,-0.24124688762266722,-2.8938041596247244,time
EQQQ.L,breakout,False,2024-10-04,2024-10-18,10,36867.04896514251,37894.53592259817,79.60544447846605,2.2186087099463663,2.7870062462204137,time
CNKY.L,breakout,False,2024-10-14,2024-10-23,7,20497.59,19275.875,444.03644051726707,-26.465842078339563,-5.960286062898124,stop
IASH.L,bounce,False,2024-10-18,2024-10-23,3,359.34861888885496,364.34398780822755,81.82405318841242,1.1374506834570752,1.390117745497066,time
IWDA.L,breakout,False,2024-10-14,2024-10-28,10,108.31522530555725,107.79508780479432,213.9308383613356,-1.0273112693758435,-0.4802071909056349,time
IWFM.L,streak,False,2024-10-23,2024-10-30,5,6247.8,6175.27125,68.1632650383329,-0.791285958121108,-1.160868625756284,time
IUIS.L,breakout,False,2024-10-17,2024-10-31,10,11.56944405555725,11.230943635702133,375.62854629646904,-10.990192788896081,-2.925814051475728,time
EQQQ.L,breakout,False,2024-10-23,2024-11-06,10,38406.88647633444,39016.06507630927,432.3688372724641,6.857880633585921,1.5861181570919536,time
IWFM.L,streak,False,2024-10-31,2024-11-07,5,6141.6675,6263.16125,364.63835350757296,7.213233370491139,1.97818833403145,time
IUCD.L,breakout,False,2024-10-28,2024-11-11,10,13.857300152778626,14.9962315928936,212.90352709195975,17.49853997842297,8.218999571042707,time
SRSA.L,bounce,False,2024-11-11,2024-11-12,1,2949.6825,2829.4587500000002,230.4020670703827,-9.390773586971761,-4.075820024697563,stop
KLWD.L,breakout,False,2024-10-30,2024-11-13,10,2538.16875,2894.876875,67.37197908021179,9.46829572905331,14.053759230941608,time
FXC.L,bounce,False,2024-11-13,2024-11-18,3,6791.579761028382,6802.579472345438,62.15727674849589,0.10067055450208073,0.16196101207814895,time
EQQQ.L,breakout,False,2024-11-07,2024-11-21,10,39427.10538170963,39801.040515928486,443.8928575778053,4.2099751850956295,0.9484214745126174,time
IUES.L,breakout,False,2024-11-07,2024-11-21,10,9.454303239583968,9.757787957191468,240.37524536056216,7.716085639463131,3.210016750222766,time
ISPY.L,breakout,False,2024-11-07,2024-11-21,10,2103.62625,2130.833125,126.81020184574672,1.6400771336362823,1.2933321686777965,time
KLWD.L,streak,False,2024-11-19,2024-11-26,5,2801.4975,3117.09875,62.25794730299797,7.013636810762925,11.265448211179919,take_profit
SPGP.L,multiday,False,2024-11-13,2024-11-27,10,1274.090625,1347.31375,235.69429154418017,13.545561228445536,5.747089222950685,time
IASH.L,bounce,False,2024-11-25,2024-11-28,3,358.948125,359.1505060958862,45.97397899710319,0.025920916153786777,0.0563817113924836,time
URNP.L,bounce,False,2024-11-26,2024-11-29,3,834.8422377777099,806.8901493835449,69.2715841137609,-2.3193429305948,-3.3481880922282214,time
SRSA.L,bounce,False,2024-11-28,2024-12-03,3,2851.56,2867.41125,45.999899913256975,0.2557042157626128,0.5558799394016045,time
SPOG.L,breakout,False,2024-11-21,2024-12-05,10,2198.745,2102.36875,317.1903489028717,-13.903211315295948,-4.383239075017798,time
SSAC.L,breakout,False,2024-11-22,2024-12-06,10,7156.9349999999995,7197.99125,461.4801148423344,2.6473124270369794,0.5736568796558927,time
IUIS.L,breakout,False,2024-11-27,2024-12-11,10,11.964937309026718,11.52557496190071,249.2398527726257,-9.152292559770132,-3.672082316674896,time
IGWD.L,breakout,False,2024-11-29,2024-12-13,10,10227.76875,10330.07125,66.9522411831661,0.6696848375302693,1.000242599345058,time
MVUS.L,streak,False,2024-12-06,2024-12-13,5,8005.995,7932.0725,450.4518939654898,-4.159199466357904,-0.9233393225951292,time
IASH.L,bounce,False,2024-12-11,2024-12-16,3,368.66026222229004,364.7435121917725,240.08756021285558,-2.5507575813082326,-1.0624280487697035,time
EQQQ.L,breakout,False,2024-12-03,2024-12-17,10,40957.92743184308,42350.07840455052,46.25560412901959,1.5722178420415034,3.3989780733511887,time
NDIA.L,breakout,False,2024-12-05,2024-12-19,10,9.914377927780151,9.601982820034028,303.2871375875757,-9.5563653831681,-3.150929993003293,time
LQDE.L,breakout,False,2024-12-06,2024-12-20,10,96.0043653300924,92.7579783771763,13.675533303881593,-0.46243806455303904,-3.3814993117802783,time
IUQF.L,streak,False,2024-12-17,2024-12-24,5,1201.5,1201.995625,47.82782197106109,0.019729225355312963,0.04125052018311148,time
MVUS.L,streak,False,2024-12-19,2024-12-30,5,7707.6224999999995,7751.29875,293.73077220440763,1.6644638005419665,0.5666630663346606,time
SSAC.L,breakout,False,2024-12-13,2024-12-31,10,7266.07125,7074.14625,446.77323083002506,-11.801006262779595,-2.6413861548632678,time
IUMF.L,streak,False,2024-12-20,2024-12-31,5,1162.951875,1178.525,13.213095239328554,0.17693697239102946,1.3391031335669101,time
ISPY.L,breakout,False,2024-12-16,2025-01-02,10,2299.370625,2283.6418750000003,304.6781923213505,-2.0841386183553254,-0.6840458788586856,time
IASH.L,streak,False,2025-01-06,2025-01-13,5,351.53888111114503,355.65488109588625,220.06763940390442,2.576666335073554,1.170851989894084,time
ICOM.L,breakout,False,2025-01-03,2025-01-17,10,6.938662328124046,7.285881326198578,437.6796390733305,21.90201490865053,5.004120126543277,time
SRSA.L,range,False,2025-01-03,2025-01-17,10,2811.5099999999998,2851.43125,436.4518192060914,6.197275552098802,1.4199220347784758,time
XDAX.L,breakout,False,2025-01-15,2025-01-29,10,16150.1625,16932.8075,222.64430573897798,10.789455069884383,4.846050310639272,time
EQQQ.L,breakout,False,2025-01-17,2025-01-31,10,42498.13632300057,42585.76886753592,452.47470009947915,0.9330176035537079,0.20620326470155437,time
FDN.L,breakout,False,2025-01-17,2025-01-31,10,2821.5273889160158,2934.406502685547,326.8360341024036,13.075528531942155,4.000638597837525,time
ISPY.L,breakout,False,2025-01-17,2025-01-31,10,2382.474375,2490.8825,122.92001453828857,5.593146537439111,4.550232570707102,time
NGAS.L,streak,False,2025-01-29,2025-02-05,5,7.9173841649293895,8.127327934503555,233.43376080886236,6.1899186232708985,2.651680974432513,time
SPOL.L,breakout,False,2025-01-31,2025-02-14,10,1737.56927444458,1850.6837500000001,460.3977929741028,29.9715560496345,6.509926091526763,time
CPXJ.L,breakout,False,2025-01-31,2025-02-14,10,189.51659877777098,192.71880670547486,458.6840686034928,7.75025391056073,1.6896714843742222,time
KLWD.L,range,False,2025-02-05,2025-02-19,10,3211.509375,3192.005,242.37425926764394,-1.472005182330605,-0.6073273567821946,time
FDN.L,streak,False,2025-02-14,2025-02-21,5,2956.1906249999997,2833.45375,477.7765794374528,-19.83661128359813,-4.151859286814419,stop
IUMF.L,streak,False,2025-02-14,2025-02-21,5,1285.104375,1256.4275,475.3884566546358,-10.608208650700305,-2.231482170465715,time
FDN.L,streak,False,2025-02-21,2025-02-25,2,2840.54625,2714.6025,467.0148071961223,-20.706438461900234,-4.433786283184071,stop
IUCS.L,streak,False,2025-02-19,2025-02-26,5,9.466818673610687,9.6903722178936,244.54088953101555,5.774694167233264,2.361443183717893,time
IUMF.L,bounce,False,2025-02-21,2025-02-26,3,1259.5725,1219.47375,455.7054089616679,-14.507475566195353,-3.183520599250922,stop
AIAG.L,streak,False,2025-02-25,2025-03-03,4,1810.8607255554198,1759.198274383545,446.3083687342221,-12.73283139997352,-2.852922394461299,stop
SRSA.L,bounce,False,2025-03-03,2025-03-06,3,2887.605,2940.32,452.74666536176466,8.265168007585999,1.8255613215796496,time
FXC.L,bounce,False,2025-03-03,2025-03-06,3,7978.895495130836,8229.56535389015,217.06188326062676,6.819348824931524,3.1416611348310752,time
IDTL.L,breakout,False,2025-02-26,2025-03-12,10,3.1597163265420947,3.1406152822576727,455.2805058055785,-2.7522512164069326,-0.6045176943249686,time
IUMF.L,streak,False,2025-03-07,2025-03-12,3,1138.4212499999999,1094.63,455.65334122249214,-17.527456887166636,-3.846664843967007,stop
IWFV.L,bounce,False,2025-03-12,2025-03-17,3,3560.4449999999997,3584.51375,449.34831454068757,3.0376125022577867,0.6760039826482434,time
ISPY.L,streak,False,2025-03-12,2025-03-19,5,2137.66875,2199.2475,441.3058243838096,12.712475229510915,2.8806497732635217,time
SSLN.L,range,False,2025-03-07,2025-03-21,10,3104.355580444336,3161.6430975341796,229.23972423241685,4.230370612942465,1.8453915991686776,time
X7PP.L,bounce,False,2025-03-21,2025-03-26,3,12257.3025,12500.355,452.9064242238485,8.980771966235352,1.9829199777030793,time
FXC.L,bounce,False,2025-03-21,2025-03-26,3,8090.257065900825,8013.141318198828,230.53443013814808,-2.1974375852762478,-0.9531927981253907,time
IASH.L,streak,False,2025-03-20,2025-03-27,5,363.15338722229,357.75226219177245,456.4334671396285,-6.788465455300184,-1.4872847729247463,time
ISPY.L,range,False,2025-03-28,2025-04-01,2,2171.71125,2093.879375,46.27260356075561,-1.6583620388139906,-3.583896109577178,stop
SPOG.L,breakout,False,2025-03-26,2025-04-04,7,2082.6,1922.59375,285.4304648797675,-21.92963522576025,-7.683004417554984,stop
CRUD.L,breakout,False,2025-03-27,2025-04-04,6,9.871323956251144,9.339311082363128,394.5817843680353,-21.26590009768279,-5.38947841491021,stop
BRNT.L,breakout,False,2025-03-27,2025-04-04,6,51.15386265277862,48.3794486284256,413.58433761872556,-22.43142799070364,-5.423664764448278,stop
CSCA.L,streak,False,2025-04-01,2025-04-07,4,16068.06,14685.62,44.61424152194162,-3.8384541786371784,-8.603652214393021,stop
XDAX.L,bounce,False,2025-04-04,2025-04-07,1,17213.489999999998,15380.75,426.9478111512474,-45.45762256284672,-10.64711455956926,stop
X7PP.L,bounce,False,2025-04-04,2025-04-08,2,10689.345,10452.9175,428.1549697262217,-9.469954342847586,-2.2118053070604438,stop
ISFR.L,bounce,False,2025-04-04,2025-04-08,2,4723.396874999999,4513.35125,172.8668426749125,-7.687248175907001,-4.446918828941293,stop
MINV.L,streak,False,2025-04-07,2025-04-14,5,5070.33,5317.345,214.35682493732398,10.442979275884056,4.871773632091014,time
ICOM.L,streak,False,2025-04-08,2025-04-15,5,7.006246817708015,7.156043711900711,407.0847836014077,8.703666576871399,2.138047632208595,time
NGAS.L,streak,False,2025-04-09,2025-04-16,5,8.805993826389313,8.486878544092178,176.77982628097186,-6.4062211807411416,-3.6238417671930367,time
FXC.L,multiday,False,2025-04-07,2025-04-23,10,6774.914459109457,7268.242948332287,207.90915099438112,15.139306625155712,7.281693255322308,time
CPXJ.L,breakout,False,2025-04-25,2025-05-12,10,189.646766166687,197.35300609588623,413.6041268445019,16.806680660028917,4.063470253126256,time
SSLN.L,range,False,2025-04-30,2025-05-15,10,3077.652321166992,3056.384698486328,413.3975829609341,-2.8567176841398236,-0.6910339590470715,time
IUKD.L,range,False,2025-04-30,2025-05-15,10,799.8192271260629,808.9003375869594,207.0086073058186,2.350366139677959,1.1353953684668294,time
LTAM.L,bounce,False,2025-05-16,2025-05-21,3,1163.5438489195587,1151.153905126953,202.93084979386754,-2.1608999309019907,-1.0648454550389874,time
SPOL.L,breakout,False,2025-05-12,2025-05-22,8,2072.5875,1979.7222012329103,420.0265723954019,-18.819901758365177,-4.480645510362768,stop
SPGP.L,streak,False,2025-05-15,2025-05-22,5,1555.441875,1708.361875,416.9689889284233,40.993430106113465,9.831289902748708,take_profit
CPXJ.L,breakout,False,2025-05-12,2025-05-27,10,197.84700611114502,201.14824390411377,10.384235109128895,0.17326938661923208,1.6685811212701518,time
FDN.L,streak,False,2025-05-22,2025-05-30,5,2575.215,2555.80125,428.14994733663343,-3.2276901307683374,-0.7538690944251303,time
IUFS.L,streak,False,2025-05-22,2025-05-30,5,14.713368444442748,14.791487919092178,428.7175519522509,2.2762421846473444,0.530942149273339,time
X7PP.L,bounce,False,2025-05-27,2025-05-30,3,13218.5025,13133.5625,10.557504495748127,-0.06784084898186116,-0.6425841353814521,time
SRSA.L,bounce,False,2025-06-02,2025-06-05,3,3151.935,3270.90625,430.5444111032814,16.2510986963473,3.774546429415593,time
ICOM.L,streak,False,2025-05-30,2025-06-06,5,7.141415796875953,7.3008624428510664,427.55627306132646,9.54606420411352,2.232703577417583,time
NDIA.L,range,False,2025-05-23,2025-06-09,10,9.756180435419083,9.905602720975876,203.07154024565466,3.110173481917627,1.5315654168748916,time
RBOT.L,streak,False,2025-06-02,2025-06-09,5,13.997474541664124,14.421949580907823,8.3050308249218,0.2518510231853366,3.032511600433563,time
MIDD.L,breakout,False,2025-06-05,2025-06-19,10,1981.9313733055515,1948.1345314956102,438.3099796803805,-7.474271433662125,-1.705247833761947,time
LQDE.L,breakout,False,2025-06-05,2025-06-19,10,95.89595986484099,95.52292384048594,8.48553011924821,-0.03300877768668009,-0.389000772171022,time
EQQQ.L,breakout,False,2025-06-06,2025-06-20,10,39113.43102058039,39329.73262027703,437.10233726544,2.417224270913664,0.5530110605301397,time
IUIS.L,breakout,False,2025-06-09,2025-06-20,9,12.155175343751907,11.855162385702133,214.73859557567943,-5.300158940054246,-2.468191116666929,stop
X7PP.L,bounce,False,2025-06-20,2025-06-25,3,13222.5075,13227.445,214.7823544640554,0.08020323491336967,0.037341631305554124,time
CEU1.L,streak,False,2025-06-20,2025-06-27,5,16778.9475,16912.8325,434.1756437079234,3.4644369712603975,0.797934435398906,time
SSLN.L,range,False,2025-06-19,2025-07-03,10,3466.838147277832,3512.2043475341798,433.7362034048305,5.675766397557936,1.3085756625808909,time
URNP.L,breakout,False,2025-06-19,2025-07-03,10,782.1765122222901,777.0275,5.552026183449357,-0.036548592587922535,-0.6582928714722991,time
EQQQ.L,breakout,False,2025-06-25,2025-07-09,10,39876.72694260452,40768.89023212351,214.86255769896877,4.807126887497134,2.2373032039542773,time
SPOL.L,breakout,False,2025-06-27,2025-07-11,10,2056.5675,2102.868125,381.4552478228421,8.58790989536078,2.2513545021011883,time
IUIS.L,breakout,False,2025-06-27,2025-07-11,10,12.240281631946564,12.58425038099289,56.1848328563417,1.578871079447488,2.8101375392260763,time
CSCA.L,streak,False,2025-07-09,2025-07-16,5,17393.715,17589.985,219.6696845864659,2.4787441322216353,1.128396090196948,time
IBZL.L,bounce,False,2025-07-11,2025-07-16,3,1658.1758069176144,1647.7957981283841,444.673776273115,-2.7836117779544907,-0.6259896415040322,time
CPXJ.L,breakout,False,2025-07-03,2025-07-17,10,210.703052444458,209.04836006164552,444.9274473932499,-3.494102480076208,-0.7853196067240886,time
IDVY.L,streak,False,2025-07-17,2025-07-24,5,1903.8974495718915,1943.6673023295848,446.6815562465822,9.33057593280472,2.088865278255181,time
BRNT.L,streak,False,2025-07-17,2025-07-24,5,49.842223777771,50.436875,316.3953790932492,3.7748094813000534,1.1930671971626783,time
URNP.L,breakout,False,2025-07-16,2025-07-30,10,799.99875,794.00625,345.5280881680674,-2.588225379536027,-0.7490636704119646,time
CRUD.L,streak,False,2025-07-24,2025-07-31,5,9.758182790279388,10.256163803339005,454.5670023079174,23.197529824739945,5.10321464315755,time
RBOT.L,streak,False,2025-07-30,2025-08-04,3,15.479325038194656,15.006218369007112,342.9398627885314,-10.481538168826944,-3.056377897745366,stop
IUIS.L,breakout,False,2025-07-24,2025-08-07,10,12.866062881946563,12.659156440496446,321.6153184460188,-5.172078021543484,-1.6081566159640404,time
IEUX.L,streak,False,2025-07-31,2025-08-07,5,4090.7745318899097,4034.6269033010662,454.43045351564854,-6.237252169375495,-1.3725427336838236,time
ISFR.L,bounce,False,2025-08-04,2025-08-07,3,5063.32125,5127.5825,332.45832461970446,4.219401941555304,1.2691521400108874,time
IH2O.L,breakout,False,2025-07-31,2025-08-14,10,5516.121658198463,5677.10584352792,23.3340786170088,0.6809889029531497,2.918430652996773,time
IUCS.L,breakout,False,2025-08-07,2025-08-21,10,9.511875,9.722830907106399,450.00667925176396,9.98032114861627,2.2178162255748646,time
SPOL.L,breakout,False,2025-08-08,2025-08-22,10,2249.80875,2233.205,418.3071607839898,-3.0871368603519045,-0.7380071750543338,time
LQDE.L,breakout,False,2025-08-08,2025-08-22,10,97.99261225807038,97.65283935125522,233.0003282962545,-0.8078894623771475,-0.3467331862940237,time
SPOL.L,breakout,False,2025-08-22,2025-08-28,3,2238.795,2138.32375,411.26628344852344,-18.456552556588463,-4.487737823248672,stop
IASH.L,breakout,False,2025-08-14,2025-08-29,10,373.46625,406.8907439041138,24.01506751996195,2.1493012499197697,8.949803068982476,time
FDN.L,streak,False,2025-08-21,2025-08-29,5,2763.45,2837.44875,456.7707101016638,12.23125498349367,2.677766921782565,time
FXC.L,bounce,False,2025-08-28,2025-09-02,3,8120.776512876246,8286.236192241551,392.809730891935,8.003443023200703,2.0374859362642717,time
SRSA.L,streak,False,2025-08-29,2025-09-05,5,3489.35625,3524.58875,451.8514839747357,4.56240528869472,1.0097134679212028,time
IASH.L,breakout,False,2025-08-29,2025-09-05,5,407.909243888855,402.8957439041138,43.314849880303484,-0.5323708704015999,-1.2290724125161634,stop
IH2O.L,breakout,False,2025-08-26,2025-09-09,10,5697.322887418415,5612.195783286206,239.3624696077083,-3.5764576237438916,-1.4941597275484941,time
IWFQ.L,streak,False,2025-09-02,2025-09-09,5,5545.92375,5555.047500000001,400.8131739151357,0.6593886537852995,0.16451271981516857,time
SRSA.L,bounce,False,2025-09-05,2025-09-10,3,3533.41125,3622.46625,454.4458831124605,11.453712929843732,2.5203689494111448,time
IASH.L,bounce,False,2025-09-05,2025-09-10,3,403.904243888855,401.29773780822757,44.75048516087179,-0.28878728918465413,-0.6453277280603853,time
URNP.L,breakout,False,2025-09-09,2025-09-23,10,886.4066127777099,989.6613993835449,357.16035700372345,41.60451413027937,11.648693175050685,time
CNKY.L,breakout,False,2025-09-09,2025-09-23,10,22062.54375,23185.98125,280.098217549162,14.262763389551878,5.092057891103341,time
IUHC.L,breakout,False,2025-09-10,2025-09-24,10,10.993724541664124,10.936312309503556,462.41642036595397,-2.4148648422375345,-0.5222273119813603,time
EQQQ.L,breakout,False,2025-09-11,2025-09-25,10,43271.18619485797,44444.5165177605,47.94487354803738,1.3000608235769846,2.711574204642364,time
FDN.L,streak,False,2025-09-25,2025-10-02,5,2891.109375,2849.43375,478.3243017623447,-6.895091690757738,-1.4415098010603589,time
IUIS.L,breakout,False,2025-09-24,2025-10-08,10,12.911119208335876,12.978756135702133,481.0223420028037,2.51991114655533,0.5238657181833473,time
IASH.L,breakout,False,2025-09-25,2025-10-09,10,415.81911277770996,428.06425609588626,243.0256982028991,7.156680424368119,2.9448245503622017,time
ICOM.L,streak,False,2025-10-02,2025-10-09,5,7.591978105902672,7.677890625,36.42602567192881,0.4122050383346405,1.1316223242336942,time
FXC.L,streak,False,2025-10-08,2025-10-13,3,8678.973680656418,8418.626580891438,481.7034768970957,-14.449877113509217,-2.9997452388320855,stop
SPOL.L,breakout,False,2025-10-02,2025-10-16,10,2165.203125,2201.245,435.00318439965815,7.24104367655309,1.664595556132853,time
SRSA.L,bounce,False,2025-10-13,2025-10-16,3,4032.03375,4102.865,467.2535997835865,8.208303449759342,1.756712725928944,time
EQQQ.L,breakout,False,2025-10-09,2025-10-23,10,46047.59697293824,45663.96245974572,288.85938558979404,-2.406562710252956,-0.8331260226629777,time
FDN.L,bounce,False,2025-10-23,2025-10-29,3,2901.121875,2991.7556250000002,288.7272163234541,9.020107210234357,3.124093157927077,time
IDTL.L,breakout,False,2025-10-16,2025-10-30,10,3.2571576387323278,3.2514102244108254,480.1538240272011,-0.8472549599447916,-0.17645490206421588,time
SPOL.L,breakout,False,2025-10-16,2025-10-31,10,2206.755,2338.573125,435.277913838443,26.000855761557148,5.973391926154004,time
IWDP.L,streak,False,2025-10-31,2025-11-07,5,1832.8886755291157,1845.7865244465718,461.27876960000015,3.245971213943619,0.7036897051989621,time
IUIS.L,breakout,False,2025-10-29,2025-11-12,10,13.031269093751908,13.08362538099289,297.7473235336885,1.1962721576855415,0.40177427742693617,time
LQDE.L,breakout,False,2025-10-30,2025-11-13,10,101.06173803283882,99.95287978795108,479.3065690672563,-5.258993673415603,-1.097208762160251,time
FDN.L,streak,False,2025-11-07,2025-11-14,5,2861.071875,2824.465,464.52474081394377,-5.943506442452929,-1.2794811385156035,time
INRG.L,range,False,2025-11-12,2025-11-14,2,777.6425517082585,730.324528390319,298.943595691374,-18.190131186365306,-6.084803771860892,stop
LTAM.L,bounce,False,2025-11-14,2025-11-19,3,1383.9540129852294,1375.0064912885584,485.35290970813617,-3.137897393561957,-0.6465187146913132,time
FDN.L,streak,False,2025-11-17,2025-11-24,5,2867.58,2738.5725,485.0404085531975,-21.82113507083551,-4.498828280292089,stop
ISPY.L,streak,False,2025-11-17,2025-11-24,5,2458.06875,2367.5368750000002,242.98895600900664,-8.949402164519512,-3.6830489383179232,stop
IJPA.L,bounce,False,2025-11-19,2025-11-24,3,66.37286341667175,66.80638689041137,475.8958678826206,3.108379225522299,0.6531637350314146,time
SRSA.L,streak,False,2025-11-19,2025-11-26,5,4218.26625,4214.725,6.319144431953589,-0.005304944945011769,-0.083950367049479,time
IBZL.L,bounce,False,2025-11-24,2025-11-27,3,1941.914286986743,1992.7312632211504,472.9925804514975,12.377504445446618,2.6168495991272467,time
IASH.L,bounce,False,2025-11-24,2025-11-27,3,414.617631111145,416.3788689041138,474.31481925703775,2.014823111120222,0.42478603436346685,time
LTAM.L,bounce,False,2025-11-24,2025-11-27,3,1371.4408841066418,1398.9717329819007,228.95567472645672,4.596147127503059,2.0074397077051165,time
IUKP.L,range,False,2025-11-27,2025-12-11,10,413.96891887648474,401.3525547616388,458.9160110061686,-13.986198550123447,-3.0476597492118063,time
ISPY.L,range,False,2025-11-27,2025-12-11,10,2390.484375,2425.96375,448.47004900575683,6.656156054123414,1.484191880568142,time
IUIT.L,range,False,2025-11-27,2025-12-11,10,41.78216204166412,42.37696280479431,294.1793285941449,4.1878658402224005,1.4235758373084328,time
ICOM.L,streak,False,2025-12-11,2025-12-18,5,7.964943673610687,7.882634298801422,479.3692847801171,-4.953780936799717,-1.0333955666500416,time
XXSC.L,streak,False,2025-12-11,2025-12-18,5,5790.22875,5808.7300000000005,479.67156432713585,1.532672354180761,0.3195253728101921,time
SPOL.L,breakout,False,2025-12-12,2025-12-30,10,2374.965,2436.9500000000003,239.38236284303963,6.247719760428396,2.6099331990155683,time
MIDD.L,breakout,False,2025-12-19,2026-01-07,10,2060.256494233659,2097.0534210855003,480.72369206269764,8.585899174344206,1.786036202522845,time
IUCD.L,breakout,False,2025-12-19,2026-01-07,10,17.07131173610687,17.058649923801422,474.8960484619363,-0.3522309663824217,-0.0741701194447053,time
IASH.L,breakout,False,2025-12-30,2026-01-14,10,429.035625,442.54613109588627,245.63008260346803,7.73499107060681,3.1490406177543617,time
SPOL.L,breakout,False,2026-01-07,2026-01-21,10,2516.14125,2507.361875,395.6231544988225,-1.3804169507686197,-0.3489221839195311,time
IUHC.L,breakout,False,2026-01-07,2026-01-21,10,12.69585030555725,12.434437309503556,488.7598979565881,-10.063775659027954,-2.0590428349589796,time
IUQF.L,breakout,False,2026-01-07,2026-01-21,10,1261.575,1248.4375,79.47035627718509,-0.8275701449311583,-1.041357033866408,time
EQQQ.L,breakout,False,2026-01-14,2026-01-28,10,46816.85058296071,46312.44502708093,253.36507367407484,-2.7297596748980197,-1.0774017252312973,time
X7PP.L,streak,False,2026-01-21,2026-01-28,5,18010.485,18742.5425,480.15935787184594,19.516645949582653,4.064618470851844,time
CEU1.L,streak,False,2026-01-21,2026-01-28,5,19380.195,19663.39,471.42228810602194,6.888704416038422,1.461259806725379,time
IUQF.L,streak,False,2026-01-28,2026-02-04,5,1249.56,1235.4537500000001,490.21146070933514,-5.5339842965771595,-1.1288973718748818,time
SPOL.L,breakout,False,2026-01-28,2026-02-11,10,2618.769375,2643.69125,399.69551690975504,3.8037567590254753,0.9516636034434978,time
MIDD.L,breakout,False,2026-01-28,2026-02-11,10,2179.386820676171,2163.959395895351,338.71533272357556,-2.3976951994607703,-0.7078791444665833,time
IUIS.L,breakout,False,2026-02-04,2026-02-18,10,14.302856097221374,14.776506326198579,484.677476412758,16.050472445681294,3.3115779516877053,time
SSLN.L,multiday,False,2026-02-18,2026-02-24,4,7194.221784667969,8379.622713623046,499.5606110130103,82.31322721051185,16.477125176782238,take_profit
MIDD.L,breakout,False,2026-02-11,2026-02-25,10,2169.376065221747,2180.9353391892123,496.5363964162576,2.6457377920811496,0.5328386420767384,time
IDTL.L,breakout,False,2026-02-11,2026-02-25,10,3.2085536043820184,3.2429882211848358,243.2805147766377,2.6109182936774005,1.0732130750687352,time
SPOL.L,breakout,False,2026-02-24,2026-03-04,6,2649.808125,2448.435625,431.9849336137555,-32.828749079383215,-7.599512511872907,stop
IH2O.L,breakout,False,2026-02-25,2026-03-10,8,6023.1033462823,5747.408733302473,211.75245608236025,-9.692513654640834,-4.577285115819851,stop
IBZL.L,bounce,False,2026-03-04,2026-03-10,3,2248.5277837367094,2273.867318894758,399.1561845343723,4.498246472521885,1.1269389393951723,time
IASH.L,breakout,False,2026-02-24,2026-03-11,10,444.95549388885496,447.44,151.05624245519562,0.8434554975969775,0.5583718248831415,time
IDTL.L,breakout,False,2026-02-25,2026-03-11,10,3.251105838759766,3.2010300474140525,533.3211111962936,-8.214582363371392,-1.5402694907286296,time
CEU1.L,bounce,False,2026-03-10,2026-03-13,3,19145.9025,18704.59,514.831060039056,-11.866841073879186,-2.3049971136121727,time
RBOT.L,streak,False,2026-03-10,2026-03-16,4,16.260299770832063,15.945043902397156,90.8833133955577,-1.7620522557741367,-1.93880723527875,stop
SRSA.L,bounce,False,2026-03-12,2026-03-17,3,4582.72125,4589.25625,509.5163332269269,0.7265746825946735,0.1426008618787611,time
IJPA.L,bounce,False,2026-03-12,2026-03-17,3,73.13130091667175,72.23958932876587,167.4898935587879,-2.042253823895038,-1.2193295849090902,time
IBZL.L,bounce,False,2026-03-13,2026-03-18,3,2212.4912907497305,2285.599908027649,499.92318833126313,16.519248322863234,3.3043572909678964,time
SSLN.L,multiday,False,2026-03-18,2026-03-20,2,7493.45522277832,6882.206299438477,514.6458579284168,-41.98019701296357,-8.157103834847668,stop
X7PP.L,streak,False,2026-03-16,2026-03-23,5,16392.465,15694.3575,92.1622917736972,-3.924924476239923,-4.258709718154041,time
SRSA.L,bounce,False,2026-03-19,2026-03-24,3,4252.30875,4180.7675,489.91518260368423,-8.242379991209702,-1.6824095851459608,time
IASH.L,streak,False,2026-03-19,2026-03-24,3,436.645131111145,419.475,187.57194376643974,-7.3758634592957435,-3.932285026848148,stop
IBZL.L,bounce,False,2026-03-20,2026-03-25,3,2185.1135939713245,2242.5755243832314,472.66566091545326,12.429688502490876,2.6296999190542403,time
IASH.L,bounce,False,2026-03-24,2026-03-27,3,420.525,425.5673810958862,492.0079849094251,5.899510759484826,1.199068092476363,time
SSLN.L,bounce,False,2026-03-24,2026-03-27,3,6670.47758972168,6446.88150756836,169.8608980101934,-5.69377991234785,-3.3520250858476985,stop
IWFQ.L,streak,False,2026-03-23,2026-03-30,5,5772.20625,5762.7875,88.23736729745728,-0.14398059723400536,-0.16317417625192343,time
SRSA.L,bounce,False,2026-03-27,2026-04-01,3,4272.33375,4640.1925,494.16778568612057,42.54909718435846,8.610253119855171,time
EIMI.L,bounce,False,2026-03-27,2026-04-01,3,45.92733643054962,46.96122545719147,494.0135438172093,11.120940634940041,2.2511408389756404,time
IFFF.L,bounce,False,2026-03-27,2026-04-01,3,5793.049060453546,5925.396123201185,158.9886336813696,3.6322286344217787,2.28458384119532,time
IJPA.L,bounce,False,2026-04-07,2026-04-10,3,73.13130091667175,74.90625,520.1992576320267,12.625608787324495,2.427071665729952,time
ARKS.L,multiday,False,2026-04-08,2026-04-15,5,10.392975114583969,9.056165739297867,168.54140094303617,-21.678847723626404,-12.862624614680552,stop
SPOL.L,breakout,False,2026-04-02,2026-04-20,10,2535.665625,2808.984375,420.4975587804195,45.325324447664855,10.778974455671776,time
CRUD.L,multiday,False,2026-04-09,2026-04-20,7,13.988463467359542,13.799729138612747,183.32739898316058,-2.473479211545879,-1.3492141519844902,stop
BRNT.L,multiday,False,2026-04-15,2026-04-20,3,77.11627163887023,76.47428719520569,146.86255321940976,-1.222614534131509,-0.832488954692856,stop
IUIS.L,breakout,False,2026-04-10,2026-04-24,10,14.558174961805344,14.651662576198579,532.8248664193512,3.4216188348901824,0.6421657566179073,time
SPOL.L,breakout,False,2026-04-20,2026-04-28,6,2816.015625,2668.66,432.66476866760297,-22.640352857592916,-5.232770148425581,stop
URNP.L,breakout,False,2026-04-24,2026-04-29,3,1277.39479888916,1218.874524383545,407.24522468801916,-18.65680239231324,-4.581220665412533,stop
IUCD.L,breakout,False,2026-04-20,2026-05-05,10,17.011237270832062,16.87388170719147,359.6519730173743,-2.90397451295064,-0.8074401729502911,time
CSCA.L,streak,False,2026-04-29,2026-05-07,5,21988.45125,22136.295000000002,388.5884222957059,2.612751980828193,0.6723700015025091,time
IWFQ.L,breakout,False,2026-04-24,2026-05-11,10,6226.773749999999,6246.1825,129.00126056622224,0.402094779180743,0.3116983333463885,time
INRG.L,range,False,2026-04-28,2026-05-13,10,861.311884769817,919.3350063343714,410.02441581001005,27.621697719099416,6.736598274161865,time
IUIS.L,breakout,False,2026-05-07,2026-05-18,7,15.00873727083206,14.401975076198578,391.2011742765341,-15.815193427932286,-4.042726471151326,stop
SRSA.L,bounce,False,2026-05-13,2026-05-18,3,4610.756249999999,4410.4800000000005,437.64611352910947,-19.009923251675673,-4.343674641226136,stop
EQQQ.L,breakout,False,2026-05-05,2026-05-19,10,50206.34574235394,52713.675059953144,356.74799850442366,17.81616850258814,4.994048621794089,time
IUCD.L,breakout,False,2026-05-11,2026-05-20,7,17.106355333328246,16.419450533390044,129.40335534540299,-5.196184937283888,-4.015494747732196,stop
SPGP.L,streak,False,2026-05-19,2026-05-20,1,2994.73875,2877.3987500000003,374.5641670070118,-14.676191489692599,-3.9182048851506557,stop
SRSA.L,bounce,False,2026-05-18,2026-05-21,3,4421.5199999999995,4424.462500000001,518.0668007050782,0.34477092969723344,0.0665495123848947,time
IBZL.L,bounce,False,2026-05-18,2026-05-21,3,2182.360322643236,2184.6510584009925,275.95537042095737,0.28965924096468143,0.10496597349158865,time
X7PP.L,streak,False,2026-05-20,2026-05-28,5,18150.66,18800.47,484.0951459254383,17.331042880744292,3.5800902005767465,time
IUIT.L,range,False,2026-05-21,2026-06-05,10,48.97113734722137,51.305786433219914,388.4006563362678,18.51660562603115,4.7673981297291945,time
MIDD.L,breakout,False,2026-05-22,2026-06-08,10,2133.936134537911,2137.096298929898,406.25594496042976,0.6016279262148032,0.1480908608668896,time
CRUD.L,multiday,False,2026-05-28,2026-06-11,10,15.164932408332824,15.350787385702134,501.4261888061826,6.145266623262046,1.2255575716723088,time
AIAG.L,streak,False,2026-06-08,2026-06-15,5,2811.5099999999998,2922.841875,406.85757288664456,16.1109924728774,3.95986053757591,time
SEMI.L,multiday,False,2026-06-11,2026-06-16,3,15.2970973777771,17.168513033390045,481.7030998961332,58.930573574861285,12.233795794041624,take_profit
CRUD.L,multiday,False,2026-06-16,2026-06-17,1,13.935397721529007,13.348293521404267,540.6336734709945,-22.777125329786486,-4.2130422960064635,stop
SPOL.L,breakout,False,2026-06-05,2026-06-19,10,2840.54625,2845.4387500000003,406.91726196229894,0.700866146485339,0.1722379982371569,time
BRNT.L,streak,False,2026-06-17,2026-06-24,5,72.06997836112976,70.0323527431488,517.856548141208,-14.641294377033205,-2.8272876783322687,time
FDN.L,streak,False,2026-06-19,2026-06-26,5,2771.46,2656.675,407.6181281087843,-16.882237822291074,-4.1416798366204155,stop
