event,peak,trough,equity_depth,policy,drawdown_window_return,post_1y_cagr,post_3y_cagr,post_5y_cagr
1998,1998-07-17,1998-10-08,0.2516,Never (drift),-0.1947457800705874,0.3595303168689432,0.0948919180105805,0.05694412273561955
1998,1998-07-17,1998-10-08,0.2516,Monthly,-0.1592175489197707,0.30749454938045107,0.09530718943996885,0.062412064634508324
1998,1998-07-17,1998-10-08,0.2516,Quarterly,-0.1562538863540267,0.31316864606169914,0.09949994453422928,0.06602162651625765
1998,1998-07-17,1998-10-08,0.2516,Semi-annual,-0.15536862621490632,0.2968411447228263,0.09218040523855597,0.059702035355843064
1998,1998-07-17,1998-10-08,0.2516,Annual,-0.1616772583356234,0.2999369815937232,0.09807002384868024,0.06447165832463964
1998,1998-07-17,1998-10-08,0.2516,Daily (constant mix),-0.16508262673471963,0.2676306145448031,0.0679756965406999,0.03617738484531552
1998,1998-07-17,1998-10-08,0.2516,Band 5pp (daily check),-0.15646729828614514,0.30558274351319326,0.09783674179682444,0.06571626087623672
1998,1998-07-17,1998-10-08,0.2516,Band 25% rel (daily check),-0.15591022276495248,0.29024046587223196,0.08992158848556464,0.06161983813324823
1998,1998-07-17,1998-10-08,0.2516,5/25 rule (daily check),-0.15646729828614514,0.30558274351319326,0.09783674179682444,0.06571626087623672
1998,1998-07-17,1998-10-08,0.2516,Band 5pp (monthly check),-0.16333926854863323,0.3071975109291414,0.09628989028758461,0.06360559529861809
1998,1998-07-17,1998-10-08,0.2516,5/25 rule (monthly check),-0.16333926854863323,0.3071975109291414,0.09628989028758461,0.06360559529861809
1998,1998-07-17,1998-10-08,0.2516,5/25 rule (annual check),-0.1616772583356234,0.3004705149637892,0.10618383380948049,0.06810357102683384
1998,1998-07-17,1998-10-08,0.2516,Drawdown trigger -15%,-0.17615487082648096,0.30125240669999087,0.09320541686546746,0.06313025807468953
1998,1998-07-17,1998-10-08,0.2516,Drawdown trigger -20%,-0.18329877470498768,0.30689382957156885,0.09185894408452411,0.05939813247130532
2003,2000-09-08,2003-03-12,0.5014,Never (drift),-0.3718481118704119,0.23753992433493298,0.17400470491614461,0.10989510467601526
2003,2000-09-08,2003-03-12,0.5014,Monthly,-0.29358174094544986,0.2142235355884976,0.16629658124681734,0.11607731836931734
2003,2000-09-08,2003-03-12,0.5014,Quarterly,-0.2861944425677422,0.21394535767531253,0.16594401636967548,0.11698229811862304
2003,2000-09-08,2003-03-12,0.5014,Semi-annual,-0.2925432424084651,0.21335107849434443,0.16606890090637383,0.11781867900010634
2003,2000-09-08,2003-03-12,0.5014,Annual,-0.28458350318420433,0.21440185151238111,0.1663021060789498,0.11693410996737796
2003,2000-09-08,2003-03-12,0.5014,Daily (constant mix),-0.3350640359649746,0.18372010757519508,0.13770468832653426,0.091495806969357
2003,2000-09-08,2003-03-12,0.5014,Band 5pp (daily check),-0.28717961178341267,0.21990249108262616,0.17018584042076812,0.1194708290936779
2003,2000-09-08,2003-03-12,0.5014,Band 25% rel (daily check),-0.2944531183435175,0.2227762031558007,0.17221443094264632,0.12162846937010019
2003,2000-09-08,2003-03-12,0.5014,5/25 rule (daily check),-0.28717961178341267,0.21990249108262616,0.17018584042076812,0.1194708290936779
2003,2000-09-08,2003-03-12,0.5014,Band 5pp (monthly check),-0.2906505778769566,0.21939438316228776,0.16869960730882605,0.11934333571967803
2003,2000-09-08,2003-03-12,0.5014,5/25 rule (monthly check),-0.2906505778769566,0.21939438316228776,0.16869960730882605,0.11934333571967803
2003,2000-09-08,2003-03-12,0.5014,5/25 rule (annual check),-0.27777819612878973,0.21353424938589316,0.16791218483406034,0.11943505048837322
2003,2000-09-08,2003-03-12,0.5014,Drawdown trigger -15%,-0.29447440422287774,0.21839902904716735,0.17159174414882794,0.11945077991921793
2003,2000-09-08,2003-03-12,0.5014,Drawdown trigger -20%,-0.3000558612523506,0.19597987103454484,0.16197780692789898,0.11798555369265795
2009,2007-10-12,2009-03-06,0.4011,Never (drift),-0.131081990732828,0.3605345800139419,0.15948069447473445,0.11304393077218
2009,2007-10-12,2009-03-06,0.4011,Monthly,-0.050844447267899384,0.3869346137536367,0.17524714734172586,0.12018363829450673
2009,2007-10-12,2009-03-06,0.4011,Quarterly,-0.050018825805784206,0.37026117957352356,0.17420894058454595,0.11972039828091718
2009,2007-10-12,2009-03-06,0.4011,Semi-annual,-0.03501771934376041,0.36119501507133056,0.1669334249235208,0.1159371520154302
2009,2007-10-12,2009-03-06,0.4011,Annual,-0.02268572128358981,0.3659526497452721,0.1649481897690095,0.11633983268077608
2009,2007-10-12,2009-03-06,0.4011,Daily (constant mix),-0.06890590509082994,0.3619331480646699,0.15732768946385134,0.10432765300714664
2009,2007-10-12,2009-03-06,0.4011,Band 5pp (daily check),-0.04624937230453463,0.3925897494955146,0.17525130172258008,0.12070577017795969
2009,2007-10-12,2009-03-06,0.4011,Band 25% rel (daily check),-0.0477680741050599,0.4051907069066176,0.17652651203695346,0.12098118340065023
2009,2007-10-12,2009-03-06,0.4011,5/25 rule (daily check),-0.04624937230453463,0.3925897494955146,0.17525130172258008,0.12070577017795969
2009,2007-10-12,2009-03-06,0.4011,Band 5pp (monthly check),-0.04162883906976467,0.39694955810887356,0.17685681208267523,0.12294090283320136
2009,2007-10-12,2009-03-06,0.4011,5/25 rule (monthly check),-0.04162883906976467,0.39694955810887356,0.17685681208267523,0.12294090283320136
2009,2007-10-12,2009-03-06,0.4011,5/25 rule (annual check),-0.022450585569605885,0.3641406259564026,0.1657046475435806,0.11865714887630996
2009,2007-10-12,2009-03-06,0.4011,Drawdown trigger -15%,-0.028249550824704595,0.3894425606561047,0.16578478064006874,0.11956088401124365
2009,2007-10-12,2009-03-06,0.4011,Drawdown trigger -20%,-0.030001343867963826,0.32020855651429847,0.16809555848447122,0.12202944883834665
2011,2011-07-07,2011-08-19,0.2019,Never (drift),-0.08834402964633703,0.12709227584386418,0.08226538704701203,0.10918787447062783
2011,2011-07-07,2011-08-19,0.2019,Monthly,-0.08282989572219979,0.13859441576245768,0.07968967772436653,0.110298414273037
2011,2011-07-07,2011-08-19,0.2019,Quarterly,-0.07671698270250904,0.14045118099972487,0.08060863022528375,0.10984615899131445
2011,2011-07-07,2011-08-19,0.2019,Semi-annual,-0.07671698270250893,0.12347817032021813,0.07651019117273994,0.10753023305261955
2011,2011-07-07,2011-08-19,0.2019,Annual,-0.07672512066824144,0.12332193454853435,0.07886101631642117,0.10855818756419922
2011,2011-07-07,2011-08-19,0.2019,Daily (constant mix),-0.08858939803974819,0.12904493062033362,0.06833842326636796,0.09855709937541834
2011,2011-07-07,2011-08-19,0.2019,Band 5pp (daily check),-0.08322658621705037,0.13690340061390716,0.08095916242058387,0.10911720487970711
2011,2011-07-07,2011-08-19,0.2019,Band 25% rel (daily check),-0.08108877612089138,0.1258497629391031,0.07732412307680825,0.10662113245003857
2011,2011-07-07,2011-08-19,0.2019,5/25 rule (daily check),-0.08322658621705037,0.13690340061390716,0.08095916242058387,0.10911720487970711
2011,2011-07-07,2011-08-19,0.2019,Band 5pp (monthly check),-0.076725120668242,0.13087459122466205,0.0805586741621771,0.10894758786380043
2011,2011-07-07,2011-08-19,0.2019,5/25 rule (monthly check),-0.076725120668242,0.13087459122466205,0.0805586741621771,0.10894758786380043
2011,2011-07-07,2011-08-19,0.2019,5/25 rule (annual check),-0.07672512066824178,0.12332369590893322,0.08189416593873022,0.10983578045606213
2011,2011-07-07,2011-08-19,0.2019,Drawdown trigger -15%,-0.10152375699332805,0.13690340061390582,0.0901465449918688,0.11517348157579077
2011,2011-07-07,2011-08-19,0.2019,Drawdown trigger -20%,-0.05729712492898853,0.14058374961782727,0.09319238967727439,0.11580260548215549
2015,2015-04-10,2015-08-24,0.1858,Never (drift),-0.15546770118472564,0.3308352735299045,0.17508570701131432,0.14163758950887617
2015,2015-04-10,2015-08-24,0.1858,Monthly,-0.14362706150704474,0.3335125654949076,0.16025458302877094,0.14373877302887972
2015,2015-04-10,2015-08-24,0.1858,Quarterly,-0.14482280814232817,0.33086174938104085,0.1597806625519118,0.14636341141356501
2015,2015-04-10,2015-08-24,0.1858,Semi-annual,-0.14481345645233945,0.3311471357722098,0.16054688691082863,0.14196319204677477
2015,2015-04-10,2015-08-24,0.1858,Annual,-0.14595018125720427,0.3303971870794149,0.1595184910867926,0.14096067343810126
2015,2015-04-10,2015-08-24,0.1858,Daily (constant mix),-0.14892749959873453,0.3229506544317273,0.15054725018417114,0.13448953085218407
2015,2015-04-10,2015-08-24,0.1858,Band 5pp (daily check),-0.14819147647272046,0.327960926090342,0.161234812503382,0.1454480533114526
2015,2015-04-10,2015-08-24,0.1858,Band 25% rel (daily check),-0.14979807796398303,0.32937603704506224,0.16390955314693634,0.1470681397809639
2015,2015-04-10,2015-08-24,0.1858,5/25 rule (daily check),-0.14819147647272046,0.327960926090342,0.161234812503382,0.1454480533114526
2015,2015-04-10,2015-08-24,0.1858,Band 5pp (monthly check),-0.1466628941153052,0.32798135591716937,0.16040306807651494,0.1441130460595037
2015,2015-04-10,2015-08-24,0.1858,5/25 rule (monthly check),-0.1466628941153052,0.32798135591716937,0.16040306807651494,0.1441130460595037
2015,2015-04-10,2015-08-24,0.1858,5/25 rule (annual check),-0.14612396330158406,0.3276720569759606,0.16021542857968463,0.14066662543146702
2015,2015-04-10,2015-08-24,0.1858,Drawdown trigger -15%,-0.1529531029546577,0.3294985223135831,0.16260379207721032,0.14013343011379842
2015,2015-04-10,2015-08-24,0.1858,Drawdown trigger -20%,-0.15773062830535967,0.33059303718120936,0.17873687360383217,0.13833934694445893
2018,2018-08-28,2018-12-24,0.1549,Never (drift),-0.10622138776996082,0.24261375525923556,0.16393854046216694,0.10693375013257089
2018,2018-08-28,2018-12-24,0.1549,Monthly,-0.07502342336778589,0.22083533998354432,0.15127466109999,0.10083658015354002
2018,2018-08-28,2018-12-24,0.1549,Quarterly,-0.07211675170373177,0.21982430861497448,0.15473786721718064,0.10242095014962627
2018,2018-08-28,2018-12-24,0.1549,Semi-annual,-0.07644917899653891,0.2180492435038912,0.1493731878681126,0.09968384248561524
2018,2018-08-28,2018-12-24,0.1549,Annual,-0.07746765850912174,0.2192540991846923,0.14763277411658948,0.09887041217113568
2018,2018-08-28,2018-12-24,0.1549,Daily (constant mix),-0.08005385461356662,0.21211363700525276,0.14388592432725034,0.09454567781624323
2018,2018-08-28,2018-12-24,0.1549,Band 5pp (daily check),-0.0729098979140893,0.2211665230395785,0.15269109982802886,0.1009315861202027
2018,2018-08-28,2018-12-24,0.1549,Band 25% rel (daily check),-0.07800543904399604,0.2163940840045131,0.15752706365696656,0.10371349263632101
2018,2018-08-28,2018-12-24,0.1549,5/25 rule (daily check),-0.0729098979140893,0.2211665230395785,0.15269109982802886,0.1009315861202027
2018,2018-08-28,2018-12-24,0.1549,Band 5pp (monthly check),-0.07877930825620127,0.21708598524377898,0.15447174127067265,0.1021157963791639
2018,2018-08-28,2018-12-24,0.1549,5/25 rule (monthly check),-0.07877930825620127,0.21708598524377898,0.15447174127067265,0.1021157963791639
2018,2018-08-28,2018-12-24,0.1549,5/25 rule (annual check),-0.07746765850912196,0.21541042448027437,0.14612767504662072,0.09737971036774207
2018,2018-08-28,2018-12-24,0.1549,Drawdown trigger -15%,-0.0889290270554205,0.22205987755945555,0.1551280473978771,0.09972108511207756
2018,2018-08-28,2018-12-24,0.1549,Drawdown trigger -20%,-0.11134694547668789,0.24654908608562076,0.14746681637198966,0.09839523739084255
2020,2020-02-19,2020-03-16,0.265,Never (drift),-0.1837741075723327,0.3189779671486115,0.13159565728939215,0.13253849209982604
2020,2020-02-19,2020-03-16,0.265,Monthly,-0.14596529307818573,0.252361895390796,0.11747359633366572,0.11946651665113928
2020,2020-02-19,2020-03-16,0.265,Quarterly,-0.13825946972307257,0.2548909153902883,0.1173444234761849,0.11927110316839351
2020,2020-02-19,2020-03-16,0.265,Semi-annual,-0.13825946972307257,0.23772790183891246,0.11305553403762869,0.11690923652795959
2020,2020-02-19,2020-03-16,0.265,Annual,-0.13825946972307213,0.2291130621914068,0.11106947574724635,0.11608045003419254
2020,2020-02-19,2020-03-16,0.265,Daily (constant mix),-0.14871332252249903,0.2481667211592331,0.11256257413314907,0.11426788668337728
2020,2020-02-19,2020-03-16,0.265,Band 5pp (daily check),-0.14958543873622554,0.2629704620154274,0.11884837968672546,0.12192827306588594
2020,2020-02-19,2020-03-16,0.265,Band 25% rel (daily check),-0.1419088296816956,0.2693578838719419,0.12034973565011242,0.1232632268688234
2020,2020-02-19,2020-03-16,0.265,5/25 rule (daily check),-0.14958543873622554,0.2629704620154274,0.11884837968672546,0.12192827306588594
2020,2020-02-19,2020-03-16,0.265,Band 5pp (monthly check),-0.14303394834318517,0.26310008376070004,0.11921055787218826,0.12207096421039076
2020,2020-02-19,2020-03-16,0.265,5/25 rule (monthly check),-0.14303394834318517,0.26310008376070004,0.11921055787218826,0.12207096421039076
2020,2020-02-19,2020-03-16,0.265,5/25 rule (annual check),-0.14045562545290913,0.23106495112836822,0.11202840344961751,0.11727525773179681
2020,2020-02-19,2020-03-16,0.265,Drawdown trigger -15%,-0.15251321091239012,0.266225598222366,0.11735156500911526,0.12107087183329046
2020,2020-02-19,2020-03-16,0.265,Drawdown trigger -20%,-0.18911866960376755,0.2762020037975226,0.12186497619470393,0.12702453755298015
2022,2021-12-08,2022-06-16,0.1534,Never (drift),-0.11617520354553346,0.10977029439283315,0.12622480511082856,
2022,2021-12-08,2022-06-16,0.1534,Monthly,-0.08497875945857747,0.08386554765338072,0.11445028768787524,
2022,2021-12-08,2022-06-16,0.1534,Quarterly,-0.084755782178211,0.08254143534238012,0.11390892082438442,
2022,2021-12-08,2022-06-16,0.1534,Semi-annual,-0.08262918326483293,0.08164216880939157,0.11381517336619429,
2022,2021-12-08,2022-06-16,0.1534,Annual,-0.08211783407821083,0.08095345604664228,0.11418995501090135,
2022,2021-12-08,2022-06-16,0.1534,Daily (constant mix),-0.08734488716688293,0.08003980570804559,0.11004879211845275,
2022,2021-12-08,2022-06-16,0.1534,Band 5pp (daily check),-0.08818572931601465,0.08363075080020854,0.11786858579992643,
2022,2021-12-08,2022-06-16,0.1534,Band 25% rel (daily check),-0.0920257012443011,0.0873959038236809,0.11826865629636085,
2022,2021-12-08,2022-06-16,0.1534,5/25 rule (daily check),-0.08818572931601465,0.08363075080020854,0.11786858579992643,
2022,2021-12-08,2022-06-16,0.1534,Band 5pp (monthly check),-0.0870963524991667,0.08320769996424704,0.11750943237508849,
2022,2021-12-08,2022-06-16,0.1534,5/25 rule (monthly check),-0.0870963524991667,0.08320769996424704,0.11750943237508849,
2022,2021-12-08,2022-06-16,0.1534,5/25 rule (annual check),-0.08191438298519438,0.0783403549853996,0.11549203545271225,
2022,2021-12-08,2022-06-16,0.1534,Drawdown trigger -15%,-0.10044490244707782,0.08512323764466134,0.11671077053459533,
2022,2021-12-08,2022-06-16,0.1534,Drawdown trigger -20%,-0.10233191322588953,0.09926633000943186,0.1267395076524973,
2025,2025-01-23,2025-04-08,0.1794,Never (drift),-0.13349803553945527,0.3415356604547024,,
2025,2025-01-23,2025-04-08,0.1794,Monthly,-0.09880068278421572,0.29993529893929494,,
2025,2025-01-23,2025-04-08,0.1794,Quarterly,-0.09771873965776778,0.2997306463603966,,
2025,2025-01-23,2025-04-08,0.1794,Semi-annual,-0.09577568510716383,0.2970324602563874,,
2025,2025-01-23,2025-04-08,0.1794,Annual,-0.09577568510716361,0.3036939215240948,,
2025,2025-01-23,2025-04-08,0.1794,Daily (constant mix),-0.10050240932917465,0.30088907325338154,,
2025,2025-01-23,2025-04-08,0.1794,Band 5pp (daily check),-0.09566127808922775,0.3144839931489516,,
2025,2025-01-23,2025-04-08,0.1794,Band 25% rel (daily check),-0.09634680131679219,0.3084352204165761,,
2025,2025-01-23,2025-04-08,0.1794,5/25 rule (daily check),-0.09566127808922775,0.3144839931489516,,
2025,2025-01-23,2025-04-08,0.1794,Band 5pp (monthly check),-0.09369197205914404,0.3088333066749658,,
2025,2025-01-23,2025-04-08,0.1794,5/25 rule (monthly check),-0.09369197205914404,0.3088333066749658,,
2025,2025-01-23,2025-04-08,0.1794,5/25 rule (annual check),-0.09577568510716372,0.30369456671065453,,
2025,2025-01-23,2025-04-08,0.1794,Drawdown trigger -15%,-0.10436602564194553,0.3097134221961222,,
2025,2025-01-23,2025-04-08,0.1794,Drawdown trigger -20%,-0.11727563185294587,0.347540921694244,,
