start,end,Never (drift),Monthly,Quarterly,Semi-annual,Annual,Daily (constant mix),Band 5pp (daily check),Band 25% rel (daily check),5/25 rule (daily check),Band 5pp (monthly check),5/25 rule (monthly check),5/25 rule (annual check),Drawdown trigger -15%,Drawdown trigger -20%
1991-11-01,2011-11-01,-49.081090340530324,0.0,14.198851541851187,3.1064232547461934,20.228161509059372,-272.11283947322863,29.43673606503383,31.663078368977526,29.43673606503383,25.805321967111716,25.805321967111716,46.187286304271154,55.361821831316774,36.25852263364315
1991-12-03,2011-12-01,-49.00134173969839,0.0,14.325945334987544,2.965713872864484,20.174916877986337,-270.9403695574286,29.429214027427708,31.556788206772435,29.429214027427708,25.678329285523382,25.678329285523382,46.198032874293915,55.41826199051414,36.197506361681505
1992-01-03,2012-01-03,-49.994385483831394,0.0,15.170759160287872,1.4889271072648924,18.574656447349902,-268.5891810924801,30.103696824392845,30.83283910403578,30.103696824392845,26.46886473552268,26.46886473552268,44.46677124523069,56.06702247912043,37.47180262963834
1992-02-03,2012-02-02,-49.46265845241715,0.0,15.12930391273537,1.4272963318773257,18.53822066095079,-267.70060386149595,30.01307600217995,30.770409477016702,30.01307600217995,26.167028159611583,26.167028159611583,44.77672008390776,56.01451797919932,37.1822262732624
1992-03-04,2012-03-05,-49.97849236952456,0.0,15.002014080462978,1.3234525424610233,18.40509769746035,-266.033655841702,30.176452855923408,29.73260696110147,30.176452855923408,26.235605746840474,26.235605746840474,44.36802139929475,56.134156660947454,37.661314602337455
1992-04-02,2012-04-03,-49.98973673599805,0.0,15.30301172547821,1.4982857775125424,18.59341083113364,-264.96154421062454,30.70634104260561,29.368055084433298,30.70634104260561,26.649492854549095,26.649492854549095,44.56825957306121,56.68532167762086,38.4046539417815
1992-05-04,2012-05-03,-50.89367272300693,0.0,15.210108314074322,1.0612245296015566,18.14046562339966,-263.33244906138196,29.885055349103684,29.130754019046634,29.885055349103684,26.04105194950357,26.04105194950357,43.716964689586305,55.8390460022884,37.57245051066782
1992-06-03,2012-06-04,-51.801313872632534,0.0,15.54085671312766,-0.11794295240008523,16.96208523153997,-262.94805886806216,27.86212142274591,30.15264202152368,27.86212142274591,24.550249068222563,24.550249068222563,42.59901439024549,53.81529278086106,34.98400800236779
1992-07-02,2012-07-03,-52.86942656594906,0.0,14.03801158621043,-0.7638982611890555,16.25551669911296,-262.82790314816174,28.161868984064586,28.214013875784705,28.161868984064586,24.50710891917174,24.50710891917174,42.17792180728486,54.22099450258955,35.79226642437261
1992-08-03,2012-08-02,-53.00976584560857,0.0,13.944887991674815,-0.8390014578840699,16.19899340274733,-261.00629232195917,27.99139651642024,28.42137707700143,27.99139651642024,24.46668890545345,24.46668890545345,41.99737725974151,54.01865322769428,35.60032506030319
1992-09-01,2012-08-31,-53.44783061616232,0.0,13.878178070092506,-0.9491415381024382,15.980577448675426,-260.2749016887329,27.69651728153688,27.626789999259938,27.69651728153688,23.994684154808876,23.994684154808876,41.734618833977336,53.79959088928743,35.34331810099323
1992-10-01,2012-10-02,-52.87593533579216,0.0,13.910841128454976,-0.8980859963148013,15.67668517090004,-257.26391020350235,26.953338574273733,26.9725680903643,26.953338574273733,23.078035014374443,23.078035014374443,41.300973553828335,52.88218505452136,34.325138442581334
1992-10-30,2012-11-02,-53.01219890098352,0.0,13.893074417452578,-1.0249755560010065,15.680004818801052,-254.63547272382536,27.191624579616658,26.582413661000448,27.191624579616658,23.391958356879794,23.391958356879794,40.98575370293567,52.98219082875421,34.80042575271458
1992-12-01,2012-12-04,-53.395638235731454,0.0,13.60688370839025,-1.2172506624952284,15.48272082482427,-253.15686248450265,26.731682739884466,26.127219371636645,26.731682739884466,22.951033593776593,22.951033593776593,40.48403249754973,52.483920294503775,34.340799891487976
1992-12-31,2013-01-04,-53.65444532716701,0.0,13.59088056760216,-1.2144865309848818,15.566608518617908,-252.19267754233778,27.586516015543072,25.05808615427041,27.586516015543072,23.591928918709204,23.591928918709204,40.55376104871389,53.336357041757765,35.66751970289328
1993-02-01,2013-02-05,-53.9428920973295,0.0,13.541852080174444,-1.3188946240227928,15.417887835882382,-251.11798655900185,27.363570109233404,24.39486173471117,27.363570109233404,23.20493255569822,23.20493255569822,40.18549289217077,53.02108154807917,35.40470348039282
1993-03-03,2013-03-07,-54.17203149863159,0.0,13.67810972884742,-1.197139603077435,15.555976311008024,-250.55766463761398,26.906883658337488,24.27767813907078,26.906883658337488,24.155006502644127,24.155006502644127,40.46998724095418,53.98436253675642,36.737085603504305
1993-04-01,2013-04-08,-53.99841588893173,0.0,13.643404460990105,-1.156417150218747,15.622242688140275,-249.9174266822246,27.488806300084434,24.92252179975285,27.488806300084434,24.603557972115997,24.603557972115997,40.850381700268116,54.381436039012684,37.09873497226069
1993-05-03,2013-05-07,-51.65911677038171,0.0,13.871899935724574,-0.11876891006679102,16.67803163218684,-249.29414389190273,29.031582125276234,26.987050799613943,29.031582125276234,27.67706121639124,27.67706121639124,43.98165171356716,58.71399734634019,42.10237193548849
1993-06-02,2013-06-06,-51.20928127811064,0.0,13.638853136557216,-0.28174540039449525,16.453974119305936,-247.27479508241058,29.296211471194766,27.24558714543468,29.296211471194766,28.016476037493465,28.016476037493465,44.064883459216105,58.682036958426224,42.09259350827166
1993-07-01,2013-07-08,-48.10039793819776,0.0,14.83029147478998,1.5661286327350865,18.602741474551543,-246.14101632383313,31.600861483684906,29.660780193296876,31.600861483684906,28.768800094871594,28.768800094871594,47.73519931043025,63.409353234884506,47.450726676290245
1993-08-02,2013-08-06,-46.87530266232143,0.0,14.671695679699948,1.4234543389091137,17.97890120683432,-244.9344623313321,32.30738673718925,30.351459323694208,32.30738673718925,29.518035015494437,29.518035015494437,48.80494541224634,64.52273096712035,48.62514387227846
1993-08-31,2013-09-05,-49.49731303716565,0.0,15.556339808981967,2.319789501725733,17.565901838927367,-243.35468160948892,29.620861126642417,29.812722571698203,29.620861126642417,28.0124544459448,28.0124544459448,45.550942521723755,60.547409484532636,44.27187236981878
1993-09-30,2013-10-04,-48.702721284317185,0.0,14.36470286281022,1.0993936009562333,19.082620825616736,-242.9664626821748,29.76307641455067,28.14220155929581,29.76307641455067,27.368545484529605,27.368545484529605,46.89526249212372,62.65714972346403,46.806665890575246
1993-10-29,2013-11-04,-46.91059603700643,0.0,14.410166824283532,1.4856208108637858,20.094565477917214,-242.02488487841123,30.318085061458167,28.90128144658277,30.318085061458167,28.463834817109568,28.463834817109568,48.82814755381659,64.85772491462649,49.15675038130285
1993-11-30,2013-12-04,-44.5601303393639,0.0,14.403150169255419,1.7979566831582972,21.977239657313685,-239.43010138020026,30.755622426990037,29.329911985160884,30.755622426990037,29.6912224469148,29.6912224469148,51.35122663854297,67.87968119775778,52.5068184204569
1993-12-30,2014-01-06,-43.511565676235264,0.0,14.335470639830206,2.2756933891909803,22.643482378343904,-238.205238808058,31.30462964227032,30.066834319382174,31.30462964227032,30.223370719257847,30.223370719257847,53.069137514445416,68.81124672747818,53.472297961261184
1994-01-28,2014-02-05,-47.17321733360258,0.0,14.130986643561272,2.171461011446496,22.519856457769993,-237.41663222287545,29.924824264064842,28.237574108889163,29.924824264064842,29.36518135991495,29.36518135991495,52.372541176206596,64.56601214189783,48.97158936894242
1994-03-01,2014-03-07,-45.49145993220982,0.0,13.814962588827306,1.8330952814538115,22.219503710654287,-237.21023249902774,30.2904959059469,29.1712945251299,30.2904959059469,29.61937708828577,29.61937708828577,52.5314605261018,66.49607242926959,50.95691145681647
1994-03-30,2014-04-07,-44.61261033540387,0.0,13.628180427029957,1.6713145390068185,22.07962123497831,-236.53303668234705,31.00899975293725,29.757683734392693,31.00899975293725,30.138995044868278,30.138995044868278,53.08223176487825,67.78023537221456,52.30105458751577
1994-05-02,2014-05-07,-44.451274863173126,0.0,13.580869943252694,1.6781395695408818,22.0991727808606,-235.57427795783957,30.66572417069313,29.441290872735948,30.66572417069313,29.60623894858294,29.60623894858294,52.53381585659022,68.24187219675926,52.837452091878404
1994-06-01,2014-06-06,-41.36992149478269,0.0,13.658455837954886,1.6251511246423433,22.055319609068924,-234.82277449898615,31.596846326271688,30.541276746296475,31.596846326271688,29.827245216198506,29.827245216198506,52.642870429300274,72.24450108399338,57.14847679182844
1994-06-30,2014-07-08,-42.79833943890088,0.0,13.60403447044245,1.535422439173928,21.998749482445845,-234.22315947188244,31.44604669694573,30.453428792525106,31.44604669694573,30.171985458793404,30.171985458793404,53.07084159175357,70.35965675521227,55.0290863842573
1994-08-01,2014-08-06,-44.67789705553615,0.0,13.473654626539044,1.4773795463063344,21.76066105129104,-232.95966830425562,30.329139619302836,29.09081725891216,30.329139619302836,29.19904895267056,29.19904895267056,52.13478374900049,68.17400330668465,52.78981274524863
1994-08-30,2014-09-05,-42.04207422505046,0.0,13.38813780401793,1.3771865271827721,21.723604431147514,-232.19737774973882,30.833308076241295,29.7943304336723,30.833308076241295,29.002520197205506,29.002520197205506,51.83754004412844,71.79482567059692,56.704884623908214
1994-09-29,2014-10-06,-42.121807048478566,0.0,13.586017242115389,1.6350299454326311,21.799460694376105,-231.56336011037172,31.474206926962456,30.04413200994982,31.474206926962456,29.573596401901714,29.573596401901714,52.51729668400262,72.02688967091086,56.921250896413426
1994-10-28,2014-11-04,-41.617296931300004,0.0,13.59096061988918,1.5888748747361348,21.77311003346949,-230.627623286348,31.25453604570172,29.792365072101035,31.25453604570172,29.01973885074849,29.01973885074849,51.952541595030596,73.06650630998668,58.085838879566865
1994-11-29,2014-12-04,-41.748712624425366,0.0,13.560072427720726,1.5046558689979506,21.781544443637557,-229.8914301529309,31.419762151978503,30.060874745136967,31.419762151978503,29.337767677231064,29.337767677231064,52.30036114320047,72.89025511619585,57.82726868836852
1994-12-29,2015-01-06,-45.318620445045084,0.0,13.572327194002476,1.7623375224196103,21.92336023476349,-228.56313272705097,30.355828512433902,28.43615320071935,30.355828512433902,28.811187847201936,28.811187847201936,51.9521340404383,68.69909290483145,53.37809512700575
1995-01-30,2015-02-05,-44.997353432143505,0.0,13.398084990008385,1.5863535945492835,21.804534746843185,-227.92754763623302,29.83328290073528,28.22224156622699,29.83328290073528,28.143531528592725,28.143531528592725,51.24884746174452,69.38901745715765,54.11516797903859
1995-03-01,2015-03-09,-42.581069189533416,0.0,12.652791840583877,0.8656555097497076,21.04173720554492,-226.81585522061675,29.896486602503103,28.444741476578717,29.896486602503103,27.483007047741648,27.483007047741648,50.41856062407035,72.45448837189139,57.53186753854944
1995-03-30,2015-04-08,-43.40554006714959,0.0,12.50778319323853,0.7350861861477043,20.932475948394202,-225.95094738096623,29.291936584947553,27.83609286427957,29.291936584947553,26.93072115138584,26.93072115138584,49.89670522151046,71.6786124279456,56.71750902383144
1995-05-01,2015-05-07,-43.00741969465616,0.0,12.426437589276862,0.3965523895188561,20.559936036206317,-224.70907880714154,29.12564259490935,27.58472961441827,29.12564259490935,26.47554625728077,26.47554625728077,49.25750540998975,72.0283737052485,57.162301077573474
1995-05-31,2015-06-08,-43.50215992098727,0.0,12.282640154099855,0.08498613377927455,20.179582975357047,-222.83548071307501,29.089592891513583,26.72796763258045,29.089592891513583,26.437890795873997,26.437890795873997,48.252587411665715,71.173078600828,56.374650844710494
1995-06-29,2015-07-08,-45.71871269541505,0.0,12.147875245605011,-0.11152218390542146,19.755897618745077,-221.39839522326233,28.484556156089802,25.401664696595994,28.484556156089802,26.083871145494708,26.083871145494708,47.63068869882758,68.51227943567739,53.61667528847258
1995-07-31,2015-08-06,-43.23156019300889,0.0,12.014180912132133,-0.3064446573475266,19.246865602682295,-220.21616521238352,29.873678309679796,25.677403715604896,29.873678309679796,26.738996557083006,26.738996557083006,46.93908922500212,71.80787896210461,57.25762305280435
1995-08-29,2015-09-04,-50.642899622967974,0.0,11.353399565294797,-0.9291202102623686,17.951675939327227,-219.13932369335586,26.627085453425625,21.686134824061565,26.627085453425625,24.63631909691566,24.63631909691566,45.11798191544125,62.58885699083283,47.71903633623786
1995-09-28,2015-10-06,-51.78880480705806,0.0,11.221207670688571,-1.4287265034074181,16.903881056098413,-218.14052669775208,26.04357152233394,21.767081256116594,26.04357152233394,23.994486996345987,23.994486996345987,43.288836042920664,60.96956468707448,46.75928061535384
1995-10-27,2015-11-04,-47.783595560142444,0.0,11.375366354895444,-2.1402651813051676,16.72623322572786,-217.76154597279663,27.006238037246,23.017109399228186,27.006238037246,24.222036993086782,24.222036993086782,43.70928970131472,61.421664070480105,51.99473195408588
1995-11-28,2015-12-04,-48.313090071878676,0.0,11.251609638112114,-2.3967037888494858,15.955098379762944,-216.41531896082535,26.905738211577823,23.15782163567759,26.905738211577823,23.97659259482543,23.97659259482543,42.562612905368,59.9603832204787,51.49902153299246
1995-12-28,2016-01-06,-53.13742540780542,0.0,10.49764700445266,-2.6874306394941705,15.036871554643394,-215.48125423202836,25.124513649352753,21.139251296247163,25.124513649352753,22.85290026256437,22.85290026256437,41.10167987419145,58.3424386437148,45.58517726317657
1996-01-29,2016-02-05,-56.94515344109918,0.0,10.920010792450086,-2.21102622524727,15.55476808115408,-214.26322344906933,24.25432289620666,19.444502596943636,24.25432289620666,22.940754886624504,22.940754886624504,41.12140353293326,59.134646856147114,39.98120122899351
1996-02-28,2016-03-08,-61.06159663980648,0.0,11.161857654904406,-2.0172802032658588,15.813592713198599,-213.95129678121182,21.8665303852017,18.125947868619097,21.8665303852017,21.008479374660105,21.008479374660105,40.159193324142976,56.80438665048637,35.38694788713492
1996-03-28,2016-04-07,-60.43786048812949,0.0,9.883567126378612,-2.9763845973418412,14.861776860375375,-213.42197728576372,21.815287266606642,18.122259467057145,21.815287266606642,20.565838699100336,20.565838699100336,39.80339354470841,55.76338564364791,36.73304628198926
1996-04-29,2016-05-06,-62.105594868853146,0.0,9.89351689737683,-2.9640953644616275,14.85826904157328,-212.4868854011086,20.965754817827698,17.45212164449894,20.965754817827698,19.58771260135661,19.58771260135661,39.25477507235931,54.47867327546652,34.663013872962
1996-05-29,2016-06-07,-59.62725827443505,0.0,9.632335905456202,-3.8436322248780463,13.987344761428044,-211.8682907911107,21.595165788155235,18.177045144105453,21.595165788155235,19.72605775707237,19.72605775707237,39.06961987977908,53.93235840858823,38.30311607969872
1996-06-27,2016-07-07,-65.6389041337313,0.0,9.472772974745691,-3.4049619776710394,14.933887198285145,-212.26201197862338,20.299347853478533,16.385839791561718,20.299347853478533,19.50616714963216,19.50616714963216,39.17059912398546,53.87003282151692,31.18173995907414
1996-07-29,2016-08-05,-60.29805695004775,0.0,9.544428648693426,-3.374898863757192,14.902540509058593,-211.68956385539062,20.6430739652963,18.061240195659245,20.6430739652963,19.250096063503364,19.250096063503364,39.304230489369814,56.61291999499829,37.69833573025405
1996-08-27,2016-09-06,-61.03655454001489,0.0,9.671408179952046,-3.216502424028267,14.278162300589425,-210.4227128948799,20.714231904923608,17.68209711797919,20.714231904923608,19.123444402247003,19.123444402247003,38.75790665985646,54.45813637587005,37.07133798307227
1996-09-26,2016-10-05,-61.117644180075374,0.0,9.764605375497393,-2.948086129344052,13.65242861558258,-209.6969619631417,21.298812983145954,17.790878126744403,21.298812983145954,19.311170684952472,19.311170684952472,38.77615992437855,52.76951946754372,37.811177554101235
1996-10-25,2016-11-03,-63.557899255781706,0.0,9.824570484666673,-3.3048448268013786,14.211947543387726,-208.98471382757356,20.63586758884517,17.00429736203768,20.63586758884517,19.217403500579877,19.217403500579877,38.865117027220286,53.21065201952635,34.54844920267597
1996-11-25,2016-12-05,-60.877949086566296,0.0,9.792282935754404,-2.5749924805618107,12.300445955066852,-207.99720663370547,21.88981139177759,17.79613110592937,21.88981139177759,19.142124916398107,19.142124916398107,38.10959050266405,49.246738965267326,39.30172262830878
1996-12-26,2017-01-05,-60.036506347254104,0.0,10.054732754718465,-2.163156960610646,12.404592022243754,-207.7645301636033,22.11492665786574,18.260312498501463,22.11492665786574,19.204274067945448,19.204274067945448,38.20683704096162,49.56477540847048,40.692086163525154
1997-01-27,2017-02-06,-62.758620827056966,0.0,10.099010816932985,-2.1170372272072413,12.479468055353049,-206.6699621074286,21.125010672340405,16.943210955331356,21.125010672340405,18.40907287201654,18.40907287201654,37.20983715088222,47.43759956977067,37.58944139052866
1997-02-26,2017-03-08,-62.73124130533381,0.0,10.05070881034964,-2.1725969803987333,12.432580315919761,-205.7162397536172,21.571071748758275,16.32616972395029,21.571071748758275,18.56600375258699,18.56600375258699,37.001958000659755,45.79437481761373,38.20976823833977
1997-03-27,2017-04-06,-63.141594596949346,0.0,10.175376454442109,-2.024330332752733,12.588597510763133,-204.88413898303247,21.86457957648269,15.712845377513496,21.86457957648269,18.46474863108849,18.46474863108849,37.04011821216824,46.46471553201303,37.4860603671423
1997-04-28,2017-05-08,-60.83501044476858,0.0,10.308837012416028,-2.07412755627967,12.526840658737548,-203.7694305830473,21.56684102220696,17.055967343408973,21.56684102220696,18.913330476957313,18.913330476957313,37.493462283157974,46.6731198671555,40.39281408560802
1997-05-28,2017-06-07,-67.22547571557325,0.0,9.906073293768358,-2.665472464116192,11.915040097454366,-202.1916492789688,20.132823464940053,16.706733551814512,20.132823464940053,17.20956077195801,17.20956077195801,34.98430187091728,40.931778276873665,33.459482047539794
1997-06-26,2017-07-07,-68.37377188110506,0.0,9.234393624379944,-3.5963534687488696,10.993340880207647,-200.96587909895325,19.75383637395467,17.65894914809607,19.75383637395467,16.554756420137373,16.554756420137373,33.911965080717366,37.53115890915648,32.944991653034435
1997-07-28,2017-08-07,-71.99439831868216,0.0,9.165403572390929,-3.689268591795525,9.793010670957614,-199.85757078861076,19.48440242403704,17.245968462955563,19.48440242403704,16.449082025393746,16.449082025393746,31.745880024443007,33.526866871782524,29.194512527255245
1997-08-26,2017-09-06,-72.82568963767221,0.0,9.390989731279387,-3.4749592153371367,10.513451227363024,-199.15913319645594,19.642204765988325,16.09083606643802,19.642204765988325,15.495593734868862,15.495593734868862,32.08344152887399,35.33370536523472,27.531367364181936
1997-09-25,2017-10-05,-70.11285624696883,0.0,9.107686339884236,-3.7071429497914643,10.149252906970219,-198.35265703009418,19.602407647141273,18.135355131785325,19.602407647141273,16.85634653423751,16.85634653423751,32.35885125760119,34.594544950801165,31.339590147707597
1997-10-24,2017-11-03,-68.35338002060709,0.0,9.242312480639558,-3.659755646814311,10.468186754113429,-197.90161917574878,19.76794134463722,19.05614459128735,19.76794134463722,17.174984819461336,17.174984819461336,33.12208384397497,35.65534225649536,33.577367710937445
1997-11-24,2017-12-05,-68.31483223066482,0.0,9.08778897195539,-3.838414717161065,10.230273843712112,-197.4996851870281,19.582058695617466,19.33415102617353,19.582058695617466,16.960688526590495,16.960688526590495,32.955623239077084,35.44309075308449,33.85276548186322
1997-12-24,2018-01-05,-66.85063576836514,0.0,8.99001297801627,-3.8874204752903374,10.218960959491596,-196.78334821371158,19.840978035920998,19.171832166369196,19.840978035920998,16.866123635221886,16.866123635221886,32.73625799308899,36.054759960708616,35.6662154316556
1998-01-27,2018-02-06,-69.81282951261659,0.0,8.449059669155545,-4.496469976549289,8.616880202951815,-195.36712416637903,19.3940454614161,18.570788876592914,19.3940454614161,16.602451667548923,16.602451667548923,30.386910209190265,33.65000385926464,31.857423926766604
1998-02-26,2018-03-08,-75.35938859565717,0.0,8.33189523323119,-4.591218442966394,8.499425175596542,-193.94963387503682,18.39614579962623,16.634985623928955,18.39614579962623,15.824057120159551,15.824057120159551,30.231759054897278,27.055075359947445,26.360115048067456
1998-03-27,2018-04-09,-80.65184178185802,0.0,7.912320092418046,-4.993561660671109,8.064116507096042,-192.45393294000655,17.37483563707176,15.406542309381877,17.37483563707176,15.342552132007192,15.342552132007192,29.741723040357382,23.343433721187967,20.20124795322431
1998-04-28,2018-05-08,-75.8969426893641,0.0,7.996543525534694,-4.865029116145614,8.221731160658052,-192.1597090397853,18.50637860147275,15.29912519255383,18.50637860147275,15.985516711798375,15.985516711798375,29.947618139245513,26.86166845292437,25.686197673460143
1998-05-28,2018-06-07,-77.05497476763412,0.0,8.120343530904073,-4.95498266052552,8.13201594047186,-191.3659032339865,17.721803878367748,15.457433511094631,17.721803878367748,15.172138864607554,15.172138864607554,29.858298571179276,24.61621686425275,24.874849970166757
1998-06-26,2018-07-09,-76.57878687670649,0.0,8.082219073974883,-5.026630231801388,8.144082552667964,-190.85400752028693,17.561097576286322,15.441563771740885,17.561097576286322,14.979471074503259,14.979471074503259,29.894781741954812,24.192956785884512,25.896549003991964
1998-07-28,2018-08-07,-74.79118252895711,0.0,8.203358659637505,-5.061750754324912,8.206699777619786,-190.28273285126795,17.09275299879076,15.631331968182227,17.09275299879076,14.943173354737826,14.943173354737826,29.968147528807165,24.20845465971988,28.358107165809
1998-08-26,2018-09-06,-70.06523599299098,0.0,7.878823748095343,-5.408831292668115,8.969885611063155,-189.63465794648914,16.210279889974366,15.342237871260878,16.210279889974366,15.543492594924935,15.543492594924935,30.77051115582652,29.598694365722267,33.22777572664748
1998-09-25,2018-10-05,-61.66740989798303,0.0,7.720747981689868,-5.8753951492263035,9.708311958955829,-188.83473121229954,15.95546935156067,15.079825091004473,15.95546935156067,16.962099690460697,16.962099690460697,31.540558585236855,32.370743625769194,40.5691492782978
1998-10-26,2018-11-05,-70.3632785286179,0.0,6.47211154249705,-4.37969759861323,10.17330235911329,-186.8780784427826,16.779344679385133,16.218311720173073,16.779344679385133,16.769520204327204,16.769520204327204,31.953135777242903,31.163926134245568,35.21860557929912
1998-11-24,2018-12-06,-78.86661393625482,0.0,5.826875241723428,-2.7822045059555656,10.442043265153078,-184.67425065152642,16.633854325138753,17.489589540862216,16.633854325138753,16.625964700809348,16.625964700809348,32.157812664861396,30.045629329782386,31.599824098267337
1998-12-24,2019-01-08,-88.28153130584049,0.0,5.572861854417077,-2.849022001132351,9.546956680404062,-184.3983978943653,17.11034075124962,16.723155077178475,17.11034075124962,14.590523244661924,14.590523244661924,30.886784432380132,26.4227231716041,25.134524594983
1999-01-27,2019-02-07,-87.64762186001195,0.0,5.3168073976817,-2.821288675525224,9.41514420505607,-183.70782888663007,16.68167468728221,16.228109153884063,16.68167468728221,13.740512995981113,13.740512995981113,30.163054795626643,26.417555546889293,27.408575375118538
1999-02-26,2019-03-11,-83.4082995122798,0.0,5.486444306512794,-2.6462522824077794,9.582061939157338,-182.9232576529405,16.890659592609936,16.335289791920005,16.890659592609936,14.52019817339778,14.52019817339778,30.37906252743694,26.904821960067604,30.420822936236824
1999-03-29,2019-04-09,-87.4442275318521,0.0,5.8650666086768055,-2.2018817701718874,10.035098659526565,-182.0889611619503,17.48414773124818,16.003762339287242,17.48414773124818,12.908680303966857,12.908680303966857,29.265380071388236,26.386877604933634,31.573392091401864
1999-04-28,2019-05-09,-92.0248147846836,0.0,5.792585346200418,-2.7327156034751,9.4786504338229,-180.95841501588828,16.943142891199248,15.341250722333832,16.943142891199248,12.883376272385672,12.883376272385672,28.114782252353088,25.000202843128427,29.319325625114523
1999-05-27,2019-06-10,-93.79015580915917,0.0,5.400546850744536,-3.371501976949798,8.884403428013332,-181.26933208328035,16.31412803427601,14.915622331821421,16.31412803427601,12.399313993793903,12.399313993793903,27.928426561802944,24.615672567551705,27.450369050860957
1999-06-28,2019-07-10,-101.0077605126547,0.0,4.9478363789412505,-4.20069241156229,8.077554583856283,-180.55396462818064,15.607213889046179,13.69152910941418,15.607213889046179,11.960349618329591,11.960349618329591,25.8488591011119,22.74577222170837,24.328874302064207
1999-07-28,2019-08-08,-109.70195309818465,0.0,5.067142844523698,-4.177040131618792,7.063572452230549,-180.02301482635374,14.486153205488517,13.253203386969226,14.486153205488517,11.735100719245661,11.735100719245661,25.214737239744878,21.064321462735958,16.384975651244638
1999-08-26,2019-09-09,-110.65200366714656,0.0,4.493245257155554,-4.7441332339515085,6.392177029284074,-179.2937424261032,13.84172925807059,12.351026866557202,13.84172925807059,11.018373369733325,11.018373369733325,24.176434023319704,20.274611119139863,16.295510104502586
1999-09-27,2019-10-08,-100.75299334562082,0.0,4.642634609430818,-4.327671295774049,8.554739086379382,-178.29541102312828,15.840700595428636,15.832985111794429,15.840700595428636,12.933077058381315,12.933077058381315,28.840510927914398,23.900783501091816,18.383965273172098
1999-10-26,2019-11-06,-91.70977092088029,0.0,4.929657762928752,-4.058516397227319,10.071860903566598,-176.40401001587148,17.52483836655605,16.74376119968679,17.52483836655605,13.639805649188208,13.639805649188208,29.624618504986433,25.864459638507142,26.743461793032886
1999-11-24,2019-12-06,-97.46142150265591,0.0,4.7199805012798635,-3.151986056000311,9.517864688528554,-174.45282964169363,17.083882377242343,15.369399179883114,17.083882377242343,13.337631446512788,13.337631446512788,27.217549954339226,23.937277160082093,26.27462683989501
1999-12-27,2020-01-08,-106.60272300468509,0.0,3.647707941809575,-3.0686762143172785,8.29389078751408,-173.77293118663982,15.888972727351458,13.512882393016401,15.888972727351458,12.419352776589232,12.419352776589232,24.297010742448943,21.273875600504866,21.827485786589662
2000-01-26,2020-02-07,-105.72517631975309,0.0,3.446319579507584,-3.3187993720540376,7.968420810595678,-173.50777679935536,15.708892745385228,13.76159029789159,15.708892745385228,12.549266749866117,12.549266749866117,23.879727322098088,21.655583109527754,22.511996691549907
2000-02-25,2020-03-10,-116.21576998604111,0.0,5.482690280564917,-1.2495582950133866,9.982819515479413,-171.9260341681994,14.326837112508262,15.710919233824505,14.326837112508262,13.795036809078898,13.795036809078898,25.311573312327695,21.59216863925728,6.847562078631242
2000-03-27,2020-04-08,-133.9955565306572,0.0,8.073446641869708,-2.1827789360040484,9.030393105147194,-171.1077608035927,14.546818523095695,15.151852103938435,14.546818523095695,12.992933138231688,12.992933138231688,24.097524249329094,13.826261715594867,-8.666326462181129
2000-04-26,2020-05-08,-126.44612287136869,0.0,8.361712581936853,-3.5399594956042613,7.72027839657019,-171.2924907435065,15.145758307650858,17.844913759987868,15.145758307650858,15.087467243481978,15.087467243481978,23.05693283189525,16.96687676035813,-4.861655699819334
2000-05-25,2020-06-09,-115.16055420443206,0.0,9.807533700096904,-7.022043715962933,4.235961190344195,-170.74814821792518,17.081179069211583,21.453403649285274,17.081179069211583,17.879194595340486,17.879194595340486,19.861890977410646,19.73163392295918,-0.8970492592186297
2000-06-26,2020-07-09,-121.196823923988,0.0,9.08545201852018,-5.719872753793265,5.340414163026441,-169.86825888873904,17.434753302696393,19.538775095382377,17.434753302696393,16.481766611646798,16.481766611646798,20.973161860504685,17.771154364671915,-3.3104249880278047
2000-07-26,2020-08-07,-123.57996941324333,0.0,9.313081543966817,-5.511008599259348,6.223812846164467,-169.64866890348372,17.90167725551184,19.51603643566502,17.90167725551184,16.907544126856244,16.907544126856244,22.18939411579468,18.014048578518516,-3.0537906895933276
2000-08-24,2020-09-08,-124.24506053260399,0.0,8.800435400397877,-5.9897405567665984,4.627934954102297,-168.4645772159521,16.960893042585745,18.780079642162217,16.960893042585745,17.515868227060416,17.515868227060416,20.46241070435828,16.85400430609496,-4.094601910749063
2000-09-25,2020-10-07,-116.65914545920586,0.0,9.009987690957733,-5.681539702604432,3.7760185100044197,-167.77860665835087,16.888017613858608,21.51644332910818,16.888017613858608,18.62104811251042,18.62104811251042,19.710243456956267,19.685180487241105,-0.6983129744897454
2000-10-24,2020-11-05,-112.1104077726609,0.0,8.970949530759942,-5.885030397074775,3.0282410907811474,-167.29530799352023,16.464032955483265,22.992344141814502,16.464032955483265,19.098213475841064,19.098213475841064,19.089815382780095,21.612386415170715,1.6412727201409183
2000-11-22,2020-12-07,-102.78314943463762,0.0,8.617588321631064,-6.289252232296594,-0.09531680744245818,-167.4660753845947,15.13605626726644,25.914512364577647,15.13605626726644,19.231457701545107,19.231457701545107,16.10971856395249,24.185609826767873,5.175216769071067
2000-12-22,2021-01-07,-96.20811054679601,0.0,8.13587501543811,-6.8661278437121,-0.5474809195105124,-167.32802494480836,15.167060728165094,26.83305252447532,15.167060728165094,19.984851303056494,19.984851303056494,15.740906812418132,27.15284200731416,8.257933787272353
2001-01-25,2021-02-08,-97.59972177067588,0.0,8.357635906344196,-6.709757561493834,-0.48292398613591914,-166.2575015210721,16.834087109838247,25.904331633237465,16.834087109838247,20.659041207653495,20.659041207653495,16.494289760775604,28.52972083092986,8.278201585336653
2001-02-26,2021-03-10,-88.53756169143745,0.0,9.130153391743168,-5.931321831567082,0.29306593763100963,-165.38774989656835,15.779522001115875,26.935437093289494,15.779522001115875,21.507381073504472,21.507381073504472,14.676345609787589,30.17713009147327,11.924043644560012
2001-03-27,2021-04-09,-80.19817031392984,0.0,9.436680101115869,-5.406185689496024,0.8384968194818931,-165.28339128148107,15.8505010186194,28.03892821505949,15.8505010186194,21.450303377670288,21.450303377670288,13.672496606593754,32.26574150436701,16.685285612940692
2001-04-26,2021-05-10,-84.12772555753678,0.0,9.201143961925506,-5.1233971485964425,1.1127809801791955,-164.21237858950778,16.496695218541912,28.16197946207577,16.496695218541912,22.25127055995646,22.25127055995646,15.46792457254531,32.249748094219655,16.27255785803028
2001-05-25,2021-06-09,-82.802510058686,0.0,9.210060557709454,-4.86485269990844,1.3661568211209563,-163.35276059320725,16.60984762321238,29.190222992327985,16.60984762321238,23.1081123366228,23.1081123366228,16.806578498613778,32.56917332900677,16.468516679568612
2001-06-26,2021-07-09,-75.07040729579417,0.0,9.482551997939126,-4.607869573229895,1.481441581963061,-163.05971021916443,16.149129809508445,29.547675756540492,16.149129809508445,22.288277105897425,22.288277105897425,14.326993787998621,33.49782819463076,18.20796785758194
2001-07-26,2021-08-09,-72.40544152549822,0.0,9.25320514961081,-4.550876699280781,1.7921090889450042,-162.68494860259386,16.132891663382942,29.45732798206535,16.132891663382942,21.7519405454647,21.7519405454647,13.290635164604492,34.32248542011074,19.367747905831845
2001-08-24,2021-09-08,-71.493347568643,0.0,9.162043157562305,-4.657460633583632,1.572695611078423,-162.14593032094714,15.934834956328192,29.537367683400984,15.934834956328192,21.694725359808764,21.694725359808764,13.160192583527852,34.36316783513638,19.520723423367414
2001-10-01,2021-10-07,-56.54511093041936,0.0,7.017799007926762,-6.929594021456431,-2.7596786122408012,-161.1967172362494,14.853914614323394,28.418292689644797,14.853914614323394,18.029857388759396,18.029857388759396,4.1760792954348425,30.19445251320363,17.17048079233008
2001-10-30,2021-11-05,-57.35216664302101,0.0,7.046502136947019,-5.493688508724226,-0.200377461663237,-160.49884072008692,15.985399878004625,29.25864383712007,15.985399878004625,18.358486575702493,18.358486575702493,7.1922143845948305,33.79074199381549,20.672962737871003
2001-11-29,2021-12-07,-62.94014183827468,0.0,6.313771367105758,-3.7019195241816405,2.178201895897125,-159.10732919497406,16.355915354837602,28.40786448085053,16.355915354837602,17.55438748252791,17.55438748252791,11.526106573045425,35.7228482128602,21.78450286296485
2001-12-31,2022-01-06,-63.19007003403154,0.0,6.02874515753804,-3.521949335194563,2.8825574750879213,-158.34009321696652,16.20275793892567,28.133334640421115,16.20275793892567,17.223965737755975,17.223965737755975,13.109855396342684,36.47037000600983,22.25795403270947
2002-01-31,2022-02-07,-63.43386880256041,0.0,6.047132870985461,-3.3112915123201248,3.1612267180891607,-157.16311386869685,15.76677615534594,27.825455225469753,15.76677615534594,17.476848528017452,17.476848528017452,13.697328313866386,34.59451086353926,19.78551319081534
2002-03-04,2022-03-09,-72.35859707490633,0.0,7.130920314859512,-2.221886135902462,4.246746593130624,-156.4574331605484,14.978908416227732,25.78945791441356,14.978908416227732,17.085057401635684,17.085057401635684,14.776523287878263,29.6986479307626,14.3590701021723
2002-04-03,2022-04-07,-63.46223823583186,0.0,5.571122955672081,-3.6104920119051087,2.865470217068289,-155.86635200161015,15.131179989529286,27.2222690194579,15.131179989529286,17.27987611011672,17.27987611011672,13.407178026301203,33.632538942518494,18.859644907864848
2002-05-02,2022-05-09,-69.88356189056245,0.0,5.788171405691767,-2.831639309084366,3.6428656144393834,-154.91642547599716,14.409223656119963,25.789909780409292,14.409223656119963,17.174371538051236,17.174371538051236,14.182201191141885,28.970033057462707,13.208848505990023
2002-06-03,2022-06-08,-60.27887315531943,0.0,5.078690508375505,-4.518733999383517,1.955879560624485,-153.7859664067498,13.693950889592799,26.643769406011764,13.693950889592799,17.293832204765547,17.293832204765547,12.495391978091241,30.22613063486057,14.235768690087358
2002-07-02,2022-07-11,-62.7652578420812,0.0,5.171612761973865,-4.101991674372307,1.1008969737713592,-153.51686343015425,12.245290056895897,25.519140980980737,12.245290056895897,16.837056326888256,16.837056326888256,11.688863867014287,25.626531148017495,10.12227642194441
2002-08-01,2022-08-09,-57.129685516594805,0.0,5.108513544627158,-4.2113365321538865,-1.476630981289695,-153.52865434399288,11.90211546721498,25.575766065935035,11.90211546721498,16.399329462133405,16.399329462133405,9.16171550885192,24.094471784850136,11.648847758811698
2002-08-30,2022-09-08,-56.60107455432328,0.0,5.302824523034655,-4.005872951542422,-1.2987239919604043,-152.69180359352984,11.955698405072823,25.76598778407657,11.955698405072823,16.49723265852776,16.49723265852776,9.326868549410783,24.445936169663618,12.034028543927988
2002-10-01,2022-10-07,-57.548557186313246,0.0,2.958372111661056,-6.459382526178281,-4.64436968343751,-152.16993268281297,10.92502590682054,22.589082101374114,10.92502590682054,14.411775260529947,14.411775260529947,5.9890507838678,19.24182604903457,7.032805725113445
2002-10-30,2022-11-07,-53.945956303333986,0.0,2.9439801963793144,-5.218231816648267,-3.7774970963511123,-151.38023476905406,8.241815288780874,24.52324948358564,8.241815288780874,14.023787120251985,14.023787120251985,6.840856663499206,21.648000410767754,11.260569114301955
2002-11-29,2022-12-07,-56.51882083073101,0.0,2.3545034255989528,-4.031592555968633,-0.9978594059645296,-149.97704266833,7.096008527689435,25.801628348778305,7.096008527689435,13.446768915026386,13.446768915026386,9.601150263960356,24.099722268109414,11.981270058101234
2002-12-31,2023-01-09,-50.8536719430408,0.0,3.7736532842025383,-5.512087531429621,-4.390813979286978,-148.7286730718407,9.88078996097208,24.049504426124635,9.88078996097208,15.438940662062528,15.438940662062528,6.215705249839054,19.231421601022536,10.340452119967924
2003-01-31,2023-02-08,-42.628565000630836,0.0,3.283231657105201,-4.917003162272504,-2.8371210593203244,-148.33685109727267,9.983609342254507,22.139530967002496,9.983609342254507,15.002643666648385,15.002643666648385,6.883618959818705,19.67273588355578,11.190164233787492
2003-03-04,2023-03-10,-48.58611585105477,0.0,2.9649269452969307,-5.214174946532868,-3.139652933719095,-146.97187631159903,10.238342535249245,21.242846580202812,10.238342535249245,15.103556005995333,15.103556005995333,7.3927709868049085,19.095561367281633,7.838366122303597
2003-04-02,2023-04-11,-52.452476041537906,0.0,3.6246723486588195,-4.336492886833909,-2.261066283104629,-146.12250749209022,10.629643058974736,21.347946807019902,10.629643058974736,16.342522871757303,16.342522871757303,8.62635163254577,19.490306987905992,11.93585191500146
2003-05-02,2023-05-10,-53.11473706221648,0.0,3.3972246638014347,-4.076219646236279,-2.0040963632883546,-144.64709067752545,10.21073857328636,21.11711649078085,10.21073857328636,16.37237071300035,16.37237071300035,9.038960500173943,19.391391169787386,13.325304815829941
2003-06-03,2023-06-09,-47.10371936864188,0.0,3.462289267701646,-3.8106380305391596,-1.742049352002617,-143.4652232425737,10.138682036267,21.911549596995705,10.138682036267,16.159396517136937,16.159396517136937,8.07195589601184,20.017109455718884,16.16106653427929
2003-07-02,2023-07-12,-46.74285127118205,0.0,3.247811143736179,-3.7330025538540035,-1.7783257880177317,-142.70697283218726,9.460935480944954,21.545029036869057,9.460935480944954,15.830788340387425,15.830788340387425,7.306079222055839,19.916624230686963,19.12501914910436
2003-08-01,2023-08-10,-44.81949218067216,0.0,3.1528658842572277,-3.8230421530571768,-1.769843386749681,-141.67925272329686,8.847660539872404,21.455364830595958,8.847660539872404,15.403333055561408,15.403333055561408,6.983102626203497,19.847720832473215,20.27799417276155
2003-09-02,2023-09-11,-43.41725159730636,0.0,2.8685134864359085,-4.090603825015471,-1.9970261574075998,-140.39176168744171,8.662767510516645,21.310760748314284,8.662767510516645,15.024870795177225,15.024870795177225,6.9060395417963605,19.48876414412437,20.571248986145374
2003-10-01,2023-10-10,-42.77235384189338,0.0,3.2174348320435087,-3.7836749356734423,-1.5484878908589295,-139.7392845264589,8.574587237324405,21.990130782596484,8.574587237324405,15.603134530106644,15.603134530106644,7.245654549166147,20.143993839030205,20.26049309873823
2003-10-30,2023-11-08,-47.76765720797327,0.0,2.933089454673077,-4.376481863086479,-2.8006874490049682,-139.083960466726,8.518291740924333,20.195201666346474,8.518291740924333,14.606708227582477,14.606708227582477,6.98518462601827,18.38624722436899,19.29479536267653
2003-12-01,2023-12-08,-44.808496705686096,0.0,2.7291534519258143,-4.764761071689438,-2.8271620969744227,-138.24452725699211,8.660626125605031,20.406996547006617,8.660626125605031,14.286466563517841,14.286466563517841,6.418537637906674,18.492956076210376,20.85026912172161
2003-12-31,2024-01-10,-42.857888720073674,0.0,2.6055474588293492,-4.9947092232516255,-3.025786080892434,-137.30048056878275,8.693090437588147,20.4864163114582,8.693090437588147,14.00258076788452,14.00258076788452,5.921248790601297,18.595685560585107,21.96209250434844
2004-02-02,2024-02-09,-42.94377689677997,0.0,2.5703711858771072,-5.089989372104586,-3.1848377511844994,-136.648240228181,9.357005599137658,19.516104059480455,9.357005599137658,14.171851476485475,14.171851476485475,5.387430242742575,18.838805697991567,25.168446309551396
2004-03-03,2024-03-12,-45.31120115980558,0.0,2.1944012438734894,-5.471833470904741,-3.565220931889268,-135.89185468662944,9.824023262074988,18.480497527348927,9.824023262074988,14.962820531496668,14.962820531496668,5.595236884916588,18.36336143377304,26.091090683997287
2004-04-01,2024-04-11,-41.53856793799315,0.0,2.9044186735749378,-4.718163072177095,-2.808814084618305,-135.32607919612528,10.894085237254103,20.97778304711584,10.894085237254103,15.605084628782517,15.605084628782517,8.606334944007976,20.064349067439036,26.19254297354212
2004-05-03,2024-05-10,-45.55289469199142,0.0,2.81484315602043,-4.864216303557267,-2.9539197031058784,-134.28404550934525,10.721883623090456,19.661347869579515,10.721883623090456,15.800469887210511,15.800469887210511,8.0210710600781,19.18656915813388,26.5871685526875
2004-06-02,2024-06-11,-43.28660283051011,0.0,2.6193718427647283,-4.9995347075038055,-3.0869938485134085,-133.55711271753722,10.373808501111803,19.1289059283406,10.373808501111803,15.580869117155505,15.580869117155505,6.982113522566724,19.080033163914045,27.240230299327983
2004-07-02,2024-07-12,-41.52857324450254,0.0,2.583396888067302,-4.921225492979797,-2.892532891087818,-132.63793253633915,10.49668097010903,19.565595332327046,10.49668097010903,15.599727326272017,15.599727326272017,7.570675396355586,19.94508544467255,28.595522836880605
2004-08-03,2024-08-12,-48.0745097536639,0.0,2.665121739182652,-4.843999067325466,-3.384095238325724,-131.64625583517608,10.893309212163249,20.219441307822716,10.893309212163249,15.690007174975484,15.690007174975484,8.030289661102863,18.679222680919594,23.935567221560206
2004-09-01,2024-09-11,-44.79279631524946,0.0,2.4576514359364587,-5.041657051738646,-3.27364743081926,-130.41584943495278,10.957106787186088,20.936916245530846,10.957106787186088,15.524738857528586,15.524738857528586,8.386831732078992,19.55451308515599,24.64611616345591
2004-10-01,2024-10-10,-41.35490803211184,0.0,2.5937604285775073,-5.04796126491458,-2.5239199124649225,-129.58203441496784,10.860321725152389,20.858725163668268,10.860321725152389,15.711203700057297,15.711203700057297,9.430114213264673,20.621552206125937,28.149922296445418
2004-11-01,2024-11-08,-39.29102514981908,0.0,2.436866526926984,-5.185939337233325,-2.2303044389526683,-129.00395709448676,10.895974811584441,21.286165962888237,10.895974811584441,15.726592834486297,15.726592834486297,10.188195903702013,21.38667596770727,29.493530577147098
2004-12-01,2024-12-10,-40.25265553669,0.0,2.243557647119143,-5.312998577173822,-2.4610118513290757,-128.00693284179766,10.001901736846897,19.348180050500208,10.001901736846897,15.471107074884749,15.471107074884749,8.478703982439662,19.522440679793363,28.888450021720136
2004-12-31,2025-01-13,-46.03148106392396,0.0,2.2167536975259416,-5.004086218463044,-2.70361151059495,-126.77989771082699,10.072855935516767,18.220491676652628,10.072855935516767,15.949343443864006,15.949343443864006,7.769765763341319,18.477421363840563,28.74781981047958
2005-02-01,2025-02-12,-45.955566177580124,0.0,2.3412383578036433,-4.906284568582109,-2.583560574149768,-126.05308892118083,11.014971193155088,19.557007981056973,11.014971193155088,16.771343661725613,16.771343661725613,8.075409461771876,20.10108366604202,30.773027750030657
2005-03-03,2025-03-14,-53.11617382124156,0.0,2.5827833922376087,-4.645257518527401,-2.328777222198042,-124.61993142314887,10.787425330036626,18.491610518780455,10.787425330036626,16.868565008016922,16.868565008016922,8.301540511017613,17.4072564192862,26.303822685642686
2005-04-04,2025-04-14,-58.146238279708214,0.0,2.9959691964398516,-3.3564640559524683,-1.0427260574785713,-123.10339990579955,12.44868521114606,18.833040605832352,12.44868521114606,19.375476855063578,19.375476855063578,9.575007283120218,16.99629238973932,24.669855521686213
2005-05-03,2025-05-14,-48.21531908069776,0.0,2.9613855439003522,-4.7968920482643895,-2.477606770210361,-121.94482224603176,13.546759934193187,18.59251732210243,13.546759934193187,18.735332645538616,18.735332645538616,8.165583011607858,19.390608341125493,29.51448798012901
2005-06-02,2025-06-13,-51.79256909444207,0.0,3.224685595659693,-3.671244167284815,-1.357499951302188,-120.3599693719437,13.366351037085167,18.922864470618528,13.366351037085167,18.732483997891958,18.732483997891958,9.26026192141327,18.62973860001116,30.50795412436358
2005-07-01,2025-07-16,-46.13517969217496,0.0,3.333796003124334,-4.486392631553038,-2.209904758145864,-119.40976732806251,13.769982907725353,19.08917935846688,13.769982907725353,19.014195568911596,19.014195568911596,8.40729618860614,19.436619748971484,32.014744019590594
2005-08-02,2025-08-14,-48.00690717966516,0.0,3.2215892309195304,-4.59421082068312,-2.514142208882575,-118.39103082637249,12.765340286260418,19.379275184032707,12.765340286260418,18.633732389736757,18.633732389736757,8.096911679826846,17.43240011590652,31.996991699518862
2005-08-31,2025-09-15,-48.1177203880967,0.0,3.433639199230676,-4.4004516172035935,-1.4322450611636839,-117.7175185393553,13.337512051470046,19.561180017584334,13.337512051470046,18.925033287116033,18.925033287116033,9.204495828152304,18.319722390196524,33.32949999189205
2005-09-30,2025-10-14,-47.88642152756317,0.0,3.4235653273095856,-3.9438690534931986,0.9113782004077642,-117.03545035367746,13.359797746117508,20.273594400797013,13.359797746117508,19.000744747350584,19.000744747350584,11.551695248197547,18.120663533316428,34.10685060028618
2005-10-31,2025-11-12,-43.801568922752224,0.0,3.478031535613102,-3.9440137178892165,0.6959198939937572,-116.23358303820774,14.085240553374234,20.515804227776435,14.085240553374234,19.471625432883055,19.471625432883055,11.364758675185271,19.361438660732144,36.05171671049234
2005-11-30,2025-12-12,-43.576750588085744,0.0,3.6744062712301684,-3.6300710613135223,1.8277276373623863,-114.94232499872359,14.0550563953723,20.899539109215937,14.0550563953723,19.506881055499914,19.506881055499914,12.463435987510874,19.1268310894821,36.31555619844961
2005-12-30,2026-01-14,-42.18261614397312,0.0,3.553745923918772,-3.8475407077109836,1.5591577273621482,-114.29530935508137,14.66767055612106,21.65019308556948,14.66767055612106,20.07429274451189,20.07429274451189,12.191230886471338,19.722324024382676,38.20244330023259
2006-02-01,2026-02-13,-41.463951224944836,0.0,3.635911614487952,-3.959108755953178,1.5078661076839417,-112.95530646269869,16.436708106757347,22.26336003925855,16.436708106757347,19.881324023192093,19.881324023192093,11.336660943390697,19.05796046815844,38.20276049979255
2006-03-03,2026-03-17,-43.98549097561988,0.0,3.4446025872192365,-4.14822550831806,1.3171713329818147,-112.42402809573005,15.812647918809208,21.84550622822634,15.812647918809208,20.926307230781926,20.926307230781926,11.143347409232618,18.530515537427128,37.337133411505796
2006-04-03,2026-04-16,-39.27947632413664,0.0,2.6233348334758766,-5.427711432230975,0.029942318817699487,-111.54361796974266,15.569569194924249,20.839652385977736,15.569569194924249,20.117826533487815,20.117826533487815,9.33540532602084,16.595187148336077,36.477336178881714
2006-05-03,2026-05-15,-29.70286090669072,0.0,2.760353905701951,-7.043223230882578,-1.5758788892883402,-111.06821746106776,15.371085993778344,18.57191123605384,15.371085993778344,18.185101124750247,18.185101124750247,6.288809376480131,14.901714147166345,34.32293524133323
2006-06-02,2026-06-16,-28.359388996925805,0.0,3.895752637534944,-5.94160286459644,-0.4596938492618108,-111.16745799207183,17.159681374037117,19.147710506814963,17.159681374037117,21.22360307164728,21.22360307164728,8.23003358311869,16.695853892201296,36.244199935790974
2006-07-03,2026-07-17,-28.09697479240869,0.0,4.556932982013873,-5.606343342847708,0.014856588228528977,-110.51803489999568,18.58317621099337,20.102431400301768,18.58317621099337,22.687305565221028,22.687305565221028,8.78212518088839,16.149212547238445,34.747054236639045
