portfolio,policy,family,currency,cost_model,start,end,years,cagr,volatility,sharpe,sortino,max_drawdown,ulcer_index,time_underwater,terminal_wealth,trades_per_year,turnover_per_year,cost_drag_bps,total_cost,mean_abs_weight_deviation,max_abs_weight_deviation,mean_equity_weight,max_equity_weight,allocation_effect_bps,rebalancing_effect_bps,cost_effect_bps
60/40,Never (drift),calendar,GBP,base,1991-11-01,2026-08-04,34.72,0.08795954025890707,0.13065829134638784,0.4526902195532915,0.4523526261980224,-0.3305417586463816,0.08684691870909665,0.9215910389758829,1866940.9158542335,0.0,0.0,0.0,0.0,0.09025075111570609,0.2614726966518298,0.6873429232763428,0.8614726966518298,33.36340238170976,-12.480141635748954,5.45927271384361
60/40,Monthly,calendar,GBP,base,1991-11-01,2026-08-04,34.72,0.08532528691292662,0.12128536340287796,0.45790370801800334,0.46333551661792277,-0.2895642273826867,0.07127444853354077,0.9227340267459139,1716241.4768112511,12.010972682592296,0.22313445336787205,5.45927271384361,6516.950055455336,0.006570443259310001,0.09524211780082142,0.6004458535339229,0.6509752100535636,0.0,0.0,-0.0
60/40,Quarterly,calendar,GBP,base,1991-11-01,2026-08-04,34.72,0.08698732888801208,0.12031273307370831,0.4733555010065457,0.4786148998183797,-0.2796936561855481,0.06868754395059166,0.9214767401988798,1809884.0333894724,4.003657560864099,0.14248412510485822,2.056728266057739,2690.0411609641424,0.012035004475735238,0.12581148510729118,0.6015674200143444,0.6702059223050298,0.45070003046987495,12.767175272598852,3.4025444477858713
60/40,Semi-annual,calendar,GBP,base,1991-11-01,2026-08-04,34.72,0.085590486361792,0.11908711769707409,0.4662067190882244,0.47008763940042153,-0.28737019409747333,0.07088225761726297,0.922848325522917,1730861.1995589938,2.016230426334438,0.09583337466006693,1.1384054293839263,1538.4617080571206,0.015046482710264666,0.17491041465020657,0.5998708167717561,0.6548093540508755,-0.23128070569811143,-1.4375920901077421,4.320867284459684
60/40,Annual,calendar,GBP,base,1991-11-01,2026-08-04,34.72,0.08636613245395863,0.11874703546083852,0.473227254252786,0.4766801089003346,-0.2795786166199896,0.06852626017365941,0.9218196365298891,1774318.0589114106,1.008115213167219,0.0716620007820258,0.6619703780041952,933.124044442632,0.020094271483327122,0.20630220641456104,0.6021891673511649,0.6760865710330185,0.700322909978901,4.910830164501778,4.797302335839415
60/40,Daily (constant mix),control,GBP,base,1991-11-01,2026-08-04,34.72,0.07481888310261575,0.1225214990681643,0.3750865232867634,0.3796060472812763,-0.31112553561530565,0.08112212073506686,0.9318779289061607,1224352.5206133318,252.0,0.9951013759478512,118.24278061888016,109290.41599199487,0.0019744074919600223,0.035256471600516204,0.6000352564562993,0.6293301067188684,-0.16512875826713014,7.884598560194966,-112.78350790503654
60/40,Band 5pp (daily check),threshold,GBP,base,1991-11-01,2026-08-04,34.72,0.08692723298250615,0.12270425577901181,0.46603756289333725,0.4716613168705496,-0.2847275407882909,0.06927645055706466,0.9209052463138644,1806413.275796386,0.8640987541433307,0.09032749223748883,0.621565828395898,1005.7961164995043,0.019601698076619357,0.06421861521734196,0.6137249213445117,0.6532892284856331,5.302576026509076,5.879177783838507,4.837706885447712
60/40,Band 25% rel (daily check),threshold,GBP,base,1991-11-01,2026-08-04,34.72,0.08790271787604476,0.12304596302032457,0.4723955102191049,0.4763760980599342,-0.2841261996931953,0.0709475389484937,0.9212481426448736,1863558.610687851,0.2592296262429992,0.05320736313064068,0.2850522236430564,534.4642546639997,0.03850275637040653,0.10969431890736156,0.6302260947961209,0.7012135280945396,11.789398863621958,8.810690277358812,5.174220490200554
60/40,5/25 rule (daily check),threshold,GBP,base,1991-11-01,2026-08-04,34.72,0.08692723298250615,0.12270425577901181,0.46603756289333725,0.4716613168705496,-0.2847275407882909,0.06927645055706466,0.9209052463138644,1806413.275796386,0.8640987541433307,0.09032749223748883,0.621565828395898,1005.7961164995043,0.019601698076619357,0.06421861521734196,0.6137249213445117,0.6532892284856331,5.302576026509076,5.879177783838507,4.837706885447712
60/40,Band 5pp (monthly check),hybrid,GBP,base,1991-11-01,2026-08-04,34.72,0.08707341136237767,0.12142550272258487,0.47078420963531115,0.47536381442599845,-0.28049157245819023,0.06926196546243703,0.9212481426448736,1814866.8951717117,0.6624757115098868,0.07913521323008167,0.5212125617481966,862.7831411129555,0.02042792403418057,0.12581148510729137,0.6122778071449152,0.6676816108625877,4.728281916537291,7.81490242587779,4.938060152095414
60/40,5/25 rule (monthly check),hybrid,GBP,base,1991-11-01,2026-08-04,34.72,0.08707341136237767,0.12142550272258487,0.47078420963531115,0.47536381442599845,-0.28049157245819023,0.06926196546243703,0.9212481426448736,1814866.8951717117,0.6624757115098868,0.07913521323008167,0.5212125617481966,862.7831411129555,0.02042792403418057,0.12581148510729137,0.6122778071449152,0.6676816108625877,4.728281916537291,7.81490242587779,4.938060152095414
60/40,5/25 rule (annual check),hybrid,GBP,base,1991-11-01,2026-08-04,34.72,0.08757148856646402,0.11905226480687126,0.481642337721811,0.48475952083636825,-0.2690896241328231,0.06617134657195747,0.9209052463138644,1843960.5966422958,0.34563950165733226,0.05572203164022206,0.336062437320539,514.3916467806208,0.029949963741588738,0.21136952120450628,0.6081909415522688,0.6823582768551604,3.1016791779592268,14.237127080891643,5.123210276523071
60/40,Drawdown trigger -15%,opportunistic,GBP,base,1991-11-01,2026-08-04,34.72,0.08749462938090691,0.1248935531773086,0.4642642562489163,0.46409072867473766,-0.29168181119013115,0.07335013892322687,0.9222768316379015,1839441.7237011204,0.34563950165733226,0.049527668087840364,0.29278220200046334,486.44888117533253,0.060472949127200526,0.19278926182436099,0.651893042241496,0.7592468439956516,20.13425694877169,-3.6073227808119945,5.166490511843147
60/40,Drawdown trigger -20%,opportunistic,GBP,base,1991-11-01,2026-08-04,34.72,0.08700832739379805,0.12665654703936985,0.4560273651185424,0.455360259642289,-0.2970049299687423,0.07777264413760937,0.9212481426448736,1811098.2998113304,0.17281975082866613,0.014611765197330488,0.12318299959179768,151.10340217192135,0.07371702672408227,0.2292929477308625,0.6638999817355925,0.8292929477308625,24.674030196512042,-13.179715102049627,5.336089714251813
60/20/20,Never (drift),calendar,GBP,base,1991-11-01,2026-08-04,34.72,0.09063109450691309,0.1337252886226715,0.46367979049760955,0.4619754639964443,-0.3731521842333819,0.09569965278535937,0.9171333866727626,2032872.078441665,0.0,0.0,0.0,0.0,0.11276228565540201,0.21862657307694905,0.7091902965154906,0.818626573076949,17.152204398243054,-33.95558355890227,8.600428690039852
60/20/20,Monthly,calendar,GBP,base,1991-11-01,2026-08-04,34.72,0.09145138955397503,0.12083465201197226,0.5057362758145263,0.5104958836427314,-0.29923548017957025,0.07197147536869107,0.9132472282546577,2086634.3172566975,12.010972682592296,0.24895648611761534,8.600428690039852,9650.592457918661,0.007423185467527793,0.07463872763948713,0.6001876146363045,0.6432717346765594,0.0,0.0,-0.0
60/20/20,Quarterly,calendar,GBP,base,1991-11-01,2026-08-04,34.72,0.09258397719029388,0.12001366346630794,0.5170220984605747,0.5219083304065104,-0.2918896515232431,0.07009001211226501,0.9117613441536175,2163139.1596405385,4.003657560864099,0.15037939121607355,3.147554022147059,3833.2894219818286,0.012947773450013396,0.10550719024699048,0.6009307339343243,0.6602223183327931,0.26156716070646624,5.6114345345892325,5.452874667892793
60/20/20,Semi-annual,calendar,GBP,base,1991-11-01,2026-08-04,34.72,0.09130055332496423,0.1188068027717071,0.5111736342651786,0.5157733291615956,-0.29583965221554265,0.07174710106616598,0.9135901245856669,2076645.962119938,2.016230426334438,0.09929590653939231,1.7107992814935358,2150.738451529874,0.016150215045129947,0.13854189664676972,0.5985338358888604,0.6497876375326618,-0.13152321444165338,-8.266468484212641,6.889629408546316
60/20/20,Annual,calendar,GBP,base,1991-11-01,2026-08-04,34.72,0.09243513912252088,0.11818293982833587,0.5220518887396489,0.5265149053488577,-0.2879757978404983,0.06945986230610268,0.9130186307006515,2152932.010824228,1.008115213167219,0.07626852305511209,0.9824097945676513,1298.3288766935211,0.02249147361065081,0.17927740045636345,0.600017372414187,0.6856835850867102,0.4298290082127565,1.7896477817735956,7.618018895472201
60/20/20,Daily (constant mix),control,GBP,base,1991-11-01,2026-08-04,34.72,0.0719881134731859,0.12206834359160555,0.35441455520701237,0.35777259020781227,-0.3380547970083706,0.09055903345668843,0.9285632643730712,1117231.156964119,252.0,1.1497036775627416,215.48862488094844,162258.18319151306,0.0022811580904022652,0.039461387513385446,0.6000202199982867,0.6394613875133854,-0.09868186971573323,12.354117252733054,-206.8881961909086
60/20/20,Band 5pp (daily check),threshold,GBP,base,1991-11-01,2026-08-04,34.72,0.09407415813932296,0.12228964015339892,0.5208039807701123,0.5255224401173507,-0.2915783307369164,0.06956311234912933,0.9121042404846268,2267959.7188563882,0.9793119213624414,0.10150979893681272,1.0172917095285783,1600.6064180040462,0.023772920917480345,0.05906481366222066,0.6127795042790414,0.6542355717679326,2.916992915600325,15.727555957367745,7.583136980511274
60/20/20,Band 25% rel (daily check),threshold,GBP,base,1991-11-01,2026-08-04,34.72,0.09412173429971049,0.12238323121328173,0.5208577447597075,0.5255656010433712,-0.29781112800934395,0.07197945822557099,0.912332838038633,2271386.246723166,0.5760658360955537,0.07541026257355321,0.6712885446069627,1084.2833414233924,0.031001407184815057,0.0990523176033906,0.6194742003328387,0.6990523176033906,3.963030865015149,14.811276446906607,7.929140145432889
60/20/20,5/25 rule (daily check),threshold,GBP,base,1991-11-01,2026-08-04,34.72,0.09407415813932296,0.12228964015339892,0.5208039807701123,0.5255224401173507,-0.2915783307369164,0.06956311234912933,0.9121042404846268,2267959.7188563882,0.9793119213624414,0.10150979893681272,1.0172917095285783,1600.6064180040462,0.023772920917480345,0.05906481366222066,0.6127795042790414,0.6542355717679326,2.916992915600325,15.727555957367745,7.583136980511274
60/20/20,Band 5pp (monthly check),hybrid,GBP,base,1991-11-01,2026-08-04,34.72,0.0938232253620832,0.12132014531589906,0.5221085691474412,0.5273317778510602,-0.29492488364595826,0.07090617899951163,0.912332838038633,2249969.9537408464,0.7200822951194422,0.08362642386537765,0.7666734732381109,1341.273687719986,0.024074260144450025,0.09817065615173881,0.6129140363373907,0.669637044186896,2.948901813037974,12.935701051242088,7.833755216801741
60/20/20,5/25 rule (monthly check),hybrid,GBP,base,1991-11-01,2026-08-04,34.72,0.0938232253620832,0.12132014531589906,0.5221085691474412,0.5273317778510602,-0.29492488364595826,0.07090617899951163,0.912332838038633,2249969.9537408464,0.7200822951194422,0.08362642386537765,0.7666734732381109,1341.273687719986,0.024074260144450025,0.09817065615173881,0.6129140363373907,0.669637044186896,2.948901813037974,12.935701051242088,7.833755216801741
60/20/20,5/25 rule (annual check),hybrid,GBP,base,1991-11-01,2026-08-04,34.72,0.09424632241335296,0.11871624970257932,0.5342069678219724,0.5380963674634371,-0.2812027595500062,0.0672398044612099,0.9119899417076237,2280383.1656551016,0.43204937707166535,0.06445553942388732,0.5289384055284785,842.7992822552283,0.03334077096310361,0.17927740045636328,0.6056270436608321,0.7093188507791215,1.9191816455177424,17.958656663750183,8.071490284511373
60/20/20,Drawdown trigger -15%,opportunistic,GBP,base,1991-11-01,2026-08-04,34.72,0.09529464467641668,0.12431784140183477,0.5233279088939724,0.5246407865855868,-0.2970487842434434,0.07316816915335285,0.9131329294776546,2357469.3553203815,0.34563950165733226,0.05088081684168144,0.40749001778861427,635.2462577942727,0.058876874754999906,0.17795336406336568,0.649383128706928,0.7751130768557827,11.26459216700848,18.97502038515686,8.192938672251238
60/20/20,Drawdown trigger -20%,opportunistic,GBP,base,1991-11-01,2026-08-04,34.72,0.09543399620854665,0.1257316163411493,0.5198789294047379,0.5196070218848452,-0.3044470407800641,0.07743397919971765,0.9133615270316607,2367904.934225754,0.17281975082866613,0.03335384350867906,0.2816179618414516,364.06100169188755,0.08111818648940759,0.1861155586862663,0.6595053408902819,0.7861155586862664,13.805221209919338,17.70203460759845,8.3188107281984
40/30/30,Never (drift),calendar,GBP,base,1991-11-01,2026-08-04,34.72,0.08519389315234838,0.1125359437200504,0.48332215092939146,0.4879837475598852,-0.270050155143885,0.07270656692809771,0.9189621671048119,1709042.5966036702,0.0,0.0,0.0,0.0,0.1319136131414761,0.2673313547065397,0.524119492497521,0.6673313547065397,27.236795029312866,-41.55999191051585,9.378977982439363
40/30/30,Monthly,calendar,GBP,base,1991-11-01,2026-08-04,34.72,0.08568831504222474,0.10299087363807045,0.5224861682044111,0.5371095272618486,-0.17798630973306773,0.050850414880418145,0.9226197279689108,1736284.7070380119,12.010972682592296,0.27792425729906656,9.378977982439363,9683.120462945451,0.00820993239035327,0.07026812478328937,0.4002652188370638,0.44489047529010795,0.0,0.0,-0.0
40/30/30,Quarterly,calendar,GBP,base,1991-11-01,2026-08-04,34.72,0.08666445246301824,0.10267881642727376,0.5325242539325382,0.5471895343942481,-0.17059181753568242,0.0495796764319687,0.9222768316379015,1791312.523257846,4.003657560864099,0.16354197149828784,3.416733125480853,3816.863846796741,0.014088179506903482,0.09698041438778701,0.4011751577678088,0.46340427888853186,0.4136527307752047,3.3854766202012776,5.96224485695851
40/30/30,Semi-annual,calendar,GBP,base,1991-11-01,2026-08-04,34.72,0.08548931757579159,0.10211858573585322,0.5242908095771143,0.5375056051664555,-0.1760955196948396,0.05056862405350897,0.9230769230769231,1725269.8267887589,2.016230426334438,0.10951821827592602,1.868348178284407,2151.925141763003,0.017803671829125563,0.12420251946734218,0.3988957192913517,0.451942725525079,-0.07885647324679113,-9.421747995239649,7.510629804154956
40/30/30,Annual,calendar,GBP,base,1991-11-01,2026-08-04,34.72,0.08672749687565173,0.10189558177918177,0.5364146319051494,0.5510701382153523,-0.16852023818593975,0.048840112328788515,0.9226197279689108,1794924.1696892201,1.008115213167219,0.08470961165711045,1.0744586034827641,1316.5608354140497,0.02460566812603197,0.15597506380982892,0.4007002338385967,0.49227208782709403,0.7808595272673635,1.3064394280459801,8.304519378956599
40/30/30,Daily (constant mix),control,GBP,base,1991-11-01,2026-08-04,34.72,0.06375977705729241,0.10371191552260507,0.3228227730217477,0.33127573467024696,-0.22779093407097006,0.0730266410331297,0.9427363127214539,854991.3041036248,252.0,1.2848557995638343,242.77740609919718,161974.73139201413,0.0025493170626266553,0.04080317923640711,0.40002779511620024,0.44080317923640716,-0.15777386012549854,14.270822127560034,-233.39842811675783
40/30/30,Band 5pp (daily check),threshold,GBP,base,1991-11-01,2026-08-04,34.72,0.08823617710914333,0.10371674772107423,0.5421730468687059,0.556842833895095,-0.17148990127613228,0.048712700381759,0.9207909475368613,1883492.8457322817,1.1233283803863299,0.11699187586320546,1.1694362525926927,1792.2668823201338,0.023820477246293863,0.06096351925305757,0.4087595004136645,0.4533961074929848,3.617774042166122,13.651304897173144,8.20954172984667
40/30/30,Band 25% rel (daily check),threshold,GBP,base,1991-11-01,2026-08-04,34.72,0.08761216868297828,0.1042732119436208,0.5343512693183275,0.5489142543246448,-0.16488731950552182,0.04844445915099011,0.9210195450908675,1846356.7123243106,0.37444279346210996,0.06177380200857209,0.5223343029525651,762.6959740855035,0.035089603353114285,0.10426747213139251,0.41765693554897365,0.4884294032331411,6.907139202565471,3.4747535254830986,8.856643679486798
40/30/30,5/25 rule (daily check),threshold,GBP,base,1991-11-01,2026-08-04,34.72,0.08823617710914333,0.10371674772107423,0.5421730468687059,0.556842833895095,-0.17148990127613228,0.048712700381759,0.9207909475368613,1883492.8457322817,1.1233283803863299,0.11699187586320546,1.1694362525926927,1792.2668823201338,0.023820477246293863,0.06096351925305757,0.4087595004136645,0.4533961074929848,3.617774042166122,13.651304897173144,8.20954172984667
40/30/30,Band 5pp (monthly check),hybrid,GBP,base,1991-11-01,2026-08-04,34.72,0.08779130386817968,0.1031461574936142,0.5406283974206183,0.5550332083444566,-0.17252048355850513,0.049418070089050484,0.9205623499828551,1856944.0498258835,0.7776888787289976,0.09053693797377899,0.8973328417072324,1242.8913125184977,0.0252989609091998,0.10246034055124134,0.4074099186564435,0.47392709801265964,3.1057838793357995,9.442459239481504,8.48164514073213
40/30/30,5/25 rule (monthly check),hybrid,GBP,base,1991-11-01,2026-08-04,34.72,0.08779130386817968,0.1031461574936142,0.5406283974206183,0.5550332083444566,-0.17252048355850513,0.049418070089050484,0.9205623499828551,1856944.0498258835,0.7776888787289976,0.09053693797377899,0.8973328417072324,1242.8913125184977,0.0252989609091998,0.10246034055124134,0.4074099186564435,0.47392709801265964,3.1057838793357995,9.442459239481504,8.48164514073213
40/30/30,5/25 rule (annual check),hybrid,GBP,base,1991-11-01,2026-08-04,34.72,0.08909660842808154,0.10221312568799945,0.5563864823100488,0.5713694242211557,-0.15809141540761917,0.04692050996920991,0.9198765573208366,1935890.9223748385,0.43204937707166535,0.0706157535460308,0.5903029600951015,878.4648934573544,0.03695531088610541,0.17434173095679237,0.40434395199393297,0.5202758670842121,2.15284285824735,23.141415977976365,8.788675022344261
40/30/30,Drawdown trigger -15%,opportunistic,GBP,base,1991-11-01,2026-08-04,34.72,0.09055785551575601,0.10580052953547103,0.5537345972900198,0.5658055064598952,-0.18231384802240636,0.050280953576835666,0.916447594010744,2028137.941626282,0.34563950165733226,0.056192863380816395,0.44918027447993225,679.1048128075759,0.06560642284628965,0.205033050458162,0.4536738748073824,0.605033050458162,16.832477993549144,22.933129033804178,8.92979770795943
40/30/30,Drawdown trigger -20%,opportunistic,GBP,base,1991-11-01,2026-08-04,34.72,0.09115436310069058,0.10768394807363826,0.5510252619149886,0.5584883626213469,-0.19016627792219143,0.05358368714515014,0.9147331123556978,2067009.5849288781,0.17281975082866613,0.037968227022792095,0.3172080970026414,396.05237841887026,0.09396053649453046,0.2202802028741361,0.46718275581404534,0.6202802028741361,21.110072224050924,24.4886384751708,9.061769885436721
60/40,Never (drift),calendar,USD,base,1991-11-01,2026-08-04,34.72,0.07992199665422306,0.11323098122991024,0.5168995019155631,0.495532007845131,-0.3906263912202492,0.08978703159110728,0.8907303691850498,1443196.220175401,0.0,0.0,0.0,0.0,0.09025075111570723,0.2614726966518306,0.6873429232763443,0.8614726966518306,33.1169228100725,-12.387941807650016,5.855621556545287
60/40,Monthly,calendar,USD,base,1991-11-01,2026-08-04,34.72,0.07726353639832628,0.10062169808592882,0.5436817538425397,0.5247930028942868,-0.36107263240534127,0.06944337649788868,0.8835295462338553,1324835.6741094259,12.010972682592296,0.22313445336787235,5.855621556545287,6240.453228009423,0.006570443259310004,0.09524211780082145,0.6004458535339229,0.6509752100535636,0.0,0.0,-0.0
60/40,Quarterly,calendar,USD,base,1991-11-01,2026-08-04,34.72,0.07894289902719787,0.0992369079971596,0.565568914968482,0.5464152909546601,-0.3565896416944345,0.06834939848754928,0.8814721682477997,1398456.4707349576,4.003657560864099,0.14248412510485825,2.1822205708965647,2500.6475220281172,0.012035004475735247,0.1258114851072917,0.6015674200143444,0.67020592230503,0.44737038354059067,12.672854919526522,3.6734009856487226
60/40,Semi-annual,calendar,USD,base,1991-11-01,2026-08-04,34.72,0.07756360570561971,0.09735044207989395,0.5614893156796965,0.5405707230653468,-0.34593495557111487,0.06793077689482736,0.8829580523488398,1337708.099693996,2.016230426334438,0.09583337466006708,1.1983848575747302,1411.2667577827806,0.0150464827102647,0.17491041465020662,0.5998708167717561,0.6548093540508753,-0.22957206792906248,-1.4269715581072262,4.657236698970557
60/40,Annual,calendar,USD,base,1991-11-01,2026-08-04,34.72,0.07833680809707833,0.0967204726174414,0.5719371706686737,0.5504624034985534,-0.3367592459828259,0.06555836528980859,0.8829580523488398,1371439.3615624227,1.008115213167219,0.07166200078202577,0.6926039994747946,840.3749525296308,0.020094271483327063,0.20630220641456093,0.6021891673511648,0.6760865710330182,0.6951491183904146,4.874550312059522,5.163017557070493
60/40,Daily (constant mix),control,USD,base,1991-11-01,2026-08-04,34.72,0.0655562925687514,0.10239100801757813,0.4292971658367143,0.4156824673143262,-0.36520998305612684,0.07556788067535143,0.8986169847982627,906576.3668937543,252.0,0.995101375947851,130.5905003504293,108253.92402735,0.0019744074919600227,0.035256471600516204,0.6000352564562993,0.6293301067188684,-0.16390883275763102,7.826349330892768,-124.73487879388401
60/40,Band 5pp (daily check),threshold,USD,base,1991-11-01,2026-08-04,34.72,0.07889414376080972,0.10276073438750642,0.5492046698672132,0.5317233068838705,-0.355166995278382,0.06899324348301383,0.883186649902846,1396264.1753000757,0.8640987541433307,0.09032749223748894,0.6486940434258237,888.29475094025,0.01960169807661944,0.06421861521734185,0.6137249213445117,0.6532892284856329,5.263402064201728,5.835744047513192,5.206927513119464
60/40,Band 25% rel (daily check),threshold,USD,base,1991-11-01,2026-08-04,34.72,0.07986476043000179,0.10340055522343992,0.555153260918804,0.5363463600701054,-0.349561728993673,0.06960567409267993,0.8852440278889016,1440542.9966507107,0.2592296262429992,0.053207363130640756,0.2912826305823124,456.6551274090243,0.03850275637040652,0.10969431890736192,0.6302260947961209,0.7012135280945396,11.702302051717073,8.745599339075039,5.564338925962975
60/40,5/25 rule (daily check),threshold,USD,base,1991-11-01,2026-08-04,34.72,0.07889414376080972,0.10276073438750642,0.5492046698672132,0.5317233068838705,-0.355166995278382,0.06899324348301383,0.883186649902846,1396264.1753000757,0.8640987541433307,0.09032749223748894,0.6486940434258237,888.29475094025,0.01960169807661944,0.06421861521734185,0.6137249213445117,0.6532892284856329,5.263402064201728,5.835744047513192,5.206927513119464
60/40,Band 5pp (monthly check),hybrid,USD,base,1991-11-01,2026-08-04,34.72,0.07904019117359762,0.10096539911283647,0.5585077468484881,0.5392930441242977,-0.35619505224227277,0.06849107965436702,0.8841010401188707,1402841.2378785084,0.6624757115098868,0.0791352132300818,0.5395925761031428,752.722326086971,0.02042792403418062,0.12581148510729176,0.6122778071449154,0.6676816108625875,4.693350679969566,7.757168092301647,5.316028980442145
60/40,5/25 rule (monthly check),hybrid,USD,base,1991-11-01,2026-08-04,34.72,0.07904019117359762,0.10096539911283647,0.5585077468484881,0.5392930441242977,-0.35619505224227277,0.06849107965436702,0.8841010401188707,1402841.2378785084,0.6624757115098868,0.0791352132300818,0.5395925761031428,752.722326086971,0.02042792403418062,0.12581148510729176,0.6122778071449154,0.6676816108625875,4.693350679969566,7.757168092301647,5.316028980442145
60/40,5/25 rule (annual check),hybrid,USD,base,1991-11-01,2026-08-04,34.72,0.07953570041312341,0.09713552695395436,0.5813585425074029,0.5595927025124179,-0.33447393366188083,0.06455422973076923,0.8829580523488398,1425380.860197139,0.34563950165733226,0.05572203164022231,0.3446933714523759,451.57534896398636,0.02994996374158891,0.21136952120450633,0.608190941552269,0.6823582768551613,3.0787648316898952,14.131947131188483,5.5109281850929115
60/40,Drawdown trigger -15%,opportunistic,USD,base,1991-11-01,2026-08-04,34.72,0.07919902080989782,0.10460545663274966,0.5440900362182256,0.5217483117260351,-0.36431061761592565,0.07423437670314408,0.8877586009829694,1410028.0857332426,0.37444279346210996,0.05131107323668762,0.32012179267404406,448.07867467006014,0.05412194120405782,0.17061652864043053,0.6474964450504203,0.7540555751754087,18.3204659643299,-4.501121612485726,5.535499763871243
60/40,Drawdown trigger -20%,opportunistic,USD,base,1991-11-01,2026-08-04,34.72,0.07823637222403401,0.10676533790796783,0.5268923526757494,0.5041671248436019,-0.3516824116070931,0.0803393524625235,0.891073265516059,1367011.5704896548,0.2304263344382215,0.03376876266516444,0.21611363210105594,280.68078151488714,0.07198511519888899,0.18783693125050877,0.6620209077451339,0.7594096828786115,23.79048216655688,-19.701631833923816,5.639507924444231
60/20/20,Never (drift),calendar,USD,base,1991-11-01,2026-08-04,34.72,0.08257953469301293,0.12179749234650512,0.5090245604890669,0.4861377648303195,-0.40926411834778076,0.09832752791590366,0.8943879300491485,1571753.853824226,0.0,0.0,0.0,0.0,0.11252691717593742,0.21829164270338566,0.7089298145470792,0.8182916427033856,17.591295630516868,-34.315667613726845,9.229663795142784
60/20/20,Monthly,calendar,USD,base,1991-11-01,2026-08-04,34.72,0.08332900551181965,0.10824119445535493,0.564670364474877,0.5450341770447077,-0.3610863739145389,0.07224515653321556,0.8901588753000342,1609975.9865041021,12.010972682592296,0.2497504887102779,9.229663795142784,9260.406747673378,0.0074217740911232824,0.0760237833384197,0.6001807671376643,0.6439462976153804,0.0,0.0,-0.0
60/20/20,Quarterly,calendar,USD,base,1991-11-01,2026-08-04,34.72,0.08451214994720546,0.10716928062069972,0.5794289148930585,0.5592827870915832,-0.3598485083180989,0.07197523873450379,0.888444393644988,1672159.1357175342,4.003657560864099,0.15066677747303558,3.3468680562576125,3582.1045521707465,0.012981674181619112,0.10663403786198261,0.6009051633882259,0.659914017820899,0.2612789057732101,5.687369709199697,5.8827957388851715
60/20/20,Semi-annual,calendar,USD,base,1991-11-01,2026-08-04,34.72,0.08323711905431286,0.10561770225521902,0.575240831122109,0.5544270115933281,-0.35007154006222196,0.07183370274603396,0.8901588753000342,1605241.7765442398,2.016230426334438,0.09930308764910283,1.8055963198460034,1983.5172230810144,0.016169981787953917,0.13833282423900478,0.5985543917490478,0.6500133352225432,-0.14191337981639407,-8.201018670548343,7.424067475296781
60/20/20,Annual,calendar,USD,base,1991-11-01,2026-08-04,34.72,0.08438180732942357,0.10484759026001421,0.5887731165588519,0.5672990445999923,-0.3395684039296244,0.0695056405806861,0.888558692421991,1665195.9531247977,1.008115213167219,0.07634484183886105,1.0308998619446008,1179.0660460835074,0.022531924982935964,0.17924544028377046,0.6000779584385401,0.6850863382158698,0.41679772595726305,1.9124565168837648,8.198763933198183
60/20/20,Daily (constant mix),control,USD,base,1991-11-01,2026-08-04,34.72,0.060985295055419275,0.10980401426581514,0.36835851519006096,0.35696570536759253,-0.3714176850186419,0.08626037129021796,0.9157618013487255,780879.9190099384,252.0,1.13625280961469,242.96390247764865,160862.61674518458,0.002254469860346607,0.037633393205922225,0.6000205497898032,0.6376333932059223,-0.09771749325926393,10.394851611761347,-233.73423868250586
60/20/20,Band 5pp (daily check),threshold,USD,base,1991-11-01,2026-08-04,34.72,0.08626156793212258,0.10996765011697443,0.5821197801847993,0.5625541018259809,-0.3591575807943935,0.07106929764209094,0.8887872899759972,1768398.4513448994,1.008115213167219,0.10395990780697716,1.091886188471225,1394.6982150736972,0.023039951089984762,0.0560682287352294,0.6108305078538556,0.6545909840898356,3.039404442073401,18.14844215428435,8.137777606671559
60/20/20,Band 25% rel (daily check),threshold,USD,base,1991-11-01,2026-08-04,34.72,0.08629482196822336,0.11047475058775255,0.5802217243358445,0.5607967924910169,-0.3630726483471475,0.07453382668325083,0.8867299119899417,1770278.9460430103,0.5760658360955537,0.07586877969144824,0.693455944984489,957.8592682022753,0.0333097018413553,0.09937587895199551,0.6222382824238182,0.6993758789519955,4.448141883461876,16.673814830416855,8.536207850158295
60/20/20,5/25 rule (daily check),threshold,USD,base,1991-11-01,2026-08-04,34.72,0.08626156793212258,0.10996765011697443,0.5821197801847993,0.5625541018259809,-0.3591575807943935,0.07106929764209094,0.8887872899759972,1768398.4513448994,1.008115213167219,0.10395990780697716,1.091886188471225,1394.6982150736972,0.023039951089984762,0.0560682287352294,0.6108305078538556,0.6545909840898356,3.039404442073401,18.14844215428435,8.137777606671559
60/20/20,Band 5pp (monthly check),hybrid,USD,base,1991-11-01,2026-08-04,34.72,0.08612516458002584,0.10863452790027399,0.5867640782673919,0.5664289421047066,-0.35631853099122157,0.07039707581375497,0.8881014973139787,1760705.2073822177,0.7776888787289976,0.08976355304491682,0.8719528453404735,1241.2008357598124,0.02333638049224225,0.09890233189134298,0.6114900917695453,0.670371536896589,2.7227375452132385,16.881142187046283,8.35771094980231
60/20/20,5/25 rule (monthly check),hybrid,USD,base,1991-11-01,2026-08-04,34.72,0.08612516458002584,0.10863452790027399,0.5867640782673919,0.5664289421047066,-0.35631853099122157,0.07039707581375497,0.8881014973139787,1760705.2073822177,0.7776888787289976,0.08976355304491682,0.8719528453404735,1241.2008357598124,0.02333638049224225,0.09890233189134298,0.6114900917695453,0.670371536896589,2.7227375452132385,16.881142187046283,8.35771094980231
60/20/20,5/25 rule (annual check),hybrid,USD,base,1991-11-01,2026-08-04,34.72,0.08615034836957514,0.10553888561012124,0.6010622729766648,0.5781917017982906,-0.3398078191448419,0.06852862428090414,0.8881014973139787,1762123.1397272053,0.43204937707166535,0.06432798773893576,0.544964966864292,746.4005595646336,0.033240718876781115,0.17924544028377032,0.6056085964440643,0.7081113187455609,1.9159678037539152,17.612761945522415,8.684698828278492
60/20/20,Drawdown trigger -15%,opportunistic,USD,base,1991-11-01,2026-08-04,34.72,0.08693314557900944,0.11130416035126371,0.5820460191822353,0.558579258480496,-0.3535193236104849,0.07549098032504034,0.8891301863070065,1806754.462889257,0.37444279346210996,0.054780439541399384,0.45871539235298187,625.7726119839392,0.05271163051428236,0.17495087943687415,0.6438811562183313,0.7749508794368741,10.48728340976357,16.7831688593445,8.770948402789802
60/20/20,Drawdown trigger -20%,opportunistic,USD,base,1991-11-01,2026-08-04,34.72,0.0863734651478607,0.11402316207308283,0.5663711973014163,0.5400960828687038,-0.3488880647282908,0.07779382667256031,0.8905017716310435,1774733.898763698,0.2304263344382215,0.04349801156045335,0.35155290839528064,432.00201026746,0.07662501004776186,0.1913509193160481,0.6614694805934782,0.7913509193160481,13.546283301457684,8.020202172205337,8.878110886747503
40/30/30,Never (drift),calendar,USD,base,1991-11-01,2026-08-04,34.72,0.07718693640787788,0.09586398290336763,0.5650504850993655,0.544046981877316,-0.3012379739931944,0.0663946878854646,0.8924448508400961,1321568.9977428084,0.0,0.0,0.0,0.0,0.1316085026450952,0.2668307438732702,0.5238075102593941,0.6668307438732702,27.608535441892013,-41.75466657456495,10.061718886844595
40/30/30,Monthly,calendar,USD,base,1991-11-01,2026-08-04,34.72,0.07759537763246072,0.08581427844768995,0.6248682929258003,0.6072755047906283,-0.26895891157918694,0.046909063444834614,0.8967882043662133,1339078.1476560528,12.010972682592296,0.2783422392818344,10.061718886844595,9292.910504476518,0.008195671113096211,0.0714943884254457,0.40025873760879027,0.44561687491651775,0.0,0.0,-0.0
40/30/30,Quarterly,calendar,USD,base,1991-11-01,2026-08-04,34.72,0.07863989380690639,0.08527860586932791,0.6396233810836053,0.6213246145179873,-0.2691962964496595,0.04760374321713596,0.896331009258201,1384885.725991268,4.003657560864099,0.16402177635893408,3.6342960034718708,3573.3779964558134,0.014120490387839555,0.09793166389860669,0.4011507449328497,0.46306263080935245,0.4128129220637433,3.604925939020287,6.427422883372724
40/30/30,Semi-annual,calendar,USD,base,1991-11-01,2026-08-04,34.72,0.07747363206714408,0.0843550360452887,0.6328733452528974,0.6138090184558738,-0.25819883373940855,0.04719989968829623,0.8974739970282318,1333835.698237012,2.016230426334438,0.10956303582898669,1.972022498530901,1986.9013858797327,0.01782421833910916,0.1240344599492251,0.3989173174749799,0.4521884332273248,-0.08795347598899994,-9.219198565491027,8.089696388313694
40/30/30,Annual,calendar,USD,base,1991-11-01,2026-08-04,34.72,0.07871532516206403,0.08416474478261345,0.6478090158523053,0.6275419154954283,-0.24849284707320596,0.04573732445490578,0.8967882043662133,1388252.0767386057,1.008115213167219,0.08470948916615982,1.1264800014920695,1194.6145308744874,0.02463622142446758,0.15595087143900216,0.40076442832882475,0.49157983201645733,0.7671442331136369,1.4970921775669943,8.935238885352526
40/30/30,Daily (constant mix),control,USD,base,1991-11-01,2026-08-04,34.72,0.05216063571055818,0.08687770322689045,0.34336018542460955,0.33423463367927125,-0.2773876948000161,0.060326803514010305,0.9302777460281175,584319.2656187854,252.0,1.2628065047239345,275.9503538974517,160588.4143453515,0.0025055684617538384,0.03885183175698981,0.40002806541675096,0.4388518317569898,-0.1568227495463148,11.698038541128053,-265.8886350106071
40/30/30,Band 5pp (daily check),threshold,USD,base,1991-11-01,2026-08-04,34.72,0.08023369394658264,0.08675331913183358,0.647250860141309,0.6274437711344398,-0.26918022000488184,0.04664748182693407,0.8935878386101269,1457728.6657634208,1.1521316721911075,0.11996872624768001,1.3121143869865293,1618.0287058004876,0.022937754615445147,0.06126110150088365,0.40827611157365873,0.451525276262629,3.366653692351562,14.266904949009618,8.749604499858066
40/30/30,Band 25% rel (daily check),threshold,USD,base,1991-11-01,2026-08-04,34.72,0.07994756171608519,0.0869683121453928,0.642842440632742,0.6238397582525593,-0.26264317135072246,0.04654594774078156,0.8954166190421763,1444382.838523615,0.37444279346210996,0.06313396992657626,0.5423979675311941,719.6158176323397,0.03542693503280331,0.1045847875583534,0.42019219207988356,0.5005346371755733,6.471198393467326,7.53132152346403,9.519320919313401
40/30/30,5/25 rule (daily check),threshold,USD,base,1991-11-01,2026-08-04,34.72,0.08023369394658264,0.08675331913183358,0.647250860141309,0.6274437711344398,-0.26918022000488184,0.04664748182693407,0.8935878386101269,1457728.6657634208,1.1521316721911075,0.11996872624768001,1.3121143869865293,1618.0287058004876,0.022937754615445147,0.06126110150088365,0.40827611157365873,0.451525276262629,3.366653692351562,14.266904949009618,8.749604499858066
40/30/30,Band 5pp (monthly check),hybrid,USD,base,1991-11-01,2026-08-04,34.72,0.07982200295111475,0.08584522602111103,0.6487325927950431,0.630595908870164,-0.26584960813119507,0.04673241629092127,0.8945022288261516,1438564.0369911662,0.7776888787289976,0.0904378097252037,0.9340901785104272,1114.2636748887467,0.025354192176712927,0.1038662948507319,0.4074443939501284,0.4747554147528384,2.299142005715016,10.839482472491113,9.127628708334168
40/30/30,5/25 rule (monthly check),hybrid,USD,base,1991-11-01,2026-08-04,34.72,0.07982200295111475,0.08584522602111103,0.6487325927950431,0.630595908870164,-0.26584960813119507,0.04673241629092127,0.8945022288261516,1438564.0369911662,0.7776888787289976,0.0904378097252037,0.9340901785104272,1114.2636748887467,0.025354192176712927,0.1038662948507319,0.4074443939501284,0.4747554147528384,2.299142005715016,10.839482472491113,9.127628708334168
40/30/30,5/25 rule (annual check),hybrid,USD,base,1991-11-01,2026-08-04,34.72,0.08104130932265252,0.08476435366828608,0.6692498435603716,0.64752338297446,-0.24876115087802986,0.04547371957396871,0.8934735398331238,1496046.9076684122,0.43204937707166535,0.07044913406071661,0.6060856911815904,772.0743175151226,0.03677368049602948,0.17413397475865497,0.40433767664357295,0.5188157590805195,2.139945478527583,22.86373822772747,9.455633195663005
40/30/30,Drawdown trigger -15%,opportunistic,USD,base,1991-11-01,2026-08-04,34.72,0.08223065944431096,0.08896009048762982,0.6541870677391213,0.6295451892920775,-0.25848689253845136,0.049852161828986226,0.891073265516059,1554263.6412994873,0.37444279346210996,0.06099036129102164,0.5051145143930569,661.6455300149846,0.060019908361474285,0.20481072673757666,0.4475376945828671,0.6048107267375767,15.442409003363355,21.353804742687554,9.556604372451538
40/30/30,Drawdown trigger -20%,opportunistic,USD,base,1991-11-01,2026-08-04,34.72,0.08177364796051201,0.09171838575651176,0.6326644445771471,0.6055259274032946,-0.260213073806264,0.05245285824128503,0.8894730826380157,1531637.985834438,0.2304263344382215,0.0487052558554945,0.38828012883351803,453.7420445701978,0.08835751812419203,0.22765212161156745,0.4688623141813418,0.6276521216115675,20.5139687962963,11.595295726205546,9.673438758011077
60/20/20,Never (drift),calendar,GBP,zero,1991-11-01,2026-08-04,34.72,0.09063109450691309,0.1337252886226715,0.46367979049760955,0.4619754639964443,-0.3731521842333819,0.09569965278535937,0.9171333866727626,2032872.078441665,0.0,0.0,0.0,0.0,0.11276228565540201,0.21862657307694905,0.7091902965154906,0.818626573076949,17.152204398243054,-33.95558355890227,-0.0
60/20/20,Monthly,calendar,GBP,zero,1991-11-01,2026-08-04,34.72,0.09231143242297901,0.12084100884037868,0.512238046180956,0.5172438963064967,-0.29774423138518835,0.07125430015422562,0.9122185392616299,2144483.953282294,12.010972682592296,0.24895648611761523,0.0,0.0,0.007423185467527792,0.07463872763948722,0.6001876146363045,0.6432717346765593,0.0,0.0,-0.0
60/20/20,Quarterly,calendar,GBP,zero,1991-11-01,2026-08-04,34.72,0.09289873259250858,0.12001726904482293,0.5194115711936201,0.5243918190567866,-0.2912654831393976,0.06982525675194728,0.9116470453766145,2184879.758468233,4.003657560864099,0.1503793912160736,0.0,0.0,0.012947773450013397,0.1055071902469902,0.6009307339343243,0.6602223183327932,0.26156716070646624,5.6114345345892325,-0.0
60/20/20,Semi-annual,calendar,GBP,zero,1991-11-01,2026-08-04,34.72,0.09147163325311358,0.11881013885763375,0.5124829105259532,0.5171293323051405,-0.29547665000211987,0.071611844668207,0.9135901245856669,2087978.39845283,2.016230426334438,0.0992959065393922,0.0,0.0,0.016150215045129927,0.1385418966467698,0.5985338358888603,0.6497876375326613,-0.13152321444165338,-8.266468484212641,-0.0
60/20/20,Annual,calendar,GBP,zero,1991-11-01,2026-08-04,34.72,0.09253338010197765,0.11818568134334019,0.5228041755831507,0.5272937162298704,-0.28771351855506433,0.06938088808212274,0.9130186307006515,2159664.0060662488,1.008115213167219,0.07626852305511211,0.0,0.0,0.022491473610650816,0.1792774004563633,0.6000173724141868,0.6856835850867102,0.42982900821053605,1.789647781775816,-0.0
60/20/20,Daily (constant mix),control,GBP,zero,1991-11-01,2026-08-04,34.72,0.09353697596128074,0.12206989318598407,0.5174776012523662,0.5240174603425186,-0.2963134518073445,0.07037016177561704,0.9108469539375929,2229617.4807070023,252.0,1.149703677562741,0.0,0.0,0.0022811580904022652,0.03946138751338539,0.6000202199982867,0.6394613875133853,-0.09868186971573323,12.354117252733054,-0.0
60/20/20,Band 5pp (daily check),threshold,GBP,zero,1991-11-01,2026-08-04,34.72,0.09417588731027582,0.12228664883853958,0.5215740757062324,0.5263358340230749,-0.2912393345512926,0.06945754030983332,0.9119899417076237,2275292.570729071,0.9793119213624414,0.10150979893681261,0.0,0.0,0.02377292091748035,0.05906481366222027,0.6127795042790414,0.6542355717679326,2.916992915600325,15.727555957367745,-0.0
60/20/20,Band 25% rel (daily check),threshold,GBP,zero,1991-11-01,2026-08-04,34.72,0.09418886315417119,0.122380883042707,0.5213667405387912,0.5261030306670986,-0.29772918352734645,0.0719279151469511,0.912332838038633,2276229.5509623,0.5760658360955537,0.07541026257355328,0.0,0.0,0.031001407184815123,0.0990523176033906,0.6194742003328387,0.6990523176033906,3.963030865015149,14.811276446906607,-0.0
60/20/20,5/25 rule (daily check),threshold,GBP,zero,1991-11-01,2026-08-04,34.72,0.09417588731027582,0.12228664883853958,0.5215740757062324,0.5263358340230749,-0.2912393345512926,0.06945754030983332,0.9119899417076237,2275292.570729071,0.9793119213624414,0.10150979893681261,0.0,0.0,0.02377292091748035,0.05906481366222027,0.6127795042790414,0.6542355717679326,2.916992915600325,15.727555957367745,-0.0
60/20/20,Band 5pp (monthly check),hybrid,GBP,zero,1991-11-01,2026-08-04,34.72,0.09389989270940702,0.12132000913898014,0.5226869034551096,0.5279390891119636,-0.29473283778320225,0.0708461499516339,0.9122185392616299,2255451.602130991,0.7200822951194422,0.08362642386537775,0.0,0.0,0.024074260144450063,0.09817065615173869,0.6129140363373908,0.6696370441868957,2.948901813037974,12.935701051242088,-0.0
60/20/20,5/25 rule (monthly check),hybrid,GBP,zero,1991-11-01,2026-08-04,34.72,0.09389989270940702,0.12132000913898014,0.5226869034551096,0.5279390891119636,-0.29473283778320225,0.0708461499516339,0.9122185392616299,2255451.602130991,0.7200822951194422,0.08362642386537775,0.0,0.0,0.024074260144450063,0.09817065615173869,0.6129140363373908,0.6696370441868957,2.948901813037974,12.935701051242088,-0.0
60/20/20,5/25 rule (annual check),hybrid,GBP,zero,1991-11-01,2026-08-04,34.72,0.0942992162539058,0.11871774629550663,0.5346091589800966,0.5385108601308183,-0.28099234306071685,0.06718904568738569,0.9119899417076237,2284213.261781926,0.43204937707166535,0.06445553942388732,0.0,0.0,0.03334077096310364,0.17927740045636337,0.6056270436608321,0.7093188507791217,1.9191816455177424,17.958656663750183,-0.0
60/20/20,Drawdown trigger -15%,opportunistic,GBP,zero,1991-11-01,2026-08-04,34.72,0.09533539367819555,0.12431307575421785,0.5236423444226334,0.5249822995352437,-0.2967866124613815,0.07309444253244168,0.9129043319236484,2360516.2845423017,0.34563950165733226,0.05088081684168134,0.0,0.0,0.058876874754999864,0.17795336406336598,0.649383128706928,0.7751130768557827,11.26459216700848,18.97502038515686,-0.0
60/20/20,Drawdown trigger -20%,opportunistic,GBP,zero,1991-11-01,2026-08-04,34.72,0.09546215800473079,0.12572720302134335,0.5200972005704709,0.5198444719242197,-0.30428808804264396,0.07738230352382997,0.9133615270316607,2370019.3214130537,0.17281975082866613,0.033353843508679044,0.0,0.0,0.08111818648940754,0.1861155586862653,0.6595053408902818,0.7861155586862653,13.805221209919338,17.70203460759845,-0.0
60/20/20,Never (drift),calendar,GBP,half,1991-11-01,2026-08-04,34.72,0.09063109450691309,0.1337252886226715,0.46367979049760955,0.4619754639964443,-0.3731521842333819,0.09569965278535937,0.9171333866727626,2032872.078441665,0.0,0.0,0.0,0.0,0.11276228565540201,0.21862657307694905,0.7091902965154906,0.818626573076949,17.152204398243054,-33.95558355890227,4.277292878496208
60/20/20,Monthly,calendar,GBP,half,1991-11-01,2026-08-04,34.72,0.09188370313512939,0.12083778139874247,0.5090054105199675,0.5138882052602319,-0.2984857926959197,0.07161001176391363,0.9127900331466453,2115521.264746767,12.010972682592296,0.24895648611761534,4.277292878496208,4838.246666328493,0.007423185467527793,0.07463872763948722,0.6001876146363045,0.6432717346765593,0.0,0.0,-0.0
60/20/20,Quarterly,calendar,GBP,half,1991-11-01,2026-08-04,34.72,0.09274161869822306,0.12001544170064589,0.5182190312524867,0.5231522528749173,-0.2915770648991568,0.06995730662353956,0.9117613441536175,2174001.2867915723,4.003657560864099,0.15037939121607355,1.5711389428552103,1919.4743008183705,0.012947773450013399,0.10550719024699046,0.6009307339343242,0.6602223183327932,0.26156716070646624,5.6114345345892325,2.706153935640998
60/20/20,Semi-annual,calendar,GBP,half,1991-11-01,2026-08-04,34.72,0.09138616443111491,0.11880845620095092,0.5118289040959382,0.51645194859744,-0.2956580010724823,0.07167938164251729,0.9135901245856669,2082309.4055913005,2.016230426334438,0.09929590653939223,0.8546882199866879,1076.3839137155294,0.016150215045129927,0.13854189664676947,0.5985338358888604,0.6497876375326614,-0.13152321444165338,-8.266468484212641,3.4226046585095204
60/20/20,Annual,calendar,GBP,half,1991-11-01,2026-08-04,34.72,0.09248427940895487,0.11818430051251147,0.5224282327184412,0.5269044977017326,-0.2878446097374062,0.0694203469142373,0.9130186307006515,2156296.813516603,1.008115213167219,0.07626852305511199,0.4910069302277442,649.5869258307039,0.022491473610650774,0.17927740045636312,0.6000173724141868,0.6856835850867098,0.4298290082127565,1.7896477817735956,3.786285948268464
60/20/20,Daily (constant mix),control,GBP,half,1991-11-01,2026-08-04,34.72,0.08446957786105846,0.12206877231102461,0.4492541226673847,0.45450782620531915,-0.3122741258637777,0.07838241962704964,0.9178191793347811,1669881.7394488733,252.0,1.149703677562741,90.67398100222279,82309.68186252122,0.0022811580904022635,0.039461387513385376,0.6000202199982867,0.6394613875133853,-0.09868186971573323,12.354117252733054,-86.39668812372659
60/20/20,Band 5pp (daily check),threshold,GBP,half,1991-11-01,2026-08-04,34.72,0.09412504013225753,0.12228813396880094,0.5211891966346429,0.5259293007615014,-0.2914087854063715,0.06951029267797498,0.9119899417076237,2271624.5259576323,0.9793119213624414,0.10150979893681261,0.5084717801828731,800.9324120277097,0.023772920917480324,0.059064813662220314,0.6127795042790414,0.6542355717679325,2.916992915600325,15.727555957367745,3.7688210983133352
60/20/20,Band 25% rel (daily check),threshold,GBP,half,1991-11-01,2026-08-04,34.72,0.09415530543590034,0.12238204949053272,0.5211123189152311,0.525834403485457,-0.2977701492664886,0.07195367686870438,0.912332838038633,2273807.130478267,0.5760658360955537,0.07541026257355317,0.3355771827084908,542.4366791600835,0.03100140718481507,0.09905231760339057,0.6194742003328386,0.6990523176033905,3.963030865015149,14.811276446906607,3.9417156957877175
60/20/20,5/25 rule (daily check),threshold,GBP,half,1991-11-01,2026-08-04,34.72,0.09412504013225753,0.12228813396880094,0.5211891966346429,0.5259293007615014,-0.2914087854063715,0.06951029267797498,0.9119899417076237,2271624.5259576323,0.9793119213624414,0.10150979893681261,0.5084717801828731,800.9324120277097,0.023772920917480324,0.059064813662220314,0.6127795042790414,0.6542355717679325,2.916992915600325,15.727555957367745,3.7688210983133352
60/20/20,Band 5pp (monthly check),hybrid,GBP,half,1991-11-01,2026-08-04,34.72,0.09386156779459465,0.12132006936288212,0.5223978331325887,0.5276355239212953,-0.29482884490686234,0.07087615199318834,0.912332838038633,2252709.784859973,0.7200822951194422,0.08362642386537776,0.3832491481237099,671.0595511858376,0.024074260144450018,0.0981706561517388,0.6129140363373907,0.6696370441868957,2.948901813037974,12.935701051242088,3.8940437303724984
60/20/20,5/25 rule (monthly check),hybrid,GBP,half,1991-11-01,2026-08-04,34.72,0.09386156779459465,0.12132006936288212,0.5223978331325887,0.5276355239212953,-0.29482884490686234,0.07087615199318834,0.912332838038633,2252709.784859973,0.7200822951194422,0.08362642386537776,0.3832491481237099,671.0595511858376,0.024074260144450018,0.0981706561517388,0.6129140363373907,0.6696370441868957,2.948901813037974,12.935701051242088,3.8940437303724984
60/20/20,5/25 rule (annual check),hybrid,GBP,half,1991-11-01,2026-08-04,34.72,0.09427277343036011,0.11871699152085266,0.5344081213466549,0.538303652660581,-0.28109753999267484,0.06721441484261308,0.9119899417076237,2282297.7300621276,0.43204937707166535,0.06445553942388736,0.26442823545691496,421.57782112505595,0.033340770963103616,0.17927740045636334,0.6056270436608321,0.7093188507791213,1.9191816455177424,17.958656663750183,4.012864643039293
60/20/20,Drawdown trigger -15%,opportunistic,GBP,half,1991-11-01,2026-08-04,34.72,0.09531502170906214,0.12431545340167725,0.5234851600648276,0.5248115849756751,-0.2969176935217146,0.07313129589584952,0.9131329294776546,2358992.5314724357,0.34563950165733226,0.050880816841681255,0.20371969133403667,317.71683963535884,0.05887687475499985,0.17795336406336565,0.649383128706928,0.7751130768557827,11.26459216700848,18.97502038515686,4.073573187162172
60/20/20,Drawdown trigger -20%,opportunistic,GBP,half,1991-11-01,2026-08-04,34.72,0.09544807833261126,0.12572940570157978,0.5199880848979808,0.5197257819994074,-0.304367559944283,0.07740813695597518,0.9133615270316607,2368961.990763806,0.17281975082866613,0.03335384350867926,0.14079672119526876,182.06675308487465,0.08111818648940772,0.18611555868626617,0.6595053408902819,0.7861155586862661,13.805221209917118,17.70203460760067,4.13649615730094
60/20/20,Never (drift),calendar,GBP,double,1991-11-01,2026-08-04,34.72,0.09063109450691309,0.1337252886226715,0.46367979049760955,0.4619754639964443,-0.3731521842333819,0.09569965278535937,0.9171333866727626,2032872.078441665,0.0,0.0,0.0,0.0,0.11276228565540201,0.21862657307694905,0.7091902965154906,0.818626573076949,17.152204398243054,-33.95558355890227,17.388818224222113
60/20/20,Monthly,calendar,GBP,double,1991-11-01,2026-08-04,34.72,0.0905725506005568,0.12082869692575252,0.4990848501616466,0.5036573734071029,-0.30075984246388976,0.07271207640199931,0.9135901245856669,2029086.9661066846,12.010972682592296,0.24895648611761542,17.388818224222113,19197.881276040174,0.007423185467527793,0.0746387276394872,0.6001876146363045,0.6432717346765592,0.0,0.0,-0.0
60/20/20,Quarterly,calendar,GBP,double,1991-11-01,2026-08-04,34.72,0.09226709359240015,0.12001025587242908,0.514614911949849,0.51940727706398,-0.2925178645505133,0.07035740027617492,0.9121042404846268,2141463.8537490307,4.003657560864099,0.1503793912160735,6.316390001084304,7643.980048165335,0.012947773450013392,0.10550719024699044,0.6009307339343242,0.6602223183327934,0.26156716070646624,5.6114345345892325,11.072428223137809
60/20/20,Semi-annual,calendar,GBP,double,1991-11-01,2026-08-04,34.72,0.09112890177124422,0.1188035840638149,0.5098592843458531,0.514412363634882,-0.29620385864806953,0.07188308944056078,0.9138187221396731,2065335.7045865818,2.016230426334438,0.09929590653939226,3.4273148186936275,4293.3681967006,0.01615021504512994,0.13854189664676983,0.5985338358888604,0.6497876375326614,-0.13152321444165338,-8.266468484212641,13.961503405528486
60/20/20,Annual,calendar,GBP,double,1991-11-01,2026-08-04,34.72,0.0923367394004666,0.11818027905456188,0.5212979946096521,0.5257345965128893,-0.288238465488334,0.06953906305578635,0.9131329294776546,2146209.5691279937,1.008115213167219,0.07626852305511209,1.9664070151104163,2593.2805337640457,0.022491473610650802,0.17927740045636328,0.6000173724141868,0.6856835850867099,0.42982900821053605,1.789647781775816,15.422411209111697
60/20/20,Daily (constant mix),control,GBP,double,1991-11-01,2026-08-04,34.72,-0.03152643652443188,0.12205262879694027,-0.47742482045629,-0.4764900071564744,-0.769257365397227,0.4320822633910626,0.9929134758258087,32884.53262268174,252.0,1.149703677562741,1250.6341248571262,315202.68158669386,0.0022811580904022644,0.039461387513385474,0.6000202199982867,0.6394613875133855,-0.09868186971573323,12.354117252733054,-1233.2453066329042
60/20/20,Band 5pp (daily check),threshold,GBP,double,1991-11-01,2026-08-04,34.72,0.09397228939796909,0.12229271584197321,0.5200325365402744,0.5247077346520138,-0.29191770530592287,0.06966902929341869,0.9121042404846268,2260639.8075645687,0.9793119213624414,0.10150979893681282,2.0359791230672997,3196.1842281726113,0.023772920917480407,0.05906481366222069,0.6127795042790414,0.6542355717679327,2.9169929156025454,15.727555957365524,15.352839101154814
60/20/20,Band 25% rel (daily check),threshold,GBP,double,1991-11-01,2026-08-04,34.72,0.09405455169916,0.12238564054325954,0.5203481384737434,0.5250274701638586,-0.2978931245390597,0.07203107986327119,0.912447136815636,2266549.086000196,0.5760658360955537,0.07541026257355328,1.3431145501119346,2166.208276275018,0.03100140718481514,0.09905231760339062,0.6194742003328387,0.6990523176033906,3.963030865015149,14.811276446906607,16.04570367411018
60/20/20,5/25 rule (daily check),threshold,GBP,double,1991-11-01,2026-08-04,34.72,0.09397228939796909,0.12229271584197321,0.5200325365402744,0.5247077346520138,-0.29191770530592287,0.06966902929341869,0.9121042404846268,2260639.8075645687,0.9793119213624414,0.10150979893681282,2.0359791230672997,3196.1842281726113,0.023772920917480407,0.05906481366222069,0.6127795042790414,0.6542355717679327,2.9169929156025454,15.727555957365524,15.352839101154814
60/20/20,Band 5pp (monthly check),hybrid,GBP,double,1991-11-01,2026-08-04,34.72,0.09374648783208595,0.12132034448488681,0.5215294594982969,0.5267237424403483,-0.2951170560701587,0.07096633144362184,0.912447136815636,2244496.244881937,0.7200822951194422,0.08362642386537777,1.5340487732107277,2679.1684693591988,0.02407426014445005,0.09817065615173885,0.6129140363373907,0.6696370441868957,2.948901813037974,12.935701051242088,15.854769451011386
60/20/20,5/25 rule (monthly check),hybrid,GBP,double,1991-11-01,2026-08-04,34.72,0.09374648783208595,0.12132034448488681,0.5215294594982969,0.5267237424403483,-0.2951170560701587,0.07096633144362184,0.912447136815636,2244496.244881937,0.7200822951194422,0.08362642386537777,1.5340487732107277,2679.1684693591988,0.02407426014445005,0.09817065615173885,0.6129140363373907,0.6696370441868957,2.948901813037974,12.935701051242088,15.854769451011386
60/20/20,5/25 rule (annual check),hybrid,GBP,double,1991-11-01,2026-08-04,34.72,0.09419339576369556,0.11871480497264322,0.5338043129385702,0.5377452840714675,-0.28141326660053634,0.06729067418879967,0.9122185392616299,2276556.9370954186,0.43204937707166535,0.06445553942388729,1.0582049021023998,1684.1739257444488,0.033340770963103616,0.17927740045636326,0.6056270436608321,0.7093188507791217,1.9191816455177424,17.958656663750183,16.330613322119714
60/20/20,Drawdown trigger -15%,opportunistic,GBP,double,1991-11-01,2026-08-04,34.72,0.09525387540386032,0.12432264847864732,0.5230132061044875,0.5242989384295935,-0.2973109946883059,0.07324196797688205,0.9132472282546577,2354424.7330435766,0.34563950165733226,0.05088081684168129,0.8151827433522385,1269.7431311576538,0.05887687475499992,0.1779533640633658,0.649383128706928,0.7751130768557827,11.26459216700848,18.97502038515686,16.573635480869875
60/20/20,Drawdown trigger -20%,opportunistic,GBP,double,1991-11-01,2026-08-04,34.72,0.09540582459944158,0.12573606150580685,0.5196604989911656,0.519369291229085,-0.30460602926684643,0.07748569010951846,0.9133615270316607,2365791.6432843674,0.17281975082866613,0.03335384350867922,0.563334052892106,727.8320505240124,0.0811181864894077,0.1861155586862664,0.6595053408902819,0.7861155586862664,13.805221209919338,17.70203460759845,16.825484171330007
60/20/20,Never (drift),calendar,GBP,us_listed_fx,1991-11-01,2026-08-04,34.72,0.09063109450691309,0.1337252886226715,0.46367979049760955,0.4619754639964443,-0.3731521842333819,0.09569965278535937,0.9171333866727626,2032872.078441665,0.0,0.0,0.0,0.0,0.11276228565540201,0.21862657307694905,0.7091902965154906,0.818626573076949,17.152204398243054,-33.95558355890227,22.26898797121013
60/20/20,Monthly,calendar,GBP,us_listed_fx,1991-11-01,2026-08-04,34.72,0.090084533625858,0.12082833708884132,0.4953835269052372,0.49972591997461396,-0.301597496098159,0.07303425656491135,0.9147331123556978,1997799.8081987617,12.010972682592296,0.24895648611761534,22.26898797121013,34012.36477541892,0.007423185467527793,0.07463872763948726,0.6001876146363045,0.6432717346765594,0.0,0.0,-0.0
60/20/20,Quarterly,calendar,GBP,us_listed_fx,1991-11-01,2026-08-04,34.72,0.09176083825667813,0.1200066093489316,0.5107637322244326,0.5154463044114623,-0.29380250519656936,0.07078109062475071,0.912447136815636,2107272.232925398,4.003657560864099,0.15037939121607347,11.378943358304472,19167.23662492081,0.012947773450013399,0.10550719024699036,0.6009307339343243,0.6602223183327931,0.26156716070646624,5.6114345345892325,10.890044612905658
60/20/20,Semi-annual,calendar,GBP,us_listed_fx,1991-11-01,2026-08-04,34.72,0.09075818204277408,0.11879241732514027,0.5070350751764054,0.5115295258232828,-0.2970138547270862,0.07214677388801596,0.9138187221396731,2041112.443347777,2.016230426334438,0.09929590653939216,7.1345121033949965,12477.204584389965,0.016150215045129927,0.13854189664676925,0.5985338358888604,0.6497876375326616,-0.13152321444165338,-8.266468484212641,15.134475867815134
60/20/20,Annual,calendar,GBP,us_listed_fx,1991-11-01,2026-08-04,34.72,0.09201825009101516,0.11816694104031973,0.5188746888033,0.5232724907672559,-0.289230556307118,0.06982087679461577,0.9131329294776546,2124590.596065159,1.008115213167219,0.07626852305511203,5.1513001096248345,9009.585885732979,0.02249147361065081,0.17927740045636337,0.6000173724141868,0.68568358508671,0.42982900821053605,1.789647781775816,17.117687861585296
60/20/20,Daily (constant mix),control,GBP,us_listed_fx,1991-11-01,2026-08-04,34.72,0.06416074248980719,0.1220690769267725,0.29438778009541694,0.29629075089171975,-0.3520320479406319,0.09818518116431083,0.9370213738712996,866251.4845457101,252.0,1.149703677562741,293.7623347147356,220001.83615852578,0.002281158090402264,0.0394613875133855,0.6000202199982867,0.6394613875133855,-0.09868186971573323,12.354117252733054,-271.4933467435254
60/20/20,Band 5pp (daily check),threshold,GBP,us_listed_fx,1991-11-01,2026-08-04,34.72,0.09351851245111287,0.12231003297876103,0.516584703516243,0.5211114158849937,-0.2930447426677476,0.07003976692925047,0.912332838038633,2228310.87239767,0.9793119213624414,0.1015097989368126,6.5737485916295135,12757.098075199516,0.02377292091748035,0.05906481366222052,0.6127795042790414,0.6542355717679326,2.916992915600325,15.727555957367745,15.695239379580617
60/20/20,Band 25% rel (daily check),threshold,GBP,us_listed_fx,1991-11-01,2026-08-04,34.72,0.0937089629347938,0.12239450854549738,0.5177382723792628,0.5223980950773842,-0.29820768254555685,0.07224220713825111,0.9126757343696422,2241824.294312509,0.5760658360955537,0.07541026257355324,4.799002193773827,9351.622045888804,0.031001407184815057,0.09905231760339052,0.6194742003328386,0.6990523176033905,3.963030865015149,14.811276446906607,17.469985777436303
60/20/20,5/25 rule (daily check),threshold,GBP,us_listed_fx,1991-11-01,2026-08-04,34.72,0.09351851245111287,0.12231003297876103,0.516584703516243,0.5211114158849937,-0.2930447426677476,0.07003976692925047,0.912332838038633,2228310.87239767,0.9793119213624414,0.1015097989368126,6.5737485916295135,12757.098075199516,0.02377292091748035,0.05906481366222052,0.6127795042790414,0.6542355717679326,2.916992915600325,15.727555957367745,15.695239379580617
60/20/20,Band 5pp (monthly check),hybrid,GBP,us_listed_fx,1991-11-01,2026-08-04,34.72,0.09336562193182796,0.12132500973223147,0.5186429046321589,0.5236927103155735,-0.29589068991428413,0.07121738602310748,0.9126757343696422,2217519.797099958,0.7200822951194422,0.08362642386537777,5.3427077757906005,11336.7130530982,0.024074260144450032,0.09817065615173906,0.6129140363373907,0.6696370441868956,2.948901813037974,12.935701051242088,16.92628019541953
60/20/20,5/25 rule (monthly check),hybrid,GBP,us_listed_fx,1991-11-01,2026-08-04,34.72,0.09336562193182796,0.12132500973223147,0.5186429046321589,0.5236927103155735,-0.29589068991428413,0.07121738602310748,0.9126757343696422,2217519.797099958,0.7200822951194422,0.08362642386537777,5.3427077757906005,11336.7130530982,0.024074260144450032,0.09817065615173906,0.6129140363373907,0.6696370441868956,2.948901813037974,12.935701051242088,16.92628019541953
60/20/20,5/25 rule (annual check),hybrid,GBP,us_listed_fx,1991-11-01,2026-08-04,34.72,0.09389345689456796,0.1187067024621442,0.5315220591644123,0.5353932462958284,-0.28247555918266365,0.06755691523706352,0.912332838038633,2254990.94873965,0.43204937707166535,0.06445553942388729,4.057593593378428,7390.692198177441,0.03334077096310359,0.17927740045636317,0.6056270436608321,0.7093188507791214,1.9191816455177424,17.958656663750183,18.211394377831702
60/20/20,Drawdown trigger -15%,opportunistic,GBP,us_listed_fx,1991-11-01,2026-08-04,34.72,0.09501580846048152,0.12435169200527914,0.5211729089281766,0.5222917712948365,-0.29830169795509875,0.07353029311729675,0.9134758258086638,2336722.161745771,0.34563950165733226,0.050880816841681234,3.195852177140246,5481.361482568553,0.058876874754999906,0.1779533640633655,0.649383128706928,0.7751130768557827,11.26459216700848,18.97502038515686,19.073135794069884
60/20/20,Drawdown trigger -20%,opportunistic,GBP,us_listed_fx,1991-11-01,2026-08-04,34.72,0.09525117854982867,0.12576278023341786,0.5184547286579506,0.5180478317543367,-0.3051124891046574,0.07765945059509208,0.9135901245856669,2354223.468487006,0.17281975082866613,0.03335384350867914,2.10979454902116,3034.8636010467217,0.08111818648940762,0.186115558686266,0.6595053408902818,0.7861155586862659,13.805221209919338,17.70203460759845,20.15919342218897
60/20/20,Never (drift),calendar,GBP,small_pot,1991-11-01,2026-08-04,34.72,0.09063109450691242,0.13372528862267144,0.46367979049760716,0.46197546399644185,-0.3731521842333856,0.0956996527853602,0.9171333866727626,203287.2078441652,0.0,0.0,6.661338147750939e-12,0.0,0.11276228565540178,0.21862657307694855,0.7091902965154903,0.8186265730769485,17.152204398243054,-33.95558355890227,84.30917356267554
60/20/20,Monthly,calendar,GBP,small_pot,1991-11-01,2026-08-04,34.72,0.08388051506671079,0.12080006015215654,0.44819521076314134,0.4516538943256273,-0.3132271601236466,0.07874534108507722,0.9187335695508058,163867.73211719978,12.010972682592296,0.24895648611761542,84.30917356268219,7622.914218675394,0.007423185467527793,0.07463872763948726,0.6001876146363047,0.6432717346765592,0.0,0.0,-0.0
60/20/20,Quarterly,calendar,GBP,small_pot,1991-11-01,2026-08-04,34.72,0.09030081389322753,0.11999403842151846,0.499642674771125,0.5040634201660631,-0.2962597273526074,0.07208508533918112,0.9131329294776546,201160.74647849184,4.003657560864099,0.1503793912160736,25.979186992810543,2608.1167959911213,0.0129477734500134,0.10550719024699039,0.6009307339343242,0.6602223183327931,0.26156716070646624,5.6114345345892325,58.32998656987165
60/20/20,Semi-annual,calendar,GBP,small_pot,1991-11-01,2026-08-04,34.72,0.09015776256814179,0.11879191034444886,0.5023957468191128,0.5067630817386596,-0.2982784691486823,0.07269419651433744,0.9146188135786947,200246.45151841606,2.016230426334438,0.09929590653939219,13.138706849717963,1336.8127547258255,0.016150215045129927,0.13854189664676952,0.5985338358888604,0.6497876375326611,-0.13152321444165338,-8.266468484212641,71.17046671296423
60/20/20,Annual,calendar,GBP,small_pot,1991-11-01,2026-08-04,34.72,0.09186879944056181,0.11817318938695613,0.51769157683889,0.5220136258352742,-0.28942484511869904,0.06991653968411993,0.9133615270316607,211451.89759119795,1.008115213167219,0.07626852305511206,6.645806614158367,691.0702779661792,0.0224914736106508,0.17927740045636298,0.6000173724141868,0.68568358508671,0.4298290082127565,1.7896477817735956,77.66336694852383
60/20/20,Daily (constant mix),control,GBP,small_pot,1991-11-01,2026-08-04,34.72,-1.0,0.24740725355407012,-0.9995407050991227,-0.9910084734268435,-1.0,0.9729852398746625,0.9998857012229969,0.0,19.327008801005828,0.06123377039454334,10935.369759612808,11982.434280872938,0.00012149557617964943,0.009043830130076383,0.6000022568419596,0.6079381456294661,-0.1065509529318831,12.361986335949204,-10851.060586050125
60/20/20,Band 5pp (daily check),threshold,GBP,small_pot,1991-11-01,2026-08-04,34.72,0.09358793055942982,0.12230325001255389,0.5171244555511817,0.5216527969466394,-0.29355268431695436,0.07016898101339213,0.9121042404846268,223322.7249225069,0.9793119213624414,0.10150979893681264,5.879567508459971,704.9732810019524,0.023772920917480365,0.059064813662220536,0.6127795042790414,0.6542355717679326,2.916992915600325,15.727555957367745,78.42960605422222
60/20/20,Band 25% rel (daily check),threshold,GBP,small_pot,1991-11-01,2026-08-04,34.72,0.09384060705894237,0.12239789284803784,0.5187100765060849,0.5233544698262714,-0.29829837020571015,0.07225286590348737,0.912447136815636,225121.15945530494,0.5760658360955537,0.0754102625735534,3.4825609522881606,429.1849660902056,0.03100140718481522,0.09905231760339053,0.6194742003328388,0.6990523176033905,3.963030865015149,14.811276446906607,80.82661261039404
60/20/20,5/25 rule (daily check),threshold,GBP,small_pot,1991-11-01,2026-08-04,34.72,0.09358793055942982,0.12230325001255389,0.5171244555511817,0.5216527969466394,-0.29355268431695436,0.07016898101339213,0.9121042404846268,223322.7249225069,0.9793119213624414,0.10150979893681264,5.879567508459971,704.9732810019524,0.023772920917480365,0.059064813662220536,0.6127795042790414,0.6542355717679326,2.916992915600325,15.727555957367745,78.42960605422222
60/20/20,Band 5pp (monthly check),hybrid,GBP,small_pot,1991-11-01,2026-08-04,34.72,0.09349133629221429,0.12132005606627236,0.5196064886306143,0.524706303504676,-0.2959591695114131,0.07122499371458,0.9126757343696422,222638.90482877777,0.7200822951194422,0.08362642386537773,4.085564171927292,534.9491134256613,0.024074260144450115,0.09817065615173892,0.6129140363373908,0.669637044186896,2.948901813037974,12.935701051242088,80.2236093907549
60/20/20,5/25 rule (monthly check),hybrid,GBP,small_pot,1991-11-01,2026-08-04,34.72,0.09349133629221429,0.12132005606627236,0.5196064886306143,0.524706303504676,-0.2959591695114131,0.07122499371458,0.9126757343696422,222638.90482877777,0.7200822951194422,0.08362642386537773,4.085564171927292,534.9491134256613,0.024074260144450115,0.09817065615173892,0.6129140363373908,0.669637044186896,2.948901813037974,12.935701051242088,80.2236093907549
60/20/20,5/25 rule (annual check),hybrid,GBP,small_pot,1991-11-01,2026-08-04,34.72,0.0940436996303915,0.1187116441766353,0.5326617573196243,0.5365705029488281,-0.2821655206089616,0.06746928063352618,0.912332838038633,226576.8673997593,0.43204937707166535,0.06445553942388732,2.5551662351430693,324.95679298143193,0.03334077096310365,0.17927740045636303,0.6056270436608321,0.7093188507791214,1.9191816455177424,17.958656663750183,81.75400732753913
60/20/20,Drawdown trigger -15%,opportunistic,GBP,small_pot,1991-11-01,2026-08-04,34.72,0.09514737615971791,0.12433456493534474,0.5221931162940701,0.5234148069402539,-0.2984158599945588,0.07354514852335946,0.9132472282546577,234648.94461520092,0.34563950165733226,0.050880816841681394,1.8801751847763448,256.1572076916845,0.05887687475499992,0.1779533640633659,0.6493831287069282,0.7751130768557828,11.26459216700848,18.97502038515686,82.42899837790586
60/20/20,Drawdown trigger -20%,opportunistic,GBP,small_pot,1991-11-01,2026-08-04,34.72,0.09533821978285051,0.1257455102503427,0.5191399266154558,0.5188077523889654,-0.30532687811431025,0.07771099796515789,0.9134758258086638,236072.77429156718,0.17281975082866613,0.03335384350867924,1.2393822188028203,132.7379132918833,0.08111818648940784,0.18611555868626667,0.6595053408902819,0.7861155586862667,13.805221209917118,17.70203460760067,83.06979134387937
60/20/20,Never (drift),calendar,GBP,base+exec_lag1,1991-11-01,2026-08-04,34.72,0.09063109450691309,0.1337252886226715,0.46367979049760955,0.4619754639964443,-0.3731521842333819,0.09569965278535937,0.9171333866727626,2032872.078441665,0.0,0.0,0.0,0.0,0.11276228565540201,0.21862657307694905,0.7091902965154906,0.818626573076949,17.181385954423423,-31.902090454749565,8.585180060980413
60/20/20,Monthly,calendar,GBP,base+exec_lag1,1991-11-01,2026-08-04,34.72,0.09124464695084766,0.1208852065261078,0.5040122298863304,0.5087999428443265,-0.2984754779342992,0.07164667711973591,0.9129043319236484,2072955.6572565145,12.010972682592296,0.24622909987954916,8.585180060980413,9588.652569392127,0.007162139321862428,0.07790985484795016,0.6000363735502872,0.649481358913683,0.0,0.0,-0.0
60/20/20,Quarterly,calendar,GBP,base+exec_lag1,1991-11-01,2026-08-04,34.72,0.09234929820917359,0.12009820304888676,0.5149562818814947,0.5197388999723388,-0.2912625717769055,0.06998430516451498,0.9118756429306206,2147066.421671141,4.003657560864099,0.1497431464534774,3.1414868186030454,3826.1102548784384,0.012749724053456186,0.10048101493278792,0.6008641499161341,0.6631745261732593,0.3130250479621566,5.289794292919758,5.443693242377368
60/20/20,Semi-annual,calendar,GBP,base+exec_lag1,1991-11-01,2026-08-04,34.72,0.09135468572548566,0.11894261690494351,0.5111440665898248,0.5156558199222272,-0.2958729319588237,0.07180007969829627,0.9134758258086638,2080225.24878203,2.016230426334438,0.10166225078465888,1.7238266311014883,2173.439221953232,0.016289347707627678,0.13458209905062538,0.5987795817365685,0.6495345409551214,-0.011489630462602207,-5.749476053036329,6.861353429878925
60/20/20,Annual,calendar,GBP,base+exec_lag1,1991-11-01,2026-08-04,34.72,0.09242454891371188,0.11821278106555515,0.521870551667805,0.526143485701165,-0.28781773940849287,0.06947966358219283,0.9127900331466453,2152207.531366242,1.008115213167219,0.07684130071695965,0.9870154611557602,1308.6934450209446,0.022793772169244275,0.17751771301194286,0.5998552803284504,0.6854464206586607,0.45659152683397153,3.7442635019835357,7.598164599824653
60/20/20,Daily (constant mix),control,GBP,base+exec_lag1,1991-11-01,2026-08-04,34.72,0.07199899201999971,0.12206806716228678,0.35449823069962,0.35785860837965144,-0.3380442155030893,0.09055366211690752,0.9285632643730712,1117624.8485503946,251.9711967081952,1.149690452589763,215.37979099627736,162242.23221639032,0.002281194491398497,0.03946138751338546,0.6000201573565987,0.6394613875133854,-0.06951959635514982,14.407581223172539,-206.79461093529693
60/20/20,Band 5pp (daily check),threshold,GBP,base+exec_lag1,1991-11-01,2026-08-04,34.72,0.09407415813932296,0.12228964015339892,0.5208039807701123,0.5255224401173507,-0.2915783307369164,0.06956311234912933,0.9121042404846268,2267959.7188563882,0.9793119213624414,0.10150979893681272,1.0172917095285783,1600.6064180040462,0.023772920917480345,0.05906481366222066,0.6127795042790414,0.6542355717679326,2.9461744717806937,17.78104906152045,7.567888351451835
60/20/20,Band 25% rel (daily check),threshold,GBP,base+exec_lag1,1991-11-01,2026-08-04,34.72,0.09412173429971049,0.12238323121328173,0.5208577447597075,0.5255656010433712,-0.29781112800934395,0.07197945822557099,0.912332838038633,2271386.246723166,0.5760658360955537,0.07541026257355321,0.6712885446069627,1084.2833414233924,0.031001407184815057,0.0990523176033906,0.6194742003328387,0.6990523176033906,3.992212421195518,16.86476955105931,7.91389151637345
60/20/20,5/25 rule (daily check),threshold,GBP,base+exec_lag1,1991-11-01,2026-08-04,34.72,0.09407415813932296,0.12228964015339892,0.5208039807701123,0.5255224401173507,-0.2915783307369164,0.06956311234912933,0.9121042404846268,2267959.7188563882,0.9793119213624414,0.10150979893681272,1.0172917095285783,1600.6064180040462,0.023772920917480345,0.05906481366222066,0.6127795042790414,0.6542355717679326,2.9461744717806937,17.78104906152045,7.567888351451835
60/20/20,Band 5pp (monthly check),hybrid,GBP,base+exec_lag1,1991-11-01,2026-08-04,34.72,0.09343438379346192,0.12155097707117489,0.5184234892244113,0.5227001872260322,-0.2938591751193518,0.07052158799789406,0.912332838038633,2222366.742584501,0.6624757115098868,0.07888158161182655,0.7337624827297162,1106.1088010349733,0.026208025938491766,0.09586724370900188,0.6139186295102138,0.6774281721527808,3.1287758792153397,10.917174968676502,7.851417578250697
60/20/20,5/25 rule (monthly check),hybrid,GBP,base+exec_lag1,1991-11-01,2026-08-04,34.72,0.09343438379346192,0.12155097707117489,0.5184234892244113,0.5227001872260322,-0.2938591751193518,0.07052158799789406,0.912332838038633,2222366.742584501,0.6624757115098868,0.07888158161182655,0.7337624827297162,1106.1088010349733,0.026208025938491766,0.09586724370900188,0.6139186295102138,0.6774281721527808,3.1287758792153397,10.917174968676502,7.851417578250697
60/20/20,5/25 rule (annual check),hybrid,GBP,base+exec_lag1,1991-11-01,2026-08-04,34.72,0.09492935511948519,0.11882211354254978,0.5390908072160112,0.5430570974445794,-0.2822728636932107,0.06761407094840344,0.9113041490456052,2330325.573612405,0.40324608526688765,0.06464938238062715,0.5292284338676012,865.6543838186967,0.034904111252906975,0.17751771301194275,0.6056714673356722,0.7095840568045423,2.4953547674133603,26.29577529184912,8.055951627112812
60/20/20,Drawdown trigger -15%,opportunistic,GBP,base+exec_lag1,1991-11-01,2026-08-04,34.72,0.09526340208952355,0.12389883403624159,0.5244484487079953,0.5260639321207344,-0.2976617487322146,0.07337944892282988,0.9127900331466453,2355135.837519141,0.34563950165733226,0.05078485647695203,0.4054364319916459,628.1341577399563,0.057791873152421055,0.1877893450137672,0.647563225670718,0.7751130768557827,10.884943603162167,21.122864154607957,8.179743628988767
60/20/20,Drawdown trigger -20%,opportunistic,GBP,base+exec_lag1,1991-11-01,2026-08-04,34.72,0.0956326478841174,0.12541777540163782,0.5223036928343097,0.522700074617664,-0.3028389992614444,0.07658619540757161,0.9119899417076237,2382858.905082596,0.17281975082866613,0.034652373303798764,0.2862124884805972,388.1040398162222,0.07830933227316697,0.18603036557925323,0.6565474765589475,0.7860303655792532,13.002385707812092,22.578656052385515,8.298967572499816
60/20/20,Never (drift),calendar,GBP,base+acwi_only,2008-04-01,2026-08-04,18.31,0.10111899343106612,0.12375243458191895,0.7266539196804356,0.7219536230789229,-0.1883824797084399,0.04332342520521425,0.9005417118093174,583621.4932984086,0.0,0.0,0.0,0.0,0.06476469695021725,0.18612380189902542,0.6069100901119742,0.7081874123162175,11.39170592284744,-41.76962419503827,12.568608700613826
60/20/20,Monthly,calendar,GBP,base+acwi_only,2008-04-01,2026-08-04,18.31,0.10289992438822382,0.1243461974379601,0.7367066631535519,0.7376599391635686,-0.1906803873460079,0.0404963856340268,0.8946912242686891,601152.4992625974,12.01300108342362,0.28026766290574917,12.568608700613826,4467.6616852071475,0.008297930481635931,0.07463872763948717,0.6002805597362172,0.6432717346765593,0.0,0.0,-0.0
60/20/20,Quarterly,calendar,GBP,base+acwi_only,2008-04-01,2026-08-04,18.31,0.103759066098571,0.12312800580664576,0.7491028651815924,0.7493147177254458,-0.19479169101708393,0.04044758001847242,0.8938244853737811,609786.5719184827,3.9861321776814735,0.16011094243981522,4.461333738383644,1620.571537825296,0.014507552161808691,0.10550719024699028,0.6009116020980205,0.658129071332676,0.659784566581223,-0.17564242533962826,8.107274962230182
60/20/20,Semi-annual,calendar,GBP,base+acwi_only,2008-04-01,2026-08-04,18.31,0.10252012007193456,0.12144886464010969,0.7485289606125533,0.747981439164304,-0.18747349064780583,0.04020248807128335,0.895774647887324,597372.5547521159,2.020368364030336,0.10715861473557574,2.3879763587464353,876.2165289161755,0.01820180983733623,0.1385418966467695,0.598788971445416,0.6497876375326614,0.8371609180790607,-14.815836422839013,10.18063234186739
60/20/20,Annual,calendar,GBP,base+acwi_only,2008-04-01,2026-08-04,18.31,0.10245503246788656,0.12138222180235585,0.7483900217660411,0.7494434441042264,-0.1883824797084399,0.03993902991143483,0.896208017334778,596727.039871223,0.9828819068255689,0.07422123909925926,1.2526226205289426,471.1240295658885,0.024145161258321758,0.13577884748270347,0.5996815105893955,0.6856835850867098,2.15374314223693,-17.91864842569435,11.315986080084883
60/20/20,Daily (constant mix),control,GBP,base+acwi_only,2008-04-01,2026-08-04,18.31,0.0761182749323388,0.1263002753086818,0.5325535560058188,0.5336995124029261,-0.20397740293092526,0.04820747456266174,0.9191765980498375,383237.48463890725,252.0,1.2794717019621147,296.46944819742725,84230.06605110853,0.0025386343292899106,0.03946138751338543,0.6000194462250695,0.6394613875133854,-0.3063583149964799,16.39070325295977,-283.90083949681343
60/20/20,Band 5pp (daily check),threshold,GBP,base+acwi_only,2008-04-01,2026-08-04,18.31,0.10417240544590434,0.1256930363445985,0.739337932767494,0.7398930719994158,-0.19411608860154395,0.040339745043534894,0.8940411700975082,613982.132246837,0.9282773564463705,0.09806338094677318,1.5689597890822249,487.6584014728587,0.02121218214044033,0.06587017782160615,0.6085813000754474,0.6550528032912839,3.7741183890438457,-2.0489567237702566,10.999648911531601
60/20/20,Band 25% rel (daily check),threshold,GBP,base+acwi_only,2008-04-01,2026-08-04,18.31,0.10397290521635671,0.1260769291189518,0.7360424297287189,0.7352988593973365,-0.18754219413596374,0.040411497624263014,0.8964247020585049,611953.7291308428,0.49144095341278443,0.06460233891770116,0.8063384305367904,290.9869384503344,0.02728731452511651,0.09456869963174731,0.6141993522238302,0.6749803173810728,6.563767909879559,-7.596229898627627,11.762270270077035
60/20/20,5/25 rule (daily check),threshold,GBP,base+acwi_only,2008-04-01,2026-08-04,18.31,0.10417240544590434,0.1256930363445985,0.739337932767494,0.7398930719994158,-0.19411608860154395,0.040339745043534894,0.8940411700975082,613982.132246837,0.9282773564463705,0.09806338094677318,1.5689597890822249,487.6584014728587,0.02121218214044033,0.06587017782160615,0.6085813000754474,0.6550528032912839,3.7741183890438457,-2.0489567237702566,10.999648911531601
60/20/20,Band 5pp (monthly check),hybrid,GBP,base+acwi_only,2008-04-01,2026-08-04,18.31,0.10552576163135852,0.12445799326893521,0.7552787418250742,0.7567116352211751,-0.1883824797084399,0.04028335961693463,0.8942578548212351,627911.0186287152,0.8736728060671722,0.10118042190302086,1.4233722122103387,504.6405402295918,0.02333317659475592,0.11011752348978168,0.6112984299481145,0.669637044186896,4.422493451619047,10.690642491324454,11.145236488403487
60/20/20,5/25 rule (monthly check),hybrid,GBP,base+acwi_only,2008-04-01,2026-08-04,18.31,0.10552576163135852,0.12445799326893521,0.7552787418250742,0.7567116352211751,-0.1883824797084399,0.04028335961693463,0.8942578548212351,627911.0186287152,0.8736728060671722,0.10118042190302086,1.4233722122103387,504.6405402295918,0.02333317659475592,0.11011752348978168,0.6112984299481145,0.669637044186896,4.422493451619047,10.690642491324454,11.145236488403487
60/20/20,5/25 rule (annual check),hybrid,GBP,base+acwi_only,2008-04-01,2026-08-04,18.31,0.10319529238203207,0.12190050705914741,0.7512317544435245,0.7511127930271806,-0.1883824797084399,0.0398239867463974,0.894907908992416,604107.7225506479,0.4368364030335861,0.05737515674876792,0.6904614306879608,259.83658974450566,0.02936220659900026,0.13577884748270347,0.6014387333786166,0.7093188507791218,4.040735103227888,-12.965202435071266,11.878147269925865
60/20/20,Drawdown trigger -15%,opportunistic,GBP,base+acwi_only,2008-04-01,2026-08-04,18.31,0.10353974465664728,0.12583600173236692,0.7341143269994875,0.72910189375367,-0.1903614260275096,0.04109511883572963,0.8968580715059589,607571.3922780659,0.4368364030335861,0.04892629194412825,0.7306777543658605,227.17659612177252,0.05125853871099522,0.17696037491982558,0.6377297634979139,0.736598644338317,10.271081421964201,-15.710809683977534,11.837930946247965
60/20/20,Drawdown trigger -20%,opportunistic,GBP,base+acwi_only,2008-04-01,2026-08-04,18.31,0.10652038270888764,0.13142999458383364,0.7289130891253423,0.7211298707260739,-0.1954111586079228,0.04228347394240992,0.89534127843987,638337.6460370586,0.1638136511375948,0.029651386085598502,0.3841969055695671,101.06600818793949,0.09910428896767044,0.18611555868626706,0.6834655559447519,0.786115558686267,17.44181502099318,6.578356390600781,12.184411795044259
60/20/20,Never (drift),calendar,GBP,base+contrib500,1991-11-01,2026-08-04,34.72,0.09063109450691242,0.13372528862267166,0.4636797904976083,0.4619754639964431,-0.3731521842333845,0.09569965278536005,0.9171333866727626,3364958.217335988,0.0,0.0,0.0,0.0,0.11276228565540282,0.21862657307694947,0.7091902965154915,0.8186265730769494,17.152204398243054,-33.95558355890893,6.878420727243206
60/20/20,Monthly,calendar,GBP,base+contrib500,1991-11-01,2026-08-04,34.72,0.09162359035025469,0.12083619811864738,0.507037411706572,0.5118449750024118,-0.29889248271869107,0.0718054509367386,0.9127900331466453,3480824.12741697,12.010972682592296,0.24895648611761537,6.878420727243206,10936.316119115905,0.007423185467527793,0.07463872763948728,0.6001876146363045,0.6432717346765594,0.0,0.0,-0.0
60/20/20,Quarterly,calendar,GBP,base+contrib500,1991-11-01,2026-08-04,34.72,0.09263980603106936,0.12001444178412339,0.5174454772353322,0.5223480141165839,-0.2917669539591641,0.07003597962419343,0.9117613441536175,3576340.0952456044,4.003657560864099,0.1503793912160735,2.58926561438777,4604.552526918889,0.012947773450013392,0.10550719024699028,0.6009307339343242,0.6602223183327932,0.26156716070646624,5.611434534584792,4.289155112855436
60/20/20,Semi-annual,calendar,GBP,base+contrib500,1991-11-01,2026-08-04,34.72,0.09132887572908643,0.11880747417325217,0.5113899829430394,0.5159977112136807,-0.2957688362856893,0.07172013225957703,0.9135901245856669,3446257.3315429515,2.016230426334438,0.09929590653939213,1.427575240273704,2671.640739640561,0.01615021504512992,0.13854189664676947,0.5985338358888604,0.6497876375326613,-0.13152321444165338,-8.26646848421042,5.450845486969502
60/20/20,Annual,calendar,GBP,base+contrib500,1991-11-01,2026-08-04,34.72,0.09244882765305129,0.11818338912090827,0.5221564686772956,0.5266234216086817,-0.2879334851195309,0.06944662487942806,0.9130186307006515,3550051.1849182528,1.008115213167219,0.07626852305511204,0.8455244892591196,1677.1621279970861,0.022491473610650785,0.17927740045636337,0.6000173724141868,0.6856835850867098,0.42982900821053605,1.7896477817713752,6.032896237984087
60/20/20,Daily (constant mix),control,GBP,base+contrib500,1991-11-01,2026-08-04,34.72,0.0787493040006606,0.12206850461513198,0.4059183576353609,0.41013486406785077,-0.3236308540546293,0.0835646821376439,0.922848325522917,2543199.379076103,252.0,1.1497036775627414,147.87671960620142,168376.1002342356,0.0022811580904022644,0.03946138751338539,0.6000202199982867,0.6394613875133853,-0.09868186971573323,12.354117252733054,-140.9982988789582
60/20/20,Band 5pp (daily check),threshold,GBP,base+contrib500,1991-11-01,2026-08-04,34.72,0.09408878880172611,0.12228917891282795,0.5209148397573437,0.5256395297746533,-0.29152016476017395,0.06954511907346628,0.9119899417076237,3725346.6063193856,0.9793119213624414,0.1015097989368127,0.8709850854948797,2165.67229293428,0.02377292091748039,0.05906481366222055,0.6127795042790414,0.6542355717679326,2.916992915600325,15.727555957365524,6.007435641748327
60/20/20,Band 25% rel (daily check),threshold,GBP,base+contrib500,1991-11-01,2026-08-04,34.72,0.0941304328967032,0.12238275525924358,0.520924263935416,0.5256361259837237,-0.297797010428527,0.07197114221179533,0.912332838038633,3732754.0806249506,0.5760658360955537,0.07541026257355335,0.5843025746843367,1500.0930666796849,0.031001407184815116,0.09905231760339044,0.6194742003328386,0.6990523176033904,3.963030865015149,14.811276446911048,6.29411815255887
60/20/20,5/25 rule (daily check),threshold,GBP,base+contrib500,1991-11-01,2026-08-04,34.72,0.09408878880172611,0.12228917891282795,0.5209148397573437,0.5256395297746533,-0.29152016476017395,0.06954511907346628,0.9119899417076237,3725346.6063193856,0.9793119213624414,0.1015097989368127,0.8709850854948797,2165.67229293428,0.02377292091748039,0.05906481366222055,0.6127795042790414,0.6542355717679326,2.916992915600325,15.727555957365524,6.007435641748327
60/20/20,Band 5pp (monthly check),hybrid,GBP,base+contrib500,1991-11-01,2026-08-04,34.72,0.09383334878257643,0.12132015338575747,0.5221848507365182,0.5274119266311331,-0.2948942180610612,0.07089654685567177,0.912332838038633,3704317.412190522,0.7200822951194422,0.0836264238653779,0.6654392683014265,1862.887779058055,0.0240742601444501,0.098170656151739,0.6129140363373909,0.6696370441868958,2.948901813037974,12.935701051237647,6.21298145894178
60/20/20,5/25 rule (monthly check),hybrid,GBP,base+contrib500,1991-11-01,2026-08-04,34.72,0.09383334878257643,0.12132015338575747,0.5221848507365182,0.5274119266311331,-0.2948942180610612,0.07089654685567177,0.912332838038633,3704317.412190522,0.7200822951194422,0.0836264238653779,0.6654392683014265,1862.887779058055,0.0240742601444501,0.098170656151739,0.6129140363373909,0.6696370441868958,2.948901813037974,12.935701051237647,6.21298145894178
60/20/20,5/25 rule (annual check),hybrid,GBP,base+contrib500,1991-11-01,2026-08-04,34.72,0.09425239213523784,0.11871641194250274,0.5342531555994471,0.5381439362683477,-0.28117401665668473,0.06723294918057496,0.9119899417076237,3723419.2538284687,0.43204937707166535,0.06445553942388738,0.46824118668187253,1156.1858207958235,0.033340770963103665,0.17927740045636337,0.6056270436608321,0.7093188507791215,1.9191816455177424,17.958656663752404,6.410179540561334
60/20/20,Drawdown trigger -15%,opportunistic,GBP,base+contrib500,1991-11-01,2026-08-04,34.72,0.09529938309921815,0.1243173114382808,0.5233643967101792,0.5246802327877753,-0.2970089442795866,0.0731572178429812,0.9131329294776546,3824665.875823018,0.34563950165733226,0.050880816841681456,0.3601057897739679,859.9710740612061,0.05887687475500001,0.17795336406336568,0.6493831287069283,0.7751130768557833,11.26459216700848,18.97502038515686,6.518314937469238
60/20/20,Drawdown trigger -20%,opportunistic,GBP,base+contrib500,1991-11-01,2026-08-04,34.72,0.09543690843805175,0.12573120581170336,0.5199013614385173,0.5196312335276952,-0.3044216250197139,0.07742600940818128,0.9133615270316607,3863243.8676684843,0.17281975082866613,0.03335384350867924,0.252495666785979,497.55917258819164,0.08111818648940788,0.1861155586862663,0.6595053408902821,0.7861155586862663,13.805221209919338,17.70203460759401,6.625925060457227
60/20/20,Cash-flow only,cashflow,GBP,base+contrib500,1991-11-01,2026-08-04,34.72,0.09157258575560112,0.11979345406912299,0.5100639713365157,0.5129671641684106,-0.3120991712102613,0.08112669483958758,0.9169047891187564,3461317.4062556564,0.0,0.0,0.0,0.0,0.06984950355296828,0.2503740606747602,0.5859553235276943,0.7350359686748461,6.892817388313155,-14.281284062092059,6.878420727243206
