date,preregistered_top5_monthly,recommended_top12_quarterly,benchmark_gbp
2021-07-01,1000.0,1000.0,997.4935791710467
2021-07-02,999.3686385281484,998.4722022307417,1003.1379713409742
2021-07-05,1001.9431401939647,1000.6219181136624,999.9562350143956
2021-07-06,983.3502810620663,982.9747848966939,997.988603926064
2021-07-07,978.8947781514673,979.6166682976726,1002.6295247260225
2021-07-08,974.4149884139457,973.4790109620063,992.4731618563274
2021-07-09,995.6445835620692,987.6876826882901,1005.2939509041595
2021-07-12,989.6232340099316,983.1182217786992,1002.3799156794296
2021-07-13,995.542599673204,986.0150925109119,1009.6905226570599
2021-07-14,989.8903534510383,978.704936689588,1002.6793672685149
2021-07-15,987.3275478233818,973.8911325489175,1000.7929714774003
2021-07-16,981.2374818453374,967.6420838909856,996.9695063712973
2021-07-19,947.5357738496476,938.6578746750731,988.5541215097957
2021-07-20,958.6618404955503,952.8331513919453,1000.6702678748161
2021-07-21,976.8064717086635,965.1360819604798,1004.7775209283507
2021-07-22,979.0727979933961,961.987541915162,1003.649967376333
2021-07-23,987.5077412578654,966.1364774244792,1013.6072183559437
2021-07-26,995.3185166572172,973.1362737009185,1011.7079471393026
2021-07-27,988.990393306884,963.4020048427958,1000.1866011631793
2021-07-28,986.7794729793642,962.1954675041851,1003.3226605754822
2021-07-29,996.5013719720831,973.016292543888,1006.4108267068251
2021-07-30,994.1732428912974,968.1308624045807,999.4292116666185
2021-08-02,989.3830946086393,968.8998089685537,1010.2882844744878
2021-08-03,984.3182208794185,966.5208265178393,1004.5457348549213
2021-08-04,973.4900797888107,962.5706162511917,1009.5050388963243
2021-08-05,979.4049826836609,965.0336810984663,1011.321157895342
2021-08-06,977.6814306090463,965.8126839224124,1010.6093230531488
2021-08-09,963.1547483957945,957.3062126501624,1016.5765125769067
2021-08-10,984.9059691232015,970.0497191005911,1018.1311038219214
2021-08-11,976.4667996464956,967.5856140669888,1018.6039344544482
2021-08-12,989.8055101815902,974.9658306067729,1024.1216268457285
2021-08-13,988.0401764760344,976.4567595229016,1028.4286877956208
2021-08-16,964.606550804658,963.5154558313219,1021.3385623838373
2021-08-17,964.9809978077043,963.4387110992342,1026.6599173239706
2021-08-18,960.8539087716165,958.88427053358,1025.0834978692994
2021-08-19,919.069946303562,933.8887823708042,1021.5774147262487
2021-08-20,925.7701845980222,940.9683231139895,1026.9114194072852
2021-08-23,952.1543307603745,955.4687614301004,1032.405903992654
2021-08-24,968.7822005263421,966.3638193180341,1034.516178835722
2021-08-25,975.510652053683,970.9511945913612,1033.1154291688651
2021-08-26,971.9161815195762,969.3802749379039,1034.453828170096
2021-08-27,988.745324643278,981.0771665034009,1040.1217527319961
2021-08-31,984.8229222061831,983.0203590550977,1040.5889910929352
2021-09-01,975.0551745114816,974.5656870701152,1042.6904004985156
2021-09-02,991.8808618627136,986.5485893046501,1041.2427384079322
2021-09-03,983.7050186982245,981.5676698062825,1041.123290633796
2021-09-06,982.4056379191412,985.0486099169502,1046.175192676505
2021-09-07,981.4752550678774,980.5094867595959,1043.272103702241
2021-09-08,982.3584071108112,976.7195425337973,1038.311091307349
2021-09-09,980.0148699226951,975.6566498845729,1035.6536485950498
2021-09-10,977.8010230665902,976.0087487927512,1031.116577443901
2021-09-13,988.8045031038381,978.862084855511,1027.0513628888884
2021-09-14,988.8901540867565,978.18932884618,1029.7246151975803
2021-09-15,1003.9710663831576,990.1486917081318,1023.630419148727
2021-09-16,999.5915243654516,986.1204329185091,1027.1199516108918
2021-09-17,995.7057380061033,979.7971388973634,1022.5687553990929
2021-09-20,982.9049778169274,966.6804676467452,1013.6327720571335
2021-09-21,981.0205263356613,965.2726526633476,1020.7961724516629
2021-09-22,1009.2793453633793,988.8125420228307,1030.3742784633714
2021-09-23,1021.5614739627559,997.2442045394397,1032.3351560428755
2021-09-24,1029.1154169478534,1002.7361334981584,1027.1572204921915
2021-09-27,1052.4879128530254,1018.4718527583061,1029.5659589528277
2021-09-28,1056.7199270703488,1020.7081527556495,1020.57421004868
2021-09-29,1067.8727791498775,1029.1092740390675,1031.1009814016786
2021-09-30,1061.2967381155245,1018.8448973420441,1022.7488721222734
2021-10-01,1059.5156425849107,1019.2665521673495,1017.9645201641266
2021-10-04,1079.0894191617228,1023.6463800404835,998.0735050054006
2021-10-05,1098.219398206247,1036.3131506931836,1012.7200282380776
2021-10-06,1076.992481710528,1019.4588787159063,1001.6321937837866
2021-10-07,1089.847227699439,1038.4770982711746,1024.5549047446877
2021-10-08,1109.0856341374024,1045.114732278664,1020.4300388101803
2021-10-11,1124.4086333430064,1056.3422004097322,1025.4502299402216
2021-10-12,1114.6515919819635,1049.6626526882417,1016.3635338246014
2021-10-13,1101.2284458376728,1044.7138164386752,1009.4006352532774
2021-10-14,1107.4488079082712,1057.4483290221772,1027.4407144210702
2021-10-15,1124.5140203594915,1071.5636515604128,1036.5074346844472
2021-10-18,1121.6252311085852,1066.9889937725966,1032.2490699999632
2021-10-19,1121.6180755432756,1068.2764945000483,1036.0290863949454
2021-10-20,1120.8210320063708,1067.1573944060142,1038.0989142523956
2021-10-21,1105.37020942858,1056.8609814843098,1037.9762723058277
2021-10-22,1117.8652746263638,1062.493370440832,1039.6537056337693
2021-10-25,1140.7086207906875,1077.1390344889687,1045.8771357898077
2021-10-26,1142.5456462566735,1080.7910675541198,1051.149174579292
2021-10-27,1127.757598197149,1069.1683628125043,1049.4845416511355
2021-10-28,1107.544194793486,1059.1340071690386,1049.3537381165443
2021-10-29,1115.2136103244347,1062.7995110048246,1047.9168904261392
2021-11-01,1137.5732185289737,1081.0732914391292,1062.2258601165
2021-11-02,1133.36206909003,1082.633860085535,1066.932654020775
2021-11-03,1118.5662815366845,1077.7057846877674,1070.154808452897
2021-11-04,1115.1837422960318,1080.4489422982379,1071.8220675495274
2021-11-05,1139.1965901630492,1100.6695179640199,1093.4520236251676
2021-11-08,1151.1834689092009,1109.1765323717889,1094.6117318889192
2021-11-09,1142.1760392597055,1099.4906662365686,1084.5598914967522
2021-11-10,1138.53364997791,1098.0025879377915,1083.8236044320013
2021-11-11,1139.1617294538144,1103.1418582084227,1090.6722850431136
2021-11-12,1134.665378173098,1105.675897454989,1099.8860332013699
2021-11-15,1129.6648524142672,1101.0894995381482,1098.572786914276
2021-11-16,1134.3586337331049,1101.0814377887664,1100.7591949556854
2021-11-17,1123.3308538967071,1091.6632156162082,1095.36886342679
2021-11-18,1111.8357164620113,1083.3310139021607,1090.2954426981325
2021-11-19,1075.3960130749003,1069.3421766797098,1089.8931169377017
2021-11-22,1098.0604882902192,1083.273946406911,1095.4210797904782
2021-11-23,1118.9132315367242,1087.4644373538245,1085.4876022907863
2021-11-24,1133.620852686987,1094.6634424632502,1088.9768265482082
2021-11-25,1132.4044797750125,1098.3540777063931,1097.3869585577975
2021-11-26,1040.041276487938,1035.7415049249614,1071.0708847901883
2021-11-29,1061.4269193218836,1049.416427446227,1077.340117929779
2021-11-30,1038.012033939531,1035.9777935895854,1065.9114121985046
2021-12-01,1055.840383775208,1052.8038320870073,1084.0978486989814
2021-12-02,1034.1669460449805,1037.5366469311077,1064.8671038823325
2021-12-03,1042.0804437785036,1037.0072697450037,1059.2905448254753
2021-12-06,1031.1717902963803,1048.1291012264098,1074.542135454905
2021-12-07,1074.3688823124257,1077.9689102977575,1097.142242043388
2021-12-08,1078.022096306584,1079.8512331382224,1098.530927327058
2021-12-09,1069.792597719477,1073.174314119037,1100.2777452228195
2021-12-10,1061.1507818591895,1065.467862134065,1095.6162318927159
2021-12-13,1058.1622058034209,1053.077398448685,1089.2632209355809
2021-12-14,1045.051119850658,1050.025642879766,1081.1036125929745
2021-12-15,1034.3943038624236,1035.8673077920776,1078.9671634512304
2021-12-16,1064.7486384880183,1061.0617296040343,1096.9950725770382
2021-12-17,1035.8165354689422,1041.4573044791666,1080.0984617985484
2021-12-20,1002.850320891158,1016.8706286555813,1065.1898143579901
2021-12-21,1040.6786300880387,1045.4706293191005,1082.267814265282
2021-12-22,1055.1427840305091,1055.1894497359087,1094.4642240164158
2021-12-23,1049.3358880980195,1062.1316635263556,1097.4879025150337
2021-12-24,1038.8561730624544,1056.2507911702087,1094.4975182889589
2021-12-29,1074.0496214753946,1070.316821184821,1102.1665578085829
2021-12-30,1061.534479558881,1069.618421391879,1099.7551799349542
2021-12-31,1048.901011056392,1062.6904824001563,1094.1582218129042
2022-01-04,1092.0295187605311,1089.8784500735858,1100.408822737447
2022-01-05,1099.670523577856,1090.2462292051612,1096.2475186978427
2022-01-06,1101.6914467146596,1077.0603033311231,1075.273189724981
2022-01-07,1105.484603336651,1075.9733518288201,1073.1152521178724
2022-01-10,1095.0840981465813,1060.5586911403182,1053.4076893864717
2022-01-11,1116.8617662692561,1079.709821670606,1070.5214705947171
2022-01-12,1133.8411152302328,1089.9045152794163,1077.5144255283824
2022-01-13,1131.1944100550888,1087.5720643035345,1072.0867040559503
2022-01-14,1133.8310701359278,1075.7104113008234,1053.0029928437827
2022-01-17,1148.8279823619075,1087.3796950622298,1062.8607560450816
2022-01-18,1148.5054198454873,1076.8208783256046,1046.808791610309
2022-01-19,1156.9825438449543,1077.0245428726093,1047.8103992331953
2022-01-20,1165.4609584395398,1084.3557126079195,1054.3333006244304
2022-01-21,1139.5790372074641,1059.0238166253548,1031.2398498635414
2022-01-24,1102.2253743408442,1018.1489363296539,989.4426263162233
2022-01-25,1137.89761305418,1039.7182307863666,1002.5323657774686
2022-01-26,1171.1441164685439,1065.388548525938,1021.9728439861933
2022-01-27,1172.6938857867683,1062.8020062901485,1018.2242819331786
2022-01-28,1176.0308974493964,1059.8965936047834,1014.6585614823689
2022-01-31,1177.9977892961535,1075.2215904282807,1035.5853663017858
2022-02-01,1197.0786306513846,1088.13877131503,1045.2556328180362
2022-02-02,1186.2828388941,1084.4342312260128,1046.768832406137
2022-02-03,1191.3331056779584,1079.562864283394,1036.8890186970696
2022-02-04,1216.1520565806013,1085.9876479309905,1025.7155325405317
2022-02-07,1222.9359142708286,1094.7202859015406,1036.1336768546332
2022-02-08,1197.7318778456681,1083.9923073870023,1037.8750134539166
2022-02-09,1218.6089079533397,1102.9821851712686,1053.8376095159476
2022-02-10,1229.7396453403528,1104.1657360600836,1052.6312342740353
2022-02-11,1227.6675644120417,1093.494701880269,1036.682317221204
2022-02-14,1223.9388687099229,1082.4706259329755,1017.540654429842
2022-02-15,1212.8615034412376,1084.9687502795816,1033.2452796904693
2022-02-16,1237.293425143181,1092.2070717236882,1028.8330208852956
2022-02-17,1217.9538215314917,1078.2393534407831,1021.1384289224254
2022-02-18,1211.2795099471848,1065.1276611450323,1003.7971693652594
2022-02-21,1221.6022410517369,1061.8496538117518,994.4863571734364
2022-02-22,1226.817128580203,1066.2742301510305,996.9709782687618
2022-02-23,1225.363213450784,1060.8036841363141,988.2175137403929
2022-02-24,1246.278624124205,1061.2787147575582,965.1728396459018
2022-02-25,1233.5003236029613,1082.0240619432882,1017.405992843255
2022-02-28,1271.5354074853553,1101.227415753806,1021.483547561457
2022-03-01,1320.8808761765983,1113.8590972581376,999.4937065144635
2022-03-02,1346.7742512538964,1133.1330506674017,1017.7154921617741
2022-03-03,1360.2937377716314,1134.9549251924855,1004.8791201294842
2022-03-04,1391.3512377739546,1132.8572558747187,985.9369887632072
2022-03-07,1467.1200144019494,1163.840443839417,986.5149352025178
2022-03-08,1516.565815281819,1176.8964675777866,975.0235133767965
2022-03-09,1425.9546556980674,1157.9010358601458,1008.9155010858472
2022-03-10,1397.54220860762,1136.215278207014,988.5222265556182
2022-03-11,1412.3297616308357,1145.7971588650148,999.9100190780568
2022-03-14,1360.2180623319878,1119.505063485056,996.7491118346456
2022-03-15,1336.467768867329,1114.220038326382,1006.5517893649335
2022-03-16,1331.0398836260622,1125.9323390193758,1028.7046031684692
2022-03-17,1387.415757873046,1150.8891630717544,1034.499331611719
2022-03-18,1391.3765910139975,1162.1780803680556,1044.660630992826
2022-03-21,1441.3939508004692,1190.260667177629,1048.0163493894236
2022-03-22,1441.2638753959475,1189.6194336130516,1057.9639837589
2022-03-23,1488.9047524792174,1205.4118986342007,1046.0241495601667
2022-03-24,1497.5271506439951,1206.2593596318306,1050.0608754690443
2022-03-25,1522.7557208761154,1217.5676739463413,1055.7627820933028
2022-03-28,1487.7988801334948,1207.811798731664,1064.1971755500338
2022-03-29,1452.0054287215085,1208.1562160223266,1086.950609982452
2022-03-30,1494.866779333541,1221.665092178125,1083.3475109508338
2022-03-31,1492.5880868662261,1210.135633924698,1075.6400424065525
2022-04-01,1479.7440372173824,1197.9582732457932,1064.9565605744997
2022-04-04,1495.2938627624944,1206.8337098581644,1076.2825818919737
2022-04-05,1518.414167889164,1216.1990171534421,1076.4394283178976
2022-04-06,1500.3294768952385,1203.856114764873,1053.9957297225305
2022-04-07,1467.858750955439,1190.5276395043286,1051.308220151169
2022-04-08,1514.9736537687663,1215.8525815050907,1062.9402300103054
2022-04-11,1507.2395619733759,1208.2981622423483,1052.158058601295
2022-04-12,1570.9717168283821,1239.0647369023447,1056.835136492713
2022-04-13,1571.8019595680053,1236.7712757639474,1043.0712909534354
2022-04-14,1603.3623521431518,1248.991273437072,1046.8282969692827
2022-04-19,1597.350618069007,1248.5937513056822,1051.357007437382
2022-04-20,1588.6318236148413,1247.279644801293,1055.0162302361116
2022-04-21,1602.2162254448685,1252.7686382619784,1058.0825952531604
2022-04-22,1560.9174466712216,1229.0908777263276,1027.1303832608721
2022-04-25,1504.7307007528316,1197.8358814441503,1024.9180579952854
2022-04-26,1596.1873787981442,1239.5931400855716,1032.7644889063477
2022-04-27,1607.4851747245875,1246.267459479229,1035.5757610785597
2022-04-28,1625.1067987917136,1256.876257096936,1044.0454550217237
2022-04-29,1652.4359158300394,1266.7104738804,1049.3485632769061
2022-05-03,1696.5724818301899,1275.56411332663,1037.6879628608756
2022-05-04,1711.6399074088265,1279.877715030681,1016.4818110201509
2022-05-05,1772.3712376730284,1308.98157449473,1037.6300696747383
2022-05-06,1802.7114804911137,1315.2269426806542,1027.873944950585
2022-05-09,1671.6591831184317,1244.5696784417496,999.4495194129404
2022-05-10,1648.2182468749888,1235.5710120397175,994.4709331922047
2022-05-11,1725.6127705900183,1272.3637705710628,1015.6943400827909
2022-05-12,1710.124690713983,1255.143378140792,994.8811564692888
2022-05-13,1751.397530547661,1276.2216285154507,1019.1135449940799
2022-05-16,1777.5230181017741,1287.4885788316074,1005.2767550229194
2022-05-17,1793.2538592372998,1294.3633813977444,1009.899820846332
2022-05-18,1759.9182241964959,1279.7253631068295,1003.031514211068
2022-05-19,1752.7130249217332,1277.5404005134894,982.7969475774418
2022-05-20,1750.049820366838,1274.1364828305266,976.1671788837084
2022-05-23,1775.9594521858485,1288.0934306551405,992.1729733809543
2022-05-24,1785.643373399155,1290.8734287441066,975.6743596761511
2022-05-25,1818.9569953155035,1303.0681715994733,984.9335049361606
2022-05-26,1863.0941499033072,1319.9479084222698,1001.7469193537545
2022-05-27,1840.3370342491792,1314.9934538897028,1018.7723355992647
2022-05-30,1865.0574123681483,1326.0075994469762,1030.7537803223117
2022-05-31,1870.4488822154067,1327.0271666480312,1018.6673162879176
2022-06-01,1879.3287048991167,1333.7181072559385,1020.060920913105
2022-06-06,1932.8682641968046,1357.84110440323,1028.9147094116895
2022-06-07,1944.68319249918,1357.432711641839,1020.5453706565968
2022-06-08,1999.753222680584,1380.7326312254613,1029.7760351506854
2022-06-09,1954.5491671775244,1352.2758690710762,1017.4069366124558
2022-06-10,1921.9396425795412,1333.4400386545,973.493899697836
2022-06-13,1918.007767160911,1327.521796423705,970.2474105467941
2022-06-14,1912.8054799052832,1324.3233198448843,971.1566561646953
2022-06-15,1857.1461269259228,1303.515256715514,964.633220708931
2022-06-16,1776.0678266029552,1260.7226353805188,929.0074538390207
2022-06-17,1685.7953076604767,1225.6968722860681,927.6700030895894
2022-06-20,1676.2858591409888,1225.3814106774378,946.5345923917367
2022-06-21,1705.8157542709066,1238.7027327274652,958.3185505456293
2022-06-22,1659.116237977093,1215.7996301286012,960.9016242881985
2022-06-23,1614.019227854072,1189.6290201357788,955.4076432936569
2022-06-24,1641.2811879310382,1201.0552632491967,981.0145835634204
2022-06-27,1657.1847575538754,1206.9900645796088,989.7797733140966
2022-06-28,1711.7256650386535,1230.9389879983084,987.6768744817631
2022-06-29,1707.033415814289,1227.51931169547,978.912007517149
2022-06-30,1631.9637927593171,1190.3040600177753,964.7507802764118
2022-07-01,1620.4125169740905,1183.6587975456077,965.5660294520173
2022-07-04,1665.345808834222,1194.9261325654534,975.5392633234903
2022-07-05,1550.9960301394683,1151.4129369321256,969.9518104078327
2022-07-06,1523.296925300393,1143.645037704463,985.3657492501043
2022-07-07,1622.7901711497827,1179.351850811875,995.4612159276261
2022-07-08,1624.3233800533305,1179.7787358703217,1003.0172014863405
2022-07-11,1643.2179746547174,1190.0880822998156,999.0123654407959
2022-07-12,1581.1058571358994,1169.4507212814237,1002.0751853575057
2022-07-13,1609.98194922755,1172.7345868556265,988.4895250558525
2022-07-14,1581.5524120199618,1159.6294840763799,975.5729917161818
2022-07-15,1620.393273645072,1178.2826954534914,1000.9741720944805
2022-07-18,1698.684200749434,1200.0690614350592,1003.074577466183
2022-07-19,1686.5966791305777,1198.6840614837654,1006.5823940911764
2022-07-20,1712.5741366233676,1211.1191334969521,1020.5708478767052
2022-07-21,1714.7037922125076,1208.6887196688906,1020.146609807251
2022-07-22,1746.3587466214774,1223.3728129267142,1021.5241535666979
2022-07-25,1765.4658181809461,1230.3453959243946,1016.7985168356114
2022-07-26,1797.1719908824205,1242.6299035736026,1006.6742798778713
2022-07-27,1770.3096903065864,1233.8943718227806,1007.3693517520868
2022-07-28,1782.1042390107705,1245.8356607774133,1023.2075669910497
2022-07-29,1806.0073002656102,1257.748962782382,1035.2884126170343
2022-08-01,1722.000182122174,1224.5983515834735,1038.4488771900665
2022-08-02,1748.9322000675381,1237.8018548035502,1041.5589198519356
2022-08-03,1719.093430003811,1227.4355013009656,1045.7753983649363
2022-08-04,1679.4974299894852,1224.6836848720968,1047.8416911963714
2022-08-05,1700.181596614722,1230.5346810800816,1039.959069775136
2022-08-08,1707.364800907633,1236.2372527678117,1059.2965063824033
2022-08-09,1727.28721148661,1245.925905534703,1049.8171774137547
2022-08-10,1707.0226114106995,1237.4941851154251,1058.8608295626877
2022-08-11,1771.8953824054283,1264.531162057368,1066.8255241760291
2022-08-12,1786.4068502457785,1275.6904263939643,1068.044961973615
2022-08-15,1763.562033779143,1271.6715253741522,1085.1774164830013
2022-08-16,1770.5272262247881,1278.3196768187343,1085.9819225768072
2022-08-17,1787.8277554633455,1283.7845775201997,1081.0240963533327
2022-08-18,1845.4936745522186,1305.772486245042,1094.8070050997894
2022-08-19,1865.8786136377641,1315.7091342267179,1079.4359390562156
2022-08-22,1893.3191286248639,1328.6425543167647,1076.8515321331422
2022-08-23,1952.3700301694396,1343.1435909374964,1068.3065105466192
2022-08-24,1932.19217750799,1339.3613243835755,1074.5454495131794
2022-08-25,1956.802873452171,1347.8662591346456,1075.3878972655436
2022-08-26,1936.7629830886463,1341.3093749007217,1063.6488208348774
2022-08-30,1922.0455819765657,1329.7368110518055,1051.2793952701381
2022-08-31,1920.5921684363136,1330.9399566962775,1050.8484478108628
2022-09-01,1893.530535716356,1322.706420389149,1036.7576268844196
2022-09-02,1902.292617892581,1330.3358537620293,1060.2227372458158
2022-09-05,1924.2375369524982,1334.3509990426273,1040.6179037999837
2022-09-06,1879.6146973600364,1315.7897886487622,1043.2561580164452
2022-09-07,1808.0353470345206,1297.2991900183508,1041.9617561551481
2022-09-08,1806.93569421361,1301.668977680219,1058.1495432623497
2022-09-09,1843.7845501725121,1314.7700397288613,1075.503297664171
2022-09-12,1878.6617280144465,1322.6164699020787,1076.571241670872
2022-09-13,1884.3919512139985,1328.6862688980289,1061.0060001993745
2022-09-14,1924.58083924878,1337.503061341649,1048.7103546982246
2022-09-15,1881.9611493656998,1322.496395319131,1050.3800182595285
2022-09-16,1852.0976442847004,1303.340126698584,1034.220286719831
2022-09-20,1822.5344943279858,1296.08884787847,1037.7211687888175
2022-09-21,1838.1720253825442,1307.8957244846295,1051.7078253332334
2022-09-22,1833.3648608737515,1299.6433285252992,1022.9192919360859
2022-09-23,1721.2530097971319,1264.247609469159,1001.0613356665814
2022-09-26,1758.2945862264917,1284.9969004477061,1038.1287624236718
2022-09-27,1773.291104704564,1287.4851246609014,1040.8183317929236
2022-09-28,1775.4445619594733,1286.4793406191,1035.1282525402187
2022-09-29,1740.2073976363974,1249.7812947526622,995.6458143737016
2022-09-30,1748.0093548206296,1247.4906842748958,1004.2263310610463
2022-10-03,1744.0609898679745,1237.4917252238886,990.654070972074
2022-10-04,1778.8624491116707,1248.2944033190065,1016.1569500934338
2022-10-05,1782.9705132914962,1252.8692766964782,1010.774717855654
2022-10-06,1812.7602990894202,1267.2515284683482,1034.0518553698619
2022-10-07,1814.5568698783734,1265.3483809518857,1008.4411849200054
2022-10-10,1792.2297739472747,1256.2630047655978,1002.0692250189504
2022-10-11,1781.2638455150345,1249.0851251074944,1009.5814193943797
2022-10-12,1764.3251940762843,1240.8661910641865,990.8086496148891
2022-10-13,1758.66342585843,1225.539166078267,981.0247206290851
2022-10-14,1746.2736970812382,1226.2793063271026,981.1709334559655
2022-10-17,1731.4971283027562,1217.6528686733466,994.0187551747686
2022-10-18,1737.246519834417,1224.6187567613388,998.7980545391006
2022-10-19,1770.3174739809429,1237.1485475915572,1009.6408215337167
2022-10-20,1796.4380220528326,1248.2662899314178,1013.8552788237184
2022-10-21,1803.070928673482,1256.9653877081996,1008.2596037350526
2022-10-24,1810.0135427893072,1255.2072871139014,1018.3940995914377
2022-10-25,1794.6370701457286,1241.5003973421724,1024.561694919607
2022-10-26,1815.311457551934,1242.5361532105846,1021.5661205808148
2022-10-27,1830.2376981621137,1247.294570212417,1018.0809096495184
2022-10-28,1799.9199733037888,1238.5682953376122,1019.2237747512786
2022-10-31,1825.5321742655242,1253.5525115515118,1019.3025150028844
2022-11-01,1852.3907678417231,1271.08580567195,1028.7881652455264
2022-11-02,1835.108131311919,1262.0766639194112,1021.5554545668256
2022-11-03,1885.5513836291188,1284.903026035051,1008.2038228848403
2022-11-04,1923.4361906791087,1289.3753254062467,1035.2801071998986
2022-11-07,1899.1711322550036,1276.109244477992,1033.4594429299198
2022-11-08,1866.9490243264695,1275.4711568905427,1034.6697485762622
2022-11-09,1835.2721241138875,1276.420925114237,1016.6837354325269
2022-11-10,1781.162281555074,1258.0927929669272,1070.3970349721699
2022-11-11,1788.986487815504,1254.1002182312611,1052.4354036592333
2022-11-14,1796.0909324455406,1261.5121205681864,1050.0660715687557
2022-11-15,1786.0727379883406,1251.1800406209086,1064.2155214644577
2022-11-16,1746.5694555268365,1239.54761317474,1039.8199487551233
2022-11-17,1688.2969531545987,1223.9771216574698,1024.7156754002829
2022-11-18,1692.5390520383044,1224.3439079472403,1039.5089903419457
2022-11-21,1651.503888200019,1219.635283994337,1029.9868247922714
2022-11-22,1710.1642217789095,1233.4799476382636,1045.4429640725539
2022-11-23,1674.6477025933973,1221.0390320314834,1052.615710215098
2022-11-24,1685.9625049944625,1226.3924824588155,1042.7636504249997
2022-11-25,1675.5930911427822,1223.3508892496488,1036.5983121254035
2022-11-28,1648.3678319744477,1217.2526241945804,1033.0103790135165
2022-11-29,1683.0637882733972,1224.8650673773993,1031.0811918900517
2022-11-30,1706.0604186223964,1234.4829924887379,1036.5282078741104
2022-12-01,1689.751322582826,1222.8470109745265,1053.9114383231426
2022-12-02,1654.7817240228258,1217.8986212838522,1033.5680945799957
2022-12-05,1640.6016908392974,1209.3874311625586,1021.7752273319098
2022-12-06,1602.1593431582305,1192.1148716634752,1017.2762899835152
2022-12-07,1593.7470185052098,1190.8541352517132,1013.8160111496521
2022-12-08,1588.5848350113238,1187.9966582617878,1016.0202148740184
2022-12-09,1569.3857450805458,1179.120011446219,1018.5163421800801
2022-12-12,1575.0783016087953,1173.5398900806128,1011.7740637621927
2022-12-13,1594.4730179717767,1184.028949318578,1035.4203166346576
2022-12-14,1586.3188734087885,1174.3916313906573,1026.490658485394
2022-12-15,1562.3935868636743,1167.9459894245153,985.5120456415672
2022-12-16,1569.7886822989906,1170.4875436707525,991.249691526381
2022-12-19,1577.115233434667,1172.919173501324,990.7521565752763
2022-12-20,1577.970564718743,1182.6925182399614,989.5508213985307
2022-12-21,1605.6555822059295,1195.3937862400435,1002.5014894675779
2022-12-22,1595.7776611535032,1193.3845738413786,994.6774294578016
2022-12-23,1593.3608320331914,1192.4353545520075,1004.2237414891152
2022-12-28,1602.799904684794,1192.2162557742886,999.230570134999
2022-12-29,1605.8140333811978,1196.441259980715,1010.5366262880955
2022-12-30,1607.9709894313185,1194.0316745232528,1003.1317229790873
2023-01-03,1597.4720293216192,1185.3814466297583,999.2997875726674
2023-01-04,1581.4386392322713,1182.3926076173868,1021.7082554748893
2023-01-05,1581.0734332281454,1181.2862480637068,1000.1931789177088
2023-01-06,1604.245530101017,1193.7274738412705,1030.9369329739739
2023-01-09,1603.62021465657,1192.7372140977361,1032.8014280326272
2023-01-10,1589.9952429240695,1184.397406917614,1014.5185476064793
2023-01-11,1603.1193684722703,1190.493008983171,1028.7446024108463
2023-01-12,1620.7748394954006,1200.0188050094714,1036.3372686300702
2023-01-13,1625.0900100522397,1201.1159308208653,1034.9139176093565
2023-01-16,1618.7225808748283,1200.133626571636,1040.1017892318139
2023-01-17,1611.6732689434955,1196.2291371326075,1042.7997861936196
2023-01-18,1600.8344143639465,1188.7059688279137,1032.36834136089
2023-01-19,1581.444915331562,1177.7709483881329,1009.5741084521387
2023-01-20,1593.7320058855041,1183.5633927766778,1017.59258192339
2023-01-23,1601.5052900826113,1189.996885811686,1033.9686510910954
2023-01-24,1599.8447685548354,1192.3016109923644,1035.253507332596
2023-01-25,1595.2449237486915,1189.79466942274,1032.1244145230205
2023-01-26,1601.6543583812963,1193.750921197718,1034.38743361952
2023-01-27,1602.7394838357843,1194.4321152730802,1044.1385198743371
2023-01-30,1592.528924575994,1191.5720269543276,1040.0683718669354
2023-01-31,1593.1756975985988,1192.9930901256885,1043.1967989745278
2023-02-01,1596.8572532449075,1197.9538547105578,1051.818553245093
2023-02-02,1588.7649097886488,1199.7927294738845,1069.4704059518103
2023-02-03,1569.381797249718,1203.0388288339682,1081.5174795291282
2023-02-06,1556.8724989817767,1199.8241627864177,1080.8868812535688
2023-02-07,1564.8100678647202,1202.8104020159253,1081.5786784364045
2023-02-08,1563.495093189212,1200.5710036859932,1080.177845588361
2023-02-09,1556.4358681875983,1200.9592320505892,1082.5001987939847
2023-02-10,1554.6267664116883,1199.294529259695,1066.3119368327116
2023-02-13,1551.81652369628,1202.3304713243042,1082.8540763681265
2023-02-14,1538.0725520527956,1198.547041399376,1069.6020819709756
2023-02-15,1529.3486512473316,1199.7075942301678,1071.859954186306
2023-02-16,1535.1815747249404,1205.6502452091245,1084.662590276442
2023-02-17,1516.2742273807912,1200.5129601727883,1075.4595853427693
2023-02-20,1522.0433935140152,1200.300058309334,1074.8494969837407
2023-02-21,1508.172355364817,1191.0699562493312,1062.2052132350243
2023-02-22,1503.6706702857302,1187.5603334427096,1051.824023731689
2023-02-23,1498.9681058111098,1189.295543467799,1052.6197051095971
2023-02-24,1492.8881478115159,1185.7870323426982,1046.3606056462606
2023-02-27,1488.2088497971913,1189.3303656654925,1061.0685326488558
2023-02-28,1479.2120476712983,1183.580843269522,1050.2349812307327
2023-03-01,1503.321026682692,1190.2186661329317,1047.3243328342337
2023-03-02,1503.6735240010978,1193.179197872258,1045.8537861271568
2023-03-03,1525.1581243144644,1200.5395624061384,1070.5461975858104
2023-03-06,1528.8266574733723,1201.0911421696944,1075.5154434888395
2023-03-07,1524.0116908061761,1198.05240575835,1058.3842702402042
2023-03-08,1525.6637541508642,1200.6177782307257,1072.6734318201582
2023-03-09,1516.609931554485,1196.0743949986781,1073.850704903806
2023-03-10,1475.0149511853322,1180.0424749532453,1052.2282068894992
2023-03-13,1418.1406201000855,1159.142286076475,1021.7404935728591
2023-03-14,1436.2171691115036,1163.0760731857315,1026.911910957348
2023-03-15,1362.24323731034,1141.1233822013935,1002.9728982723018
2023-03-16,1384.5320111248573,1145.077341900055,1030.395992632763
2023-03-17,1362.000267396066,1139.5180726549618,1023.6142950580797
2023-03-20,1369.559123106573,1140.266748970751,1022.4186278392472
2023-03-21,1413.841594967859,1151.4090137370472,1028.098252306414
2023-03-22,1415.675588155697,1155.2762681320958,1036.1868175573766
2023-03-23,1406.6565793111442,1150.7304232277986,1033.3251340830464
2023-03-24,1373.3190393624757,1143.7022499222317,1016.6237718253883
2023-03-27,1386.7602007165008,1146.9764506315528,1026.1843061829704
2023-03-28,1397.3516401160214,1152.3390679307804,1024.1158033329598
2023-03-29,1417.680629972243,1159.238728187592,1035.8505915503936
2023-03-30,1435.3960855488685,1164.7147340803717,1039.961445012146
2023-03-31,1439.3861579282134,1166.7030628587606,1048.8990062244914
2023-04-03,1451.870198610586,1173.8697124644043,1050.2610765029021
2023-04-04,1441.0284616665508,1166.4040669441408,1044.59412583404
2023-04-05,1431.2996491273482,1160.881509041213,1041.8565372956443
2023-04-06,1442.0327816645076,1169.4465398641973,1044.803025952472
2023-04-11,1454.5778071896696,1176.7823598531104,1051.7225308665436
2023-04-12,1456.8689845456445,1179.7650563251595,1048.5161556459334
2023-04-13,1467.617449837137,1187.5165882821802,1051.4565991936518
2023-04-14,1483.6647450968362,1195.5376409327146,1052.5120377937892
2023-04-17,1480.4978236322006,1194.165893747671,1063.5189872000817
2023-04-18,1487.4897488565612,1198.9413008990118,1065.7577660050463
2023-04-19,1485.5814919520135,1195.793966955355,1062.9403430375223
2023-04-20,1472.5116470611065,1190.4262823391202,1059.917667140841
2023-04-21,1476.7144365314934,1193.7387357797345,1059.6519668778235
2023-04-24,1482.2220651851094,1196.2308476243127,1055.171192088037
2023-04-25,1471.6296705559002,1192.1648777015362,1057.0882355014242
2023-04-26,1460.3958742533764,1184.0082505521034,1047.5151111384496
2023-04-27,1461.319896384991,1182.8425191674808,1047.8457014413545
2023-04-28,1457.7722301974927,1182.0527567143022,1059.3489019239812
2023-05-02,1430.5553330535365,1169.373040099881,1045.3623344395628
2023-05-03,1429.760500227577,1170.0540442398371,1045.5683542456952
2023-05-04,1409.9773306458214,1158.5118561411125,1032.1599092078263
2023-05-05,1429.2030373892367,1170.0149977508336,1047.6554439597312
2023-05-09,1419.7463514025062,1166.7232895956804,1045.1440854200343
2023-05-10,1416.4749644996364,1164.3451490942118,1045.082274675903
2023-05-11,1421.7872717759774,1168.9724801106415,1051.975266034258
2023-05-12,1426.718699014672,1172.5481697008313,1051.0505146826954
2023-05-15,1424.2412682033594,1171.381311780342,1053.0475745332694
2023-05-16,1425.3386650771647,1168.0116269369626,1053.7106440144262
2023-05-17,1422.616620210323,1166.5163049037292,1053.8447812714558
2023-05-18,1439.1830748466728,1176.9158769300861,1069.2796775071258
2023-05-19,1446.4971666185115,1182.87597367667,1073.8060636359999
2023-05-22,1450.3467699094456,1186.143540887813,1073.7605835952397
2023-05-23,1438.6333085773738,1180.4942290925246,1069.9196194656258
2023-05-24,1413.5843111342756,1164.967404616892,1056.0198335031344
2023-05-25,1414.5536225398505,1161.4108261059696,1061.344968785539
2023-05-26,1428.7792844188177,1171.2247899296115,1074.893408511518
2023-05-30,1405.8254175960014,1156.2224604902744,1067.855059863915
2023-05-31,1375.629452594935,1138.3421010667,1052.1017121037164
2023-06-01,1388.7648520135222,1145.7840180081482,1058.5223276193851
2023-06-02,1416.9808448667934,1166.961532341703,1076.3314448321673
2023-06-05,1409.052925776477,1165.303706982189,1086.3603909485441
2023-06-06,1412.4095800425332,1170.477243680657,1086.2336891585726
2023-06-07,1410.185231848722,1170.1663302660215,1084.4562584228931
2023-06-08,1412.2142052673214,1168.5900023668196,1075.8279284835523
2023-06-09,1402.2596509974037,1163.059789268821,1078.5909356649465
2023-06-12,1416.2041212456586,1171.2490487501484,1085.4342033953667
2023-06-13,1420.3407573939337,1174.527348301721,1091.0556648739882
2023-06-14,1428.06932476309,1176.8941944220298,1091.669418257915
2023-06-15,1424.7591133430517,1171.497841946888,1086.3855886159868
2023-06-16,1430.936971151596,1172.3255661638384,1090.133540370265
2023-06-19,1419.3502396857402,1164.9243195132617,1083.167834740563
2023-06-20,1417.48346741748,1158.7478875475506,1078.1545523100917
2023-06-21,1421.3530297552136,1162.7650138894771,1077.2020965977529
2023-06-22,1408.6615445295058,1152.2285542793395,1076.4552282939687
2023-06-23,1390.5780842162974,1141.0854243314402,1068.677392464065
2023-06-26,1395.8109140176018,1145.4516633041912,1072.1534795444131
2023-06-27,1407.0078808555131,1150.6794544114987,1072.6417386133746
2023-06-28,1424.4233458604856,1163.7523056251896,1087.4518491252204
2023-06-29,1429.1588747608637,1167.7932378083299,1091.167686587387
2023-06-30,1440.4685547937956,1175.4734010548727,1103.7429559961906
2023-07-03,1442.8358472268271,1179.0705491862627,1098.887381498732
2023-07-04,1432.0373100021225,1172.104383623282,1097.1431089486439
2023-07-05,1422.6695723799123,1161.4532133332732,1095.1516189117885
2023-07-06,1395.6926429783427,1137.291332657989,1073.1948157185661
2023-07-07,1406.3296625894573,1144.6516267457978,1081.6237457545287
2023-07-10,1402.9690804978316,1146.1988127030436,1069.6995240813726
2023-07-11,1403.8453058090608,1147.873682266148,1069.143665514989
2023-07-12,1424.8435695208693,1167.5165470313875,1081.7555292853451
2023-07-13,1429.3495746973656,1170.679269914549,1077.5307252092007
2023-07-14,1434.1688807253963,1174.5590185121873,1082.4394545885134
2023-07-17,1436.5920177908026,1175.4507054540165,1085.247098555745
2023-07-18,1444.8737497727468,1183.040268340241,1093.6213121597577
2023-07-19,1460.1510096669706,1200.782843449097,1108.0606009165353
2023-07-20,1453.9998245527138,1193.039699471549,1109.2463204592705
2023-07-21,1451.5019931120098,1190.353791105238,1108.3476355442865
2023-07-24,1450.3480661737606,1189.2659162952762,1114.2862337758488
2023-07-25,1449.641169721178,1189.3742505533028,1109.6968936100843
2023-07-26,1436.8332786202784,1177.432841033428,1105.4291133896972
2023-07-27,1458.6263935837853,1193.707267049693,1125.0982717690665
2023-07-28,1461.4128803395188,1197.194623480311,1124.4524406736505
2023-07-31,1460.4149956965273,1197.9175559964922,1121.5716357138242
2023-08-01,1451.9352900332053,1191.7312229323954,1117.693807214339
2023-08-02,1433.6767138274686,1171.9650997961419,1110.156027644645
2023-08-03,1432.44347058494,1168.0062515557033,1105.7010417108356
2023-08-04,1442.5014422860384,1176.2246213747637,1112.9780230996148
2023-08-07,1436.362100550934,1166.57337066417,1100.7963288465382
2023-08-08,1410.1825445438803,1152.1996992451448,1096.763837877802
2023-08-09,1411.061622481387,1156.0144969440655,1100.4412064562948
2023-08-10,1432.113734928536,1171.513549438802,1114.1707549400596
2023-08-11,1408.8008835741714,1154.9804266124456,1100.2159104649427
2023-08-14,1411.1244146216877,1156.0696659972534,1102.292396149764
2023-08-15,1397.166442386239,1145.169222337076,1094.128895902007
2023-08-16,1383.9669399219933,1138.5699206571746,1087.5378811944518
2023-08-17,1367.5889540222292,1124.0799398023305,1075.5465228550868
2023-08-18,1364.3728549901311,1118.4196799850927,1067.2521604513704
2023-08-21,1374.4340661153753,1123.6701227623269,1068.4395350537334
2023-08-22,1379.7425213129418,1131.7714558086388,1077.7724744949833
2023-08-23,1392.0270899122659,1140.89447683385,1085.7203515014542
2023-08-24,1385.4283847253162,1138.432970015421,1090.297847382327
2023-08-25,1381.7310819021163,1136.7190003634705,1085.5740588456893
2023-08-29,1420.2361289488958,1164.1479988433466,1105.7304715195676
2023-08-30,1422.8353470614327,1163.5751018254869,1107.3960968788508
2023-08-31,1416.8322711488815,1163.198471932195,1110.4101288990962
2023-09-01,1417.7069941584577,1163.5772339693149,1110.4101288990962
2023-09-04,1413.8858644694299,1161.0658766989777,1114.5247818978496
2023-09-05,1404.5920015082263,1158.4420749128094,1115.6322388595547
2023-09-06,1387.2832970522097,1153.162587554068,1112.2578676659732
2023-09-07,1362.4643540380005,1143.958673023323,1112.2516471401468
2023-09-08,1365.9416788420288,1148.812312158689,1115.9604609896503
2023-09-11,1363.380833177696,1148.0313846557376,1115.7275858335468
2023-09-12,1361.7431078825648,1147.896378040226,1116.9842695237292
2023-09-13,1367.2232903726642,1146.8523908125353,1116.915025773694
2023-09-14,1376.645742434811,1158.6406366481178,1132.1388440670953
2023-09-15,1370.9985435983342,1156.0348540832522,1127.2089337952455
2023-09-18,1364.525113711674,1148.957769182769,1125.7895313995177
2023-09-19,1361.1322648742855,1145.1556765364144,1118.3640608514024
2023-09-20,1375.1608680462919,1157.758936570246,1131.7326906758692
2023-09-21,1361.315908453262,1142.2015889291063,1110.8691379660402
2023-09-22,1369.7935457559363,1146.2134076920124,1109.7938619411318
2023-09-25,1365.1180967285527,1138.3046937726704,1109.5850435259592
2023-09-26,1351.4876440492628,1132.2773937964687,1105.1676066316434
2023-09-27,1344.94738259865,1129.0698925947959,1103.4914243977191
2023-09-28,1346.5340530045144,1132.9556242156639,1104.2512350807358
2023-09-29,1362.3097849125895,1141.337267798341,1106.552965321137
2023-10-02,1342.1061513476382,1137.4937390560062,1108.8886943173309
2023-10-03,1317.5946620514264,1117.9005028798963,1090.4917805553534
2023-10-04,1307.7056462066037,1114.796478256093,1087.9197889701784
2023-10-05,1308.513875601851,1112.196037721775,1085.599459534374
2023-10-06,1321.885676558247,1122.624754556258,1097.530576636202
2023-10-09,1323.4280499441988,1125.5121599217143,1094.745231646204
2023-10-10,1342.5393445044772,1145.2479354338132,1112.472931304815
2023-10-11,1336.156900873272,1138.7439213264922,1107.399343826643
2023-10-12,1355.0657742991111,1152.4503282636972,1120.989204150751
2023-10-13,1340.1121224913347,1139.6349111296456,1109.3249406060577
2023-10-16,1346.5071933750698,1146.8390849264624,1116.0938922216017
2023-10-17,1349.1762049204115,1148.38544754852,1120.3134507549462
2023-10-18,1343.4308224533618,1141.0617134540967,1111.7358291774428
2023-10-19,1337.6069272046911,1134.8595730647155,1104.5425069596527
2023-10-20,1314.0162354189408,1110.3724911505296,1086.0268095052058
2023-10-23,1301.7630405685993,1104.2199979869772,1077.0881340156884
2023-10-24,1304.4962781297947,1110.230268801765,1085.4559750434182
2023-10-25,1301.0152991861444,1105.3145305009946,1086.464720221498
2023-10-26,1280.4370695466498,1086.478045595281,1068.7494853186708
2023-10-27,1281.8608869243797,1087.8729641955283,1066.1626698860312
2023-10-30,1281.1166290863862,1087.2348752486491,1070.4027364303947
2023-10-31,1285.639998325773,1092.4563111150267,1070.9868458479223
2023-11-01,1301.100779952675,1104.1305524813854,1081.5680983778373
2023-11-02,1316.1919038138517,1127.038237427668,1102.7730402232298
2023-11-03,1313.8240199281895,1139.782525019911,1120.4680923861229
2023-11-06,1302.9013281470193,1131.0222997167446,1101.4562339209747
2023-11-07,1311.1626454688808,1137.2919083276527,1105.1822311778546
2023-11-08,1309.1281665578636,1137.5387353236708,1107.5923416243147
2023-11-09,1329.1665948574428,1142.6936131755974,1113.4508402741808
2023-11-10,1329.0065279410337,1146.4559218404538,1113.0197721327615
2023-11-13,1342.7102717647736,1154.403730058087,1122.5402014546723
2023-11-14,1363.080370685238,1170.7752427746937,1141.9695870329374
2023-11-15,1364.8922027598169,1170.1073206083447,1126.5197851698872
2023-11-16,1359.612771095868,1163.2939262279951,1126.4137690995208
2023-11-17,1376.4896049840831,1172.642733543851,1133.6072772418127
2023-11-20,1388.2380766160645,1177.896986086912,1137.0362381709417
2023-11-21,1377.359012910414,1170.5622679775163,1131.5514412689324
2023-11-22,1381.5049168271266,1175.1997107765928,1132.2008570972505
2023-11-23,1383.116170152438,1176.6207230266439,1139.3641221712032
2023-11-24,1378.0607992493387,1173.1623002406516,1136.067196220327
2023-11-27,1373.2284381939257,1169.247590472534,1128.0769229108625
2023-11-28,1373.9088310500174,1169.3974712195622,1128.828008068171
2023-11-29,1360.1072416807074,1168.0308430642885,1120.351101765935
2023-11-30,1354.2189648241747,1164.4914439122415,1120.45237653231
2023-12-01,1376.4292719700288,1175.4318534149875,1135.4804080852798
2023-12-04,1369.2961252118762,1165.327110327062,1121.4496289796386
2023-12-05,1381.2077432513925,1172.735851433223,1131.472324875077
2023-12-06,1379.2133283878545,1174.379282836455,1135.6878372222884
2023-12-07,1374.881584427124,1177.5544398923641,1140.762420491324
2023-12-08,1387.7448330061218,1182.9516375518642,1141.1188067008284
2023-12-11,1393.757036298316,1191.212994211223,1147.7013731362229
2023-12-12,1398.0420866214413,1195.2437150067876,1151.66447117369
2023-12-13,1402.3184032020395,1200.3937283344796,1154.790390860107
2023-12-14,1404.0039229204206,1212.9634555725575,1172.1377045141985
2023-12-15,1419.5952790221907,1211.782240549084,1157.4756825156605
2023-12-18,1427.4913772971674,1218.6115120990626,1167.9570207549134
2023-12-19,1420.1910529184656,1222.778748962415,1176.7736870659755
2023-12-20,1422.23548750428,1223.187106018945,1171.7655619166514
2023-12-21,1424.5676814311876,1221.9446300667262,1174.0961831300365
2023-12-22,1429.3505496634966,1221.9650441418883,1174.0869925224358
2023-12-27,1437.5889300577614,1228.5354533972309,1179.4135530391088
2023-12-28,1432.0361530345185,1227.6102104818965,1173.9197034691047
2023-12-29,1432.68283889715,1229.4972038983701,1180.2106378852825
2024-01-02,1407.6545358103167,1215.8970388856771,1168.7482459520472
2024-01-03,1390.0745560988319,1201.2526726490591,1169.373990150575
2024-01-04,1383.4393471113356,1194.6826782570465,1168.9527149571338
2024-01-05,1379.889625984966,1189.5138397048827,1166.355345448544
2024-01-08,1334.1487397160959,1179.5075662572528,1166.381748177502
2024-01-09,1350.4620020499435,1193.109916817736,1167.116015075238
2024-01-10,1373.7484229199924,1204.2790924173155,1173.715673215236
2024-01-11,1368.7657434480693,1199.072750053438,1165.1713329459487
2024-01-12,1401.3442880677562,1217.3250126274877,1173.064179429184
2024-01-15,1414.481800201184,1219.1590927964658,1175.558993918483
2024-01-16,1424.1767264268692,1221.5604740659337,1173.9370771114725
2024-01-17,1400.3959430385187,1204.4386565907332,1168.8573146298652
2024-01-18,1425.8919293646054,1220.729813299529,1171.7137050113522
2024-01-19,1431.3493457767104,1226.3846438709477,1175.1693058625538
2024-01-22,1448.4327525501874,1246.7836823163702,1189.497019186351
2024-01-23,1448.2851954804362,1243.6515840718903,1184.4110420004565
2024-01-24,1468.1472187033255,1256.275766250524,1199.6112001432264
2024-01-25,1464.9095591768573,1252.507476522266,1194.7451836537143
2024-01-26,1444.884636467883,1245.8078130467686,1200.8039439029442
2024-01-29,1443.3349268754416,1246.7140700563111,1199.5988242668368
2024-01-30,1462.359800515876,1261.1185095871408,1205.4001058017745
2024-01-31,1437.9165600461772,1243.302346285132,1200.317490973383
2024-02-01,1453.0730505504544,1246.06969890104,1197.8925587428193
2024-02-02,1485.2501635953588,1270.5230089317176,1203.089186274787
2024-02-05,1481.1911877133737,1267.6788045402134,1210.3231428216388
2024-02-06,1486.5767502467397,1274.4501212364805,1224.044381088197
2024-02-07,1491.5533426898403,1280.231114977613,1224.1261784891096
2024-02-08,1489.047961787748,1287.1023653557968,1222.6280683440496
2024-02-09,1492.3860364390753,1297.9565244161636,1227.3508349918964
2024-02-12,1505.4637489332454,1309.885347041653,1235.4005430384136
2024-02-13,1471.3944447347349,1279.3931245046822,1217.2473483115725
2024-02-14,1483.3074695186995,1288.4090659008486,1224.0944628249447
2024-02-15,1487.2249523023847,1293.722813014695,1235.076484380783
2024-02-16,1489.5277294315783,1293.03874738315,1239.7874661017606
2024-02-19,1488.495325037361,1287.651380560087,1235.340162054335
2024-02-20,1465.6847753361967,1266.6795851456266,1230.81976224344
2024-02-21,1448.9314482049433,1250.990567260189,1225.2452350111303
2024-02-22,1483.7237469037764,1281.4554730102686,1244.8671345616424
2024-02-23,1478.644333867678,1279.546563816181,1247.8302323330436
2024-02-26,1480.7715870741558,1284.067839694761,1245.380648640811
2024-02-27,1482.596726708393,1287.0676679595058,1243.1706295820034
2024-02-28,1475.527265324029,1283.8234767990443,1241.6302873163686
2024-02-29,1477.4713345650962,1287.0221833469873,1243.587276244882
2024-03-01,1497.8691862461385,1304.3097389268826,1258.4127696795206
2024-03-04,1491.1497461003275,1303.631167963059,1258.342796157455
2024-03-05,1463.2656288615435,1274.6453350896593,1247.1321762663945
2024-03-06,1474.3519228921975,1287.5131153582504,1254.3199885144766
2024-03-07,1482.833132795171,1295.0327917081654,1261.2987743329722
2024-03-08,1466.3239097902585,1284.5944436659922,1254.7011006104126
2024-03-11,1456.7363752657186,1276.5783214282544,1240.5586357662182
2024-03-12,1478.5944755968756,1291.018308964958,1253.6434247656161
2024-03-13,1477.540055149686,1289.596672577688,1259.2134086480755
2024-03-14,1461.6168583728727,1275.875641721936,1252.921935832227
2024-03-15,1453.1633309877477,1264.6750827414667,1250.1584665147657
2024-03-18,1464.4921403173578,1275.0262112512314,1261.3109586175397
2024-03-19,1455.127495264708,1268.3161057768284,1262.247816916177
2024-03-20,1466.4803689541104,1274.7234793386538,1265.4874081388355
2024-03-21,1512.0767275385888,1312.3108283497304,1276.2727642652499
2024-03-22,1506.901827522174,1304.7662475086859,1283.3705166642487
2024-03-25,1501.005888890371,1302.30105849577,1288.9685945884191
2024-03-26,1503.6850174712906,1305.6022680990377,1286.7233369997439
2024-03-27,1496.5594744137466,1299.8936397577377,1286.2433067112129
2024-03-28,1502.2840846459292,1307.6454307039428,1293.4700263180398
2024-04-02,1512.0528190744003,1298.5068575944276,1283.1137051869498
2024-04-03,1535.3282468187174,1308.534048143003,1283.6106380353738
2024-04-04,1534.0323750223197,1310.5093150448567,1290.2818434915887
2024-04-05,1526.0503590268836,1302.331796620686,1276.816911730322
2024-04-08,1529.0945031461404,1306.7525202282281,1280.8236627723977
2024-04-09,1517.6042686549733,1296.1786372156091,1271.2203187428154
2024-04-10,1527.589479622715,1304.3006137937398,1277.7743308529964
2024-04-11,1529.5369841809977,1304.7817673089198,1274.185447474975
2024-04-12,1543.379162016654,1309.1689127856196,1272.6061061265175
2024-04-15,1522.0002866314064,1301.854103845938,1279.9981853600088
2024-04-16,1479.7280119577306,1276.5836739063109,1260.2857320816092
2024-04-17,1481.363012852876,1273.93460802142,1252.940683917707
2024-04-18,1485.5203230656177,1276.9701001012463,1260.2762734174066
2024-04-19,1469.838711049425,1265.0229380722963,1248.3191728291017
2024-04-22,1470.5710623447223,1268.9808362677784,1257.2875056696887
2024-04-23,1495.132330242007,1284.6583565907815,1267.583290325482
2024-04-24,1490.742507215332,1282.9584860368489,1266.2889762059187
2024-04-25,1465.5908916410315,1264.6139238907226,1248.3260171422799
2024-04-26,1504.6443448856942,1291.082370137978,1266.8197560713118
2024-04-29,1510.40805030642,1291.6476636583975,1265.9113981522798
2024-04-30,1493.849699700382,1284.927630501489,1266.7527545054368
2024-05-01,1492.7926708589832,1275.8755726791996,1247.552457091682
2024-05-02,1504.872600575582,1283.0498026072544,1253.488561273176
2024-05-03,1528.3179586595938,1298.2172165956465,1273.253439820381
2024-05-07,1564.1507599502352,1322.333103253147,1295.2216113394666
2024-05-08,1550.4227931900514,1318.0347520793414,1292.4925111711948
2024-05-09,1557.2625126043063,1321.8662718753367,1295.350376979041
2024-05-10,1554.9412353563007,1318.4465199014367,1299.571903764022
2024-05-13,1553.4573684623797,1318.3220517425718,1296.485613222557
2024-05-14,1553.5325033252643,1319.1074237656615,1296.044693501776
2024-05-15,1563.362928580083,1325.1674206377381,1301.3611300365237
2024-05-16,1574.2145342124045,1330.053411879415,1308.8194670917403
2024-05-17,1581.5232581466153,1330.290904305671,1303.7338959115289
2024-05-20,1594.2749342013585,1337.610385808795,1306.640824805382
2024-05-21,1591.0740611118063,1332.9555969961057,1302.041107211186
2024-05-22,1584.8904693100362,1329.9029362874576,1300.2685794410024
2024-05-23,1579.4461793466103,1328.7371924858849,1301.8593883231433
2024-05-24,1580.0337732512376,1328.835257551476,1301.0782832770276
2024-05-28,1576.7576183430929,1322.5536171770646,1294.1329853856867
2024-05-29,1574.6501108925327,1316.3379243528054,1287.5320029964964
2024-05-30,1556.4695058297652,1307.9886908231604,1284.6417502716574
2024-05-31,1525.9300307504595,1294.351932771406,1276.7238737223652
2024-06-03,1535.1226363443657,1302.4304046619268,1283.0943324657683
2024-06-04,1510.6596306254728,1285.4098591626894,1282.8149961836502
2024-06-05,1526.2757179394532,1305.4051598003298,1294.8420873804098
2024-06-06,1533.3635024694627,1311.6553411870445,1300.9327164966246
2024-06-07,1518.4309895479344,1311.0752706323544,1299.511912375233
2024-06-10,1513.1628722132223,1313.2342730960413,1303.4882471830401
2024-06-11,1488.3415818124042,1305.4841202967473,1298.6728540935321
2024-06-12,1504.4292637880533,1320.5185230163727,1312.900771534994
2024-06-13,1493.9537621610416,1320.5259484652793,1307.6773295648202
2024-06-14,1488.8310796760284,1322.8803757568835,1303.790791224268
2024-06-17,1497.302597512857,1329.3112746001707,1310.6590869550369
2024-06-18,1516.2348223496945,1342.0555366515946,1321.0333433276965
2024-06-19,1521.8601753777461,1344.178713632375,1321.9904313812233
2024-06-20,1530.790327900839,1350.1048551917343,1330.5033946362933
2024-06-21,1516.0973331396228,1343.5780375641193,1321.3670551767964
2024-06-24,1527.3504609327756,1345.3968633994714,1327.1825559884994
2024-06-25,1512.553289503973,1338.944145851852,1323.7364725496727
2024-06-26,1514.3774765792016,1344.4131407604455,1326.5938612684874
2024-06-27,1513.6073725112105,1348.9972517995955,1326.3036122292094
2024-06-28,1525.728665501343,1358.9756905562292,1333.2291225292934
2024-07-01,1522.5327971951012,1350.465957338676,1326.1729140083967
2024-07-02,1512.220066063004,1347.862557599527,1325.0263855167836
2024-07-03,1531.0027863053626,1359.41110661999,1330.9825237251096
2024-07-04,1541.180490073738,1364.970920321857,1334.8146868989834
2024-07-05,1535.1218007226753,1364.2600753139582,1337.1464711464612
2024-07-08,1545.9670606533657,1366.9335308015795,1333.9983349837837
2024-07-09,1546.499574807193,1367.4746378580153,1335.8709157512476
2024-07-10,1545.3629359850036,1368.1507406584815,1336.5800500447108
2024-07-11,1541.2727260378858,1360.9716046818876,1331.784838101905
2024-07-12,1541.947788706154,1367.3125229160134,1343.0364410057914
2024-07-15,1544.3285362839972,1367.294869842108,1339.2652105428167
2024-07-16,1533.1599328800532,1362.654342946576,1336.561417596683
2024-07-17,1514.7572050810772,1347.8817371668292,1325.5000427475095
2024-07-18,1505.261395920635,1340.1061070882129,1320.6175211873715
2024-07-19,1491.117811081442,1328.5350286787732,1310.28318613343
2024-07-22,1499.3937538211387,1333.8731849132132,1318.24024588493
2024-07-23,1506.6577564942859,1342.2546042509755,1330.2316260314383
2024-07-24,1486.037923111295,1322.4062553765568,1307.6021926437845
2024-07-25,1463.0715585063062,1313.5925106006105,1305.1760519199895
2024-07-26,1462.6851402920363,1318.1648452446295,1307.4895140627132
2024-07-29,1465.8553934843942,1317.192653729897,1305.1923844739135
2024-07-30,1458.9659540305922,1315.9827590794032,1307.4470167267843
2024-07-31,1483.9483503129366,1337.7309393726312,1327.9149869658936
2024-08-01,1460.8469546795998,1325.0143808391315,1322.0461386406153
2024-08-02,1411.7775915411214,1288.0110408362154,1285.048597268537
2024-08-05,1367.359071374268,1255.4450960991019,1255.658426598594
2024-08-06,1393.2107234922169,1266.8950033013546,1272.2047167723408
2024-08-07,1423.2529279902142,1280.624485294403,1291.0146781662033
2024-08-08,1422.3505114471707,1277.0311239163134,1281.8876201303976
2024-08-09,1433.1869259690504,1284.9630493042275,1288.6283122468583
2024-08-12,1442.1120604576101,1294.136601394696,1289.8527875293296
2024-08-13,1452.0570752232834,1296.028406190344,1294.9225297285843
2024-08-14,1465.4839837445033,1308.3801791199792,1310.3472376398076
2024-08-15,1484.0086175299812,1326.8772027493276,1325.7243481910132
2024-08-16,1488.4483286566947,1329.9311327926002,1328.2943873790382
2024-08-19,1487.6964175284427,1333.0277268036782,1327.4959893859634
2024-08-20,1487.73144410136,1332.3192033805442,1324.3031884126915
2024-08-21,1485.453719542147,1331.853514254479,1323.7343772023626
2024-08-22,1479.3876960426062,1328.7941151627117,1322.2918218599395
2024-08-23,1481.0929409388887,1333.283300009022,1332.1323526389658
2024-08-27,1463.1558777646248,1328.1663059284301,1312.7148357575325
2024-08-28,1460.2931852403035,1322.969840114789,1314.8089025713207
2024-08-29,1477.9352668911843,1332.4976924970576,1327.2135097984844
2024-08-30,1467.964832061341,1330.279360624828,1319.9342070478117
2024-09-02,1476.8833005896643,1336.2179279915367,1331.6717767248808
2024-09-03,1451.5743085026293,1316.6002004730442,1317.3703896941327
2024-09-04,1435.4263699324679,1303.937763921863,1303.9871087370059
2024-09-05,1428.010908308443,1298.3639707715322,1292.220425619226
2024-09-06,1402.2652114388147,1281.3035809119008,1277.0472539114076
2024-09-09,1422.5373736504198,1295.3163297052533,1295.630588782964
2024-09-10,1424.5057417582752,1293.7882141630655,1295.7604921008679
2024-09-11,1422.4843106728374,1291.4866085813042,1291.8276520723934
2024-09-12,1450.5328587863737,1313.1556973797353,1309.1217755363407
2024-09-13,1460.8214016950667,1328.5584005352473,1324.2211807814108
2024-09-16,1452.8268037568387,1327.2862030272524,1315.485342585839
2024-09-17,1460.0895163914597,1338.992587265096,1327.34225424879
2024-09-18,1449.7801594675543,1331.297246647571,1317.067038672701
2024-09-19,1468.576279303185,1345.8731543714819,1330.4681576010298
2024-09-20,1467.2528239986175,1341.0998518893773,1321.883659228113
2024-09-23,1464.3715886616417,1336.8228995319653,1323.5586512327634
2024-09-24,1460.6141019664447,1339.6762551315833,1318.3867591965948
2024-09-25,1471.0355475895883,1349.7802306157919,1330.0499939960982
2024-09-26,1473.5674289368294,1356.8790694168385,1326.4898663990427
2024-09-27,1472.511556104305,1355.8708979438352,1329.2000204576518
2024-09-30,1461.6582869686665,1341.143639531433,1327.0144403106365
2024-10-01,1457.2099381794649,1343.6495724520687,1330.0007140905857
2024-10-02,1457.7547609758267,1342.1840953704407,1332.7881222045817
2024-10-03,1469.9955217519855,1347.9204386625138,1340.0351794443968
2024-10-04,1469.911636345008,1353.420139090191,1342.0487059813065
2024-10-07,1472.3141483761353,1356.3397711135974,1352.653853397401
2024-10-08,1475.7747477278901,1352.360300949844,1349.2120113459325
2024-10-09,1486.6760285884404,1358.6313341125456,1360.1693842659176
2024-10-10,1485.3394841571765,1361.142435967254,1360.6827593886908
2024-10-11,1493.8370014448917,1372.745694803761,1368.9055735381423
2024-10-14,1504.3831738394163,1379.0186922370376,1374.8005027549698
2024-10-15,1506.8137953332732,1379.9799600317053,1370.5358177917444
2024-10-16,1515.834017598128,1390.0838497651919,1374.3246729319058
2024-10-17,1520.82060419416,1396.6996442385162,1379.6270364377765
2024-10-18,1518.869464356283,1399.152587378493,1380.2618534366893
2024-10-21,1514.1238521688226,1403.423608194639,1373.6923676278202
2024-10-22,1512.983004655885,1405.5993759599735,1374.2192756550053
2024-10-23,1513.3442164417834,1402.9944743247192,1372.7407014543849
2024-10-24,1509.0033644737491,1395.3845727412374,1366.8118606324695
2024-10-25,1506.5455852724597,1391.7410028495835,1374.4541630963124
2024-10-28,1509.8861590644576,1393.3513454006177,1375.5488883234118
2024-10-29,1503.277034867903,1392.0784487263384,1372.0191568421455
2024-10-30,1499.3910893579446,1389.206833106593,1369.1409981807012
2024-10-31,1488.0514731671012,1376.848154914403,1350.4151417208784
2024-11-01,1492.0163011479328,1379.0895566745194,1365.8586752426695
2024-11-04,1470.799088792902,1368.3320460513494,1354.248317219233
2024-11-05,1477.3707288322507,1375.4890777507146,1364.078368389369
2024-11-06,1485.7395878957188,1387.224816739615,1373.1349645779753
2024-11-07,1500.6330260280845,1400.4212530603995,1407.408685225789
2024-11-08,1495.9097697307136,1399.6880533364226,1397.0564179778269
2024-11-11,1507.461129943761,1407.377502291817,1409.8683145578086
2024-11-12,1493.9892829648074,1397.9400179849788,1403.5666426021785
2024-11-13,1508.6119234336188,1409.2485537735283,1418.788701019467
2024-11-14,1503.7507510455548,1403.0710632890111,1422.0134316262418
2024-11-15,1504.0992113415994,1397.7619806101163,1404.8631720950345
2024-11-18,1517.858451143348,1410.261575518247,1417.1303675799907
2024-11-19,1516.6489750860994,1407.0153558599568,1409.3338528424513
2024-11-20,1508.0476201902436,1402.0461892177088,1400.3470239669807
2024-11-21,1526.4899247103956,1420.8370644887389,1420.2224618226721
2024-11-22,1542.6617365112904,1431.1440475299778,1432.2551115415936
2024-11-25,1544.185072327623,1429.3056869748252,1440.674803785832
2024-11-26,1553.9751390045317,1435.4530739761526,1447.5282270261605
2024-11-27,1551.0814434404438,1429.887735101506,1444.143554788243
2024-11-28,1537.1013555828147,1425.33087713926,1435.9719259829537
2024-11-29,1545.6843662911358,1429.8768218176704,1439.1415869258208
2024-12-02,1535.6291527858154,1424.7357424319407,1441.1952095392846
2024-12-03,1542.81811974611,1433.0189814125997,1448.7119605018065
2024-12-04,1547.728404278686,1434.4692852229875,1454.9979464329047
2024-12-05,1550.381562369568,1438.1461352531962,1455.6912590905088
2024-12-06,1544.7426918863798,1429.8469933299468,1449.8307349233917
2024-12-09,1525.6386142751614,1427.8640920219684,1446.8246929136108
2024-12-10,1518.4146791298067,1421.6693408348174,1440.1089046865673
2024-12-11,1524.244759875824,1425.0189367889977,1443.4732204710242
2024-12-12,1526.4563730227642,1423.347047280086,1442.3047396916008
2024-12-13,1535.466216400127,1422.3592957481765,1444.480814323265
2024-12-16,1541.0765547686588,1423.9889964454485,1453.727359427383
2024-12-17,1530.0907424363738,1409.137016970695,1442.0859779417829
2024-12-18,1527.4150070846854,1408.7168417315568,1439.1118519961185
2024-12-19,1511.8545797393324,1389.1170319836283,1419.6073019975329
2024-12-20,1527.033116011417,1397.2183103067807,1436.783873903029
2024-12-23,1525.4018795383095,1393.5802855757042,1422.1181777631095
2024-12-24,1535.998747912366,1401.878978913555,1437.2139634918044
2024-12-27,1532.2791006887494,1401.5400378446745,1437.4906361087028
2024-12-30,1520.3062602977307,1388.0800995905297,1418.09198339441
2024-12-31,1527.8190777289406,1393.7512389926478,1426.4528837432779
2025-01-02,1534.0928391909545,1404.3550247709254,1424.7063918237366
2025-01-03,1544.8247257787334,1415.652700203247,1444.7095933476025
2025-01-06,1554.4866190919038,1420.7039301752109,1462.8263152151226
2025-01-07,1535.6653066062283,1405.5702278349486,1438.06704586251
2025-01-08,1537.7329248724582,1408.841259472316,1433.935528388406
2025-01-09,1549.4245130872582,1420.3845205645537,1447.3558531579145
2025-01-10,1532.3079748255896,1410.2653221089447,1431.9048927659692
2025-01-13,1533.613289524937,1409.4517645811259,1437.296314700679
2025-01-14,1544.2928946347283,1420.708701493534,1443.0132250457168
2025-01-15,1570.797221983415,1443.1634170816385,1464.5730424663711
2025-01-16,1583.9067532153426,1454.8603611573226,1472.062746795666
2025-01-17,1599.077143424432,1470.2933509969653,1484.3157481629723
2025-01-20,1604.0078530384305,1470.8844284065922,1499.8202729645327
2025-01-21,1599.4306983824638,1469.8418952107504,1483.1296585101445
2025-01-22,1614.8394766973051,1480.2771057776717,1494.96901060627
2025-01-23,1618.4519333759388,1483.253960022208,1499.4202243689203
2025-01-24,1612.9860160695175,1478.0094905104756,1502.7601838938663
2025-01-27,1560.8878952956525,1439.593080982123,1463.9159400307944
2025-01-28,1580.3432017540501,1453.7081508505971,1472.1247611256367
2025-01-29,1585.10877722589,1458.2082219704537,1477.948452221783
2025-01-30,1592.584239779345,1465.345391402638,1481.1082639967399
2025-01-31,1612.7075175794955,1482.2214950431926,1496.2895901537468
2025-02-03,1590.921087660648,1468.4534660822765,1485.8682499775623
2025-02-04,1591.670717949238,1465.4638837867062,1478.3279670881188
2025-02-05,1599.161435093727,1462.9238639658658,1475.4812707118174
2025-02-06,1602.1607349785802,1475.2346069930195,1482.6006696729835
2025-02-07,1611.5702093879124,1477.5572332720465,1482.829299661534
2025-02-10,1632.2121073221792,1484.9780991346117,1492.1923915289362
2025-02-11,1620.2396694221725,1481.4121636739728,1498.0664993679536
2025-02-12,1620.603155451107,1470.5345466632834,1479.160514196781
2025-02-13,1625.0931589295392,1476.0745140607285,1497.8514719774323
2025-02-14,1626.1493436717453,1473.656535248792,1490.3239633861372
2025-02-17,1621.7858069572014,1479.6811633048776,1491.8106138280846
2025-02-18,1622.6493939245318,1478.531941954109,1485.3040773450841
2025-02-19,1626.8088282948702,1480.4341142659705,1482.8347436982658
2025-02-20,1638.161154674491,1461.6604862278216,1481.3057899807516
2025-02-21,1630.046930226603,1455.1042439752632,1470.7010859509332
2025-02-24,1605.3940895843696,1436.7239112366133,1458.7155154144662
2025-02-25,1582.7302194795363,1413.7346034961633,1444.2210333985117
2025-02-26,1604.6582062175996,1434.4449559317213,1457.4567562521743
2025-02-27,1591.2395069518097,1428.5389985651573,1445.9978786580193
2025-02-28,1569.0460071187993,1417.6682248633533,1439.1761496885445
2025-03-03,1577.9623927793843,1432.1843710622816,1455.2459449769474
2025-03-04,1556.711795270424,1380.0373436174427,1399.4525075818194
2025-03-05,1592.8317435081094,1375.5314208439365,1400.66834277393
2025-03-06,1606.0798470742782,1375.3025481403072,1402.6206528609907
2025-03-07,1603.7499310341152,1342.9997824570191,1379.2309422570868
2025-03-10,1584.0238917547235,1334.905846522383,1364.3665246160956
2025-03-11,1580.4266209446052,1323.8150473628614,1351.4068313718947
2025-03-12,1592.8926241906938,1331.4929658065594,1357.0611938148193
2025-03-13,1611.92063706892,1316.961336121685,1340.1107059614033
2025-03-14,1641.0262161208889,1340.6811859343593,1356.9136309476464
2025-03-17,1651.3073713193983,1349.917313149079,1371.4613759950341
2025-03-18,1673.6698676378444,1344.8296299062813,1361.608129605085
2025-03-19,1669.8875629467989,1353.39683559892,1367.1346830261555
2025-03-20,1648.4356783615585,1354.5704512888306,1366.449196547402
2025-03-21,1638.522520686591,1352.3161241866162,1364.9584241505163
2025-03-24,1640.4397382591599,1378.580640409569,1389.4875825782972
2025-03-25,1650.281486468598,1377.8272713529616,1393.998358414549
2025-03-26,1651.7668355225896,1373.6829121390003,1382.4972518801367
2025-03-27,1663.7287285370949,1368.530941775238,1384.4147691167107
2025-03-28,1656.0675545895874,1341.0635427753348,1351.7128849155367
2025-03-31,1649.081965692682,1334.370551479191,1341.9248221854832
2025-04-01,1660.5796823186931,1353.6512474599301,1358.577733844374
2025-04-02,1660.2364858312485,1346.299764239506,1351.569809886238
2025-04-03,1624.2988546613287,1315.9292444773014,1304.524922764128
2025-04-04,1525.5870450216514,1252.0311459248755,1236.4770333527233
2025-04-07,1486.1283243268613,1225.280080048079,1224.4966142231908
2025-04-08,1507.928557107296,1253.203881107232,1261.5053997498255
2025-04-09,1470.1250547962848,1229.382575133696,1216.1152076641476
2025-04-10,1524.950924269864,1275.9062563255775,1262.966923944173
2025-04-11,1517.9508439276271,1280.2803908846631,1266.9096898150187
2025-04-14,1548.9510284547218,1299.977821657639,1288.1199651195861
2025-04-15,1543.4295787407332,1299.9320030090735,1287.4923311569548
2025-04-16,1539.4618253591455,1308.4311082972947,1278.3375483318857
2025-04-17,1534.448298954898,1300.5266864158066,1267.2248342441533
2025-04-22,1504.1967856101212,1291.8739652226468,1264.605451710721
2025-04-23,1541.3182109482943,1299.592396171169,1292.0868823171909
2025-04-24,1530.7154982763443,1299.900259164821,1295.0331950380703
2025-04-25,1543.4952821206773,1301.5492843719508,1302.3490206284414
2025-04-28,1548.655419846586,1303.9968149015576,1295.997238291542
2025-04-29,1570.2664557153043,1315.0019957792888,1305.8419935544712
2025-04-30,1570.657172448173,1318.765697095355,1311.6281732478317
2025-05-01,1595.0738966141646,1328.9327744738769,1339.958201525367
2025-05-02,1615.7950262966078,1343.4834086491367,1348.5397352989603
2025-05-06,1643.8395794106923,1356.5472053008627,1337.3096223854377
2025-05-07,1649.0366459231582,1356.9369678202877,1336.6890132268345
2025-05-08,1650.7354952219198,1364.7303620077928,1356.8569382973978
2025-05-09,1666.8367443897764,1368.0189609910735,1353.7357178923387
2025-05-12,1639.4094962774234,1367.1639234100428,1385.479566259533
2025-05-13,1627.112339379396,1363.9756857085783,1389.3131377764832
2025-05-14,1614.1492252490812,1357.3248971526298,1393.3521485235385
2025-05-15,1619.9427309718708,1363.800090237015,1391.0411809430993
2025-05-16,1614.3815921272467,1367.4518375691155,1396.8775590245484
2025-05-19,1606.8253875816795,1363.9878709149689,1397.0091470158773
2025-05-20,1638.5432709728725,1378.417086879643,1396.1544177308758
2025-05-21,1650.822236628227,1378.9032604188187,1393.7008397991679
2025-05-22,1634.7640441730073,1365.5580515305942,1376.1964926746039
2025-05-23,1642.6151691873874,1365.1523846416808,1368.3156328096009
2025-05-27,1643.7329234519552,1371.2339264111076,1380.7965389281153
2025-05-28,1638.044151450792,1369.5197992092533,1385.6439639387675
2025-05-29,1630.4977660823247,1367.2168773349717,1381.2837760024856
2025-05-30,1625.8843265960809,1364.849800848816,1378.7131597514103
2025-06-02,1673.20475926691,1382.0220207742236,1376.0085875083273
2025-06-03,1671.944118065985,1386.0019941927185,1389.8176683985912
2025-06-04,1673.094937741861,1389.6011033005311,1393.6672125352159
2025-06-05,1679.7784894344954,1389.08754529017,1394.3818206518788
2025-06-06,1675.1975107722365,1388.6198071262636,1393.651743789498
2025-06-09,1675.585620350494,1388.4415374092418,1398.4362717471663
2025-06-10,1667.4538212151983,1382.9847426553956,1403.8271860326527
2025-06-11,1666.407242867093,1382.9907740443603,1405.7403706230532
2025-06-12,1685.3360385471724,1385.3495803025837,1398.1890406764785
2025-06-13,1684.9483942139827,1381.3277354684683,1392.1263008001463
2025-06-16,1695.1353858931238,1394.0207584872016,1405.322108649014
2025-06-17,1680.5523427529138,1393.8908789173963,1409.4165492096608
2025-06-18,1686.709248788813,1397.623599730426,1409.9740212297816
2025-06-19,1672.9183398670325,1384.4236417721086,1384.9147723071299
2025-06-20,1676.139464992681,1389.8352631664754,1396.1952473416966
2025-06-23,1680.840053090817,1385.3112696818046,1389.608295615178
2025-06-24,1663.028066758951,1384.1675918246526,1404.2371140655205
2025-06-25,1659.5946962534417,1376.5754503873482,1394.7722501524922
2025-06-26,1660.6790913024893,1372.0821432026644,1402.8680171137723
2025-06-27,1648.9956724502217,1377.2108232262967,1415.9913585854997
2025-06-30,1667.3301830458468,1378.8571699709025,1415.990613108167
2025-07-01,1666.411841206444,1374.4777701168161,1414.7604074819776
2025-07-02,1676.5793471385039,1382.3928871867238,1429.919391602848
2025-07-03,1683.7588143067405,1391.065898349989,1439.9752246720075
2025-07-04,1682.345593575814,1386.9180979189039,1432.3588999983056
2025-07-07,1687.8765905559542,1391.3392283624617,1435.9658880279583
2025-07-08,1684.2628171896479,1390.2568127307763,1436.244812588755
2025-07-09,1699.8859422774985,1396.3547739110643,1441.017261193362
2025-07-10,1698.8589629522087,1399.4692899732597,1448.6531574225332
2025-07-11,1705.069134870525,1397.3160360832705,1442.2038047327128
2025-07-14,1716.5640866368963,1408.5022111514331,1459.7091898274045
2025-07-15,1702.0216706410472,1405.1284126020914,1460.6544711673296
2025-07-16,1703.774741188654,1400.5922062689456,1449.355443196072
2025-07-17,1706.8007471747385,1409.2579406318055,1462.417479960448
2025-07-18,1713.1730461545558,1420.871656814076,1465.3699382090922
2025-07-21,1726.9915656222395,1427.5998649791352,1467.5190853116608
2025-07-22,1726.8014925310508,1424.8335933352598,1457.8024479693288
2025-07-23,1730.2810871838667,1429.483843220863,1462.038425980676
2025-07-24,1735.353498499762,1435.350081906182,1479.4702636748918
2025-07-25,1741.1691197760974,1436.423703184836,1477.3910041036502
2025-07-28,1719.7939732759983,1430.8345855556786,1491.9783853510392
2025-07-29,1738.4635590543096,1437.9636569671015,1487.8900113079123
2025-07-30,1737.378772247727,1440.2345693173156,1497.6617451994746
2025-07-31,1736.2210178868406,1436.4837888044785,1502.0815801610631
2025-08-01,1726.6415645785266,1420.3836015356198,1471.30943446108
2025-08-04,1757.3871069849818,1440.34865016586,1480.8720854193737
2025-08-05,1768.3727914534943,1444.9803341422864,1478.791728911471
2025-08-06,1777.4320266337836,1448.1981307838373,1483.5782709577484
2025-08-07,1768.1113103053133,1442.0065811670152,1475.9559577199097
2025-08-08,1774.1635727872506,1446.038467475716,1484.186401136952
2025-08-11,1767.9055053467334,1441.4003029396642,1486.8442464267896
2025-08-12,1770.0107538265977,1443.9968228998807,1489.04226869067
2025-08-13,1776.9704276915597,1449.5180066461894,1487.6956029574994
2025-08-14,1774.6716435117648,1447.1337058876554,1491.0114814171327
2025-08-15,1777.0114392398684,1446.973751979775,1495.4079517214302
2025-08-18,1777.341714459393,1446.3284675502293,1495.205633210369
2025-08-19,1775.4367958658015,1448.8688102370593,1497.8258268460565
2025-08-20,1775.616799825883,1451.6482858606705,1490.279861840671
2025-08-21,1792.0572892658845,1460.0352426299555,1495.7440850839837
2025-08-22,1806.9682619433927,1474.580867080681,1517.0467182500568
2025-08-26,1799.9771814061655,1463.5477741270136,1497.0064704833542
2025-08-27,1795.5356190606597,1458.1327320093444,1500.3403545572962
2025-08-28,1794.9052545904235,1456.5360106631294,1503.6880004513011
2025-08-29,1805.5903790296018,1462.0418239315857,1496.4722994702772
2025-09-01,1822.836354365402,1468.4645770059124,1496.6772751107676
2025-09-02,1823.9919661098597,1470.4087683063672,1492.4737800900812
2025-09-03,1827.9195490708362,1471.4179474096597,1499.0530448949855
2025-09-04,1821.0832666847298,1466.6650877337217,1506.3507734275197
2025-09-05,1824.227950252052,1467.8486423011996,1509.6693206921427
2025-09-08,1846.8747073474608,1480.0255028213444,1506.7167757339232
2025-09-09,1854.8808695014602,1483.1929055213836,1507.5914328573524
2025-09-10,1867.2815983753976,1488.8126983010634,1513.7642738786546
2025-09-11,1881.740249789594,1497.3667371775646,1520.898918023943
2025-09-12,1880.2866704624967,1498.6532742872184,1519.0732365252022
2025-09-15,1896.8912852096646,1505.1177881497442,1523.9397957081094
2025-09-16,1876.575811157627,1490.6069984969006,1514.9508932703034
2025-09-17,1883.1896635988085,1495.7198594517536,1517.6400140850112
2025-09-18,1895.727552548148,1506.5714422618812,1534.669889456316
2025-09-19,1926.7527116111983,1520.9180630250416,1530.0377842582961
2025-09-22,1931.5018825088323,1528.0518247701907,1542.875729735513
2025-09-23,1933.4163819985274,1536.6875208898236,1544.845951619504
2025-09-24,1938.2388554528025,1538.755814017267,1544.4024724417488
2025-09-25,1937.5516894912257,1538.6567548218236,1547.0400499497332
2025-09-26,1943.752909378025,1549.8699646525217,1551.6244570036795
2025-09-29,1964.912535188872,1558.0865624812102,1548.6029191847133
2025-09-30,1960.7236626895042,1558.1883319901337,1546.2975452599624
2025-10-01,1968.1678043718541,1567.831813429338,1552.1293270663366
2025-10-02,1967.5936234672076,1568.6438506471677,1557.8434392221436
2025-10-03,1983.5755863769252,1579.206881063703,1570.8695666290757
2025-10-06,1988.574311883159,1585.3910087481036,1567.1477985784343
2025-10-07,1987.2097301012332,1580.4663841359966,1567.0972741319292
2025-10-08,2014.242365980617,1601.0908325484124,1574.9384615513898
2025-10-09,2000.7456647598337,1603.5412694340334,1579.7745386791225
2025-10-10,1976.7957113240568,1580.7690205722256,1558.5370144682242
2025-10-13,2002.77020093578,1601.1375339896013,1559.516061188044
2025-10-14,2008.3823901847625,1603.6008871967942,1556.091514124596
2025-10-15,2020.3755201188592,1613.8812106094942,1562.8685273228189
2025-10-16,2039.9064706345157,1622.3675817828716,1559.6897765550034
2025-10-17,1989.1763918111142,1590.916429761935,1543.098565009961
2025-10-20,2030.5695752735378,1611.884714468742,1573.878810292104
2025-10-21,1969.635034696093,1582.2151664048206,1577.9654248539355
2025-10-22,1961.637250935466,1562.9625832627512,1571.5028301984873
2025-10-23,2004.5852298206364,1595.1895236815417,1579.3367609913191
2025-10-24,1994.0184235071808,1608.236601410746,1591.7118316346846
2025-10-27,1974.387642962196,1592.655609465814,1607.5982966180347
2025-10-28,1999.1557188337167,1604.3974433337125,1611.5489780788316
2025-10-29,2018.5083287789637,1619.8440249660603,1621.8949964125757
2025-10-30,2023.452196008823,1619.1731020228808,1620.6906147008742
2025-10-31,2009.749787130946,1615.7391146488471,1619.6350173922308
2025-11-03,2012.1407655026828,1616.7522391589441,1623.7726024075105
2025-11-04,2001.1175895412298,1604.0278435841674,1612.8896385766338
2025-11-05,2003.245272148104,1608.0732870083016,1627.335602841726
2025-11-06,2009.827092659494,1602.6014474118142,1609.8105831394223
2025-11-07,1988.2733295456283,1586.6011292067888,1583.6461335387569
2025-11-10,2068.905275259492,1635.647037619447,1611.2241181840784
2025-11-11,2088.494139347712,1646.8068060499554,1619.435389918161
2025-11-12,2122.1901866712637,1666.6411041528854,1630.2015921519542
2025-11-13,2125.5996223534353,1660.4728697207033,1620.3459600602605
2025-11-14,2092.622360683908,1641.7515867409047,1609.0546642050788
2025-11-17,2072.189091637374,1624.5954586395187,1599.1659952915522
2025-11-18,2033.2152075343172,1598.424228752449,1574.6556068084722
2025-11-19,2060.084456068783,1613.7617982657657,1574.3089151876313
2025-11-20,2047.107071071744,1609.1628458044615,1594.1254405227
2025-11-21,1983.738739142062,1571.0268599718834,1570.3511559569179
2025-11-24,2020.3431403877387,1594.7588292689966,1592.5690795741414
2025-11-25,2042.124940736093,1607.9990686687743,1600.8361014402392
2025-11-26,2080.805598297672,1630.3918961319441,1618.805236326295
2025-11-27,2094.7352979948732,1629.0619260012418,1606.0131572702028
2025-11-28,2111.759625663703,1642.885061433236,1613.09078841549
2025-12-01,2145.224693654749,1656.8687934436757,1610.5159564053884
2025-12-02,2127.5567784740315,1649.2542522879194,1611.7242634199165
2025-12-03,2126.227785523782,1643.2844426544675,1618.7394420521143
2025-12-04,2124.563152512745,1647.0817989460534,1606.1487990411292
2025-12-05,2144.7186733857297,1656.4387574390626,1612.0125323027746
2025-12-08,2153.009507178646,1656.2100156946976,1607.7046761728704
2025-12-09,2171.952823889258,1671.1914982956246,1610.9109777441463
2025-12-10,2197.054503396308,1678.5752722707944,1611.3676578069826
2025-12-11,2219.9894484425217,1693.0636779221559,1609.062561479257
2025-12-12,2217.1810240583645,1695.3170068965323,1597.0809006359427
2025-12-15,2218.251029566146,1698.8212184880435,1605.1123505169082
2025-12-16,2189.366083035828,1682.3507472280244,1594.6757956810256
2025-12-17,2221.066307214591,1695.0974295698225,1580.418022250128
2025-12-18,2245.785576675957,1710.7916920830994,1600.7053996915201
2025-12-19,2264.9000134284515,1723.8296098594687,1605.0931675938657
2025-12-22,2303.7436772210467,1741.8315676275643,1614.4963147971646
2025-12-23,2305.5614681428124,1740.6175650687665,1608.6402322602914
2025-12-24,2336.042214625446,1751.3727922627977,1606.9837033271058
2025-12-29,2346.3995323497375,1737.6964382715796,1605.3770152823727
2025-12-30,2369.407456191458,1753.262278251204,1607.6611067113197
2025-12-31,2334.062273043168,1736.6323375568518,1608.7175874399934
2026-01-02,2367.1887581342903,1745.4233835621262,1603.5334731762218
2026-01-05,2428.069427425571,1773.285484444166,1624.5130931652604
2026-01-06,2477.840421939512,1804.3663339401774,1614.2078358696915
2026-01-07,2467.987253682635,1804.4920818042897,1622.8568531597455
2026-01-08,2439.940315726866,1787.8293540281181,1620.218353700481
2026-01-09,2489.76131693617,1819.293260701523,1633.2396097948535
2026-01-12,2561.799648532975,1850.9724687834125,1644.9922090508182
2026-01-13,2579.596989836071,1861.0764871967217,1633.5671560145497
2026-01-14,2623.054595776005,1873.9442867215207,1630.7894009772956
2026-01-15,2651.177373515965,1897.3052985868658,1639.925759652602
2026-01-16,2631.505553823793,1884.892996242819,1643.861691947087
2026-01-19,2666.4808507534553,1893.6518343482837,1624.5272286993707
2026-01-20,2686.620058222474,1902.6113665676303,1620.1195766358342
2026-01-21,2711.2853253946178,1920.0656271721118,1616.418687874016
2026-01-22,2722.978944433692,1937.2464492612307,1634.1500418120568
2026-01-23,2755.041851553093,1943.4149892511573,1623.8706251526921
2026-01-26,2860.6945215991936,1975.870513274769,1614.989152635047
2026-01-27,2869.5431371604664,1989.542276685489,1624.2181244781714
2026-01-28,2909.403091217091,2009.0720065702374,1601.2195421091938
2026-01-29,2914.877194646109,2000.0752403610081,1589.7541341886974
2026-01-30,2756.830014535068,1939.1540637678493,1594.922177517367
2026-02-02,2591.2397719508294,1876.6548938497824,1617.7365354677534
2026-02-03,2691.0106957731496,1928.5331705764802,1612.0395879550406
2026-02-04,2677.807722676855,1909.292255557099,1602.900884162852
2026-02-05,2560.0854742063075,1866.0183365322366,1593.0075973341213
2026-02-06,2567.6237480271366,1882.9216842578041,1626.1687681809328
2026-02-09,2660.885772899099,1928.8582446827647,1635.3072653974768
2026-02-10,2667.747236089488,1924.8098667113018,1630.7526152767277
2026-02-11,2719.8799509528853,1949.1381563661762,1632.5998566505414
2026-02-12,2677.742946249291,1923.1161329660015,1617.4924691021122
2026-02-13,2643.87589913493,1912.283038776076,1616.9648477001742
2026-02-16,2652.007455878803,1916.3430593139492,1607.6515616351417
2026-02-17,2632.396260133899,1908.9217821959885,1610.7486859390694
2026-02-18,2686.4960822079465,1945.0462168816593,1634.457871541806
2026-02-19,2711.2281082962536,1953.6512877001649,1634.3234891731981
2026-02-20,2759.662298462025,1978.426041882797,1644.0601709784482
2026-02-23,2821.6286920736943,2003.965123744862,1627.1155780854965
2026-02-24,2860.19933127888,2016.4198167714774,1636.150040685911
2026-02-25,2941.077205233503,2053.362852490505,1650.7747858699267
2026-02-26,2906.0510305799107,2035.4763242196275,1638.7684649411187
2026-02-27,2937.5030506898797,2053.188519908653,1644.5288515165973
2026-03-02,2912.620212786914,2039.3091548107159,1640.0206318296173
2026-03-03,2656.1281335129897,1918.7656933590572,1607.2538970793541
2026-03-04,2725.8436910764963,1961.1516403876,1639.3518450029412
2026-03-05,2629.7221055649006,1905.8644614833051,1619.358412055434
2026-03-06,2603.751562828758,1899.769743061266,1606.7280166770456
2026-03-09,2579.734688572082,1884.9240404094853,1605.8288153846847
2026-03-10,2719.3840172047076,1952.297601216269,1620.6691990482539
2026-03-11,2662.33775980959,1927.4428573741388,1605.1326425556526
2026-03-12,2630.673705229927,1902.1649827288827,1594.1560609590836
2026-03-13,2574.707692612307,1881.2913050194002,1583.3055927543712
2026-03-16,2552.1698696099143,1879.4575177108788,1606.3134313329326
2026-03-17,2583.9542016848873,1899.2404314136586,1608.570725185775
2026-03-18,2546.8429563409672,1879.3343262607204,1590.5144160575437
2026-03-19,2408.086569001749,1800.9981859359011,1577.6734370023808
2026-03-20,2392.737840071143,1786.8207056308404,1547.4732324036738
2026-03-23,2379.4302548187643,1781.6617438123053,1568.1932341534489
2026-03-24,2402.1964904485476,1788.8212502330632,1557.8559589565366
2026-03-25,2470.5090124561384,1837.9527489824636,1569.6147649177658
2026-03-26,2346.0313399477755,1779.9272529009158,1554.4143781332778
2026-03-27,2354.927716217207,1780.6188234081233,1534.2565400142425
2026-03-30,2261.034245105964,1764.4070141099462,1553.8505587342363
2026-03-31,2279.085695034828,1785.3186655061015,1552.6934590224691
2026-04-01,2413.5136315368363,1857.6081594315604,1590.8548258080348
2026-04-02,2349.6756711623284,1833.233955553828,1592.3084873556402
2026-04-07,2339.768786386229,1822.78439415496,1566.265178547092
2026-04-08,2478.2364273268126,1913.6374654767333,1622.56094662156
2026-04-09,2475.4150758410933,1917.372763581314,1622.889823532882
2026-04-10,2518.9784871906095,1939.156134628034,1630.6413668263172
2026-04-13,2497.3137212669003,1926.4133352321223,1616.3138101590835
2026-04-14,2561.9950082506753,1969.370371223366,1639.7230266556035
2026-04-15,2563.930357582957,1969.749370201418,1646.7382856322602
2026-04-16,2613.8643726871555,1984.7207962095426,1658.882358724213
2026-04-17,2680.126008685867,2026.2181163519592,1683.193318070223
2026-04-20,2644.6641288910796,2005.9170598178698,1672.1754892333702
2026-04-21,2628.811488310303,1995.709087304005,1668.240580025011
2026-04-22,2672.8400623798734,2014.4643676206695,1672.9394828171512
2026-04-23,2686.837193290736,2015.4253621236367,1680.2306767753348
2026-04-24,2689.5234024914953,2017.3772007326882,1676.6722480783224
2026-04-27,2674.8738765818057,2008.2158097708127,1669.973305640113
2026-04-28,2612.9980731536816,1978.2289335163416,1663.3606679028867
2026-04-29,2632.1153489249127,1985.1737533513017,1666.4379300394985
2026-04-30,2673.8355920450026,2004.7790327859445,1667.648133788676
2026-05-01,2690.4678789668765,2020.7099069069352,1684.897968560543
2026-05-05,2729.4635790524003,2058.142161324842,1685.0963265212677
2026-05-06,2765.770179816946,2116.7201661788367,1708.9849991665365
2026-05-07,2775.7312210608366,2124.728431034826,1716.3413441345438
2026-05-08,2775.88600267428,2126.8530326079463,1715.3661278897316
2026-05-11,2844.738670956616,2162.3937925980813,1715.739605144157
2026-05-12,2749.6362128317655,2089.8069046732753,1705.399965767656
2026-05-13,2814.670352045715,2143.636739125297,1723.11803243136
2026-05-14,2787.059412479163,2145.2915225152424,1757.6339200348702
2026-05-15,2716.929571616438,2089.152768558639,1735.5461660206765
2026-05-18,2675.3572525884997,2056.8911178363396,1724.3887775085732
2026-05-19,2605.9860901468987,2011.4702477603248,1720.3864154557482
2026-05-20,2631.4886936833427,2062.486117495603,1736.3112213883953
2026-05-21,2657.601313086798,2073.2209555519426,1731.9460964172843
2026-05-22,2669.443637692476,2103.271222577692,1752.4899800386918
2026-05-26,2738.332610308592,2169.9269625263614,1756.769599458587
2026-05-27,2712.0179165924164,2172.1702716556047,1760.496891396167
2026-05-28,2735.42448430737,2190.385774481455,1763.9643745487606
2026-05-29,2743.768862841669,2196.5230679772912,1770.7243087761321
2026-06-01,2790.81649317141,2207.8838393851915,1765.735222396022
2026-06-02,2825.8308133479486,2241.939603274878,1776.1937291861154
2026-06-03,2862.3990802158132,2219.9803464854444,1770.3023493987978
2026-06-04,2778.283715590769,2187.433516117718,1772.1672998483782
2026-06-05,2659.0353154534405,2089.4244944380575,1751.6151043913537
2026-06-08,2691.2179476861675,2087.738523459454,1753.3858823385056
2026-06-09,2600.864795096343,2037.737872219722,1725.5523099243246
2026-06-10,2607.0903648940975,2007.9348657500475,1725.6308855878588
2026-06-11,2658.585226771679,2044.7408816587874,1715.1483832461072
2026-06-12,2669.8858013943955,2122.6537413722435,1752.1048244414908
2026-06-15,2683.993046914058,2194.353983747302,1775.4684899320494
2026-06-16,2631.6722130851103,2183.57862574092,1772.8586975616668
2026-06-17,2667.0960813555494,2217.433568592023,1788.7994899245552
2026-06-18,2703.7363645577852,2242.6778923661045,1790.6022450015605
2026-06-19,2732.4445345888325,2225.9111511927495,1791.1030096568027
2026-06-22,2713.546331193723,2253.2286540080486,1784.004454884486
2026-06-23,2582.6799193462266,2158.079535082503,1766.0763295576169
2026-06-24,2549.5912500158374,2136.656216317672,1777.2271500767245
2026-06-25,2584.049386103532,2145.2162177962873,1769.5875739479334
2026-06-26,2517.2260791161298,2121.8924812069235,1768.209285205503
