ticker,strategy,lev,is_fx,confluence,entry_date,exit_date,held_days,notional,pnl,return_pct,reason
SSLN.L,streak,False,False,2,2021-07-01,2021-07-08,5,300.0,-2.5262320276949026,-0.842077342564973,time
ISP6.L,bounce,False,False,2,2021-07-07,2021-07-12,3,300.31284106051953,-0.45138315499804094,-0.15030431379625675,time
IKOR.L,streak,False,False,2,2021-07-09,2021-07-16,5,299.122763446618,4.1127370308337845,1.3749328146895667,time
X7PP.L,streak,False,False,2,2021-07-09,2021-07-16,5,299.3775024273045,-2.062101824188005,-0.6887965219392944,time
X7PP.L,bounce,False,False,2,2021-07-20,2021-07-21,1,300.87388613390704,7.575204697369827,2.5177341891341243,take_profit
SPOG.L,bounce,False,False,2,2021-07-20,2021-07-22,2,299.7219060071858,14.055174746993544,4.6894052337491,take_profit
IBTL.L,breakout,False,False,2,2021-07-20,2021-08-03,10,301.4019880183802,-6.152601750101894,-2.041327527583092,time
IASH.L,cross,False,False,2,2021-08-11,2021-09-09,20,304.3652393154643,1.0904947218847951,0.3582849093862972,time
LTAM.L,streak,False,False,2,2021-09-06,2021-09-13,5,304.1619188958357,-4.746741405554985,-1.5605968764224487,time
SPOG.L,bounce,False,False,2,2021-09-21,2021-09-23,2,303.2683653103632,13.345747173701909,4.400639400698436,take_profit
IUFS.L,bounce,False,True,2,2021-09-21,2021-09-24,3,301.3370557783039,8.79006435956876,2.917020721817787,take_profit
NGAS.L,bounce,False,True,2,2021-09-22,2021-09-24,2,306.4123351193252,13.738007634033806,4.483503455787408,take_profit
AIAG.L,bounce,False,False,2,2021-09-29,2021-10-04,3,272.1370278963681,-9.275638863619065,-3.408444244181019,time
IUIT.L,streak,False,True,2,2021-09-29,2021-10-06,5,313.844978735443,-10.001331138214653,-3.1867105787425465,time
NGAS.L,bounce,False,True,2,2021-10-12,2021-10-14,2,269.8614338564708,20.15175886218941,7.467446746357753,take_profit
IUFS.L,range,False,True,2,2021-10-05,2021-10-18,9,308.20741887765274,11.62444615831555,3.771630871393805,take_profit
ISPY.L,range,False,False,2,2021-10-19,2021-11-02,10,202.17224793675715,1.6928584703113643,0.837334741829121,time
MIDD.L,cross,False,False,2,2021-10-08,2021-11-05,20,265.192693628359,9.466953046573451,3.569839318363899,time
IASH.L,cross,False,False,2,2021-10-14,2021-11-11,20,291.28843407204954,10.27115904824683,3.526112899390399,time
NGAS.L,bounce,False,True,2,2021-11-10,2021-11-15,3,155.37844060329965,-0.11053838420622242,-0.07114139115892426,time
CPXJ.L,cross,False,True,2,2021-10-20,2021-11-17,20,297.91381340542847,-1.616824677109264,-0.5427155789211269,time
SPOG.L,bounce,False,False,2,2021-11-22,2021-11-24,2,322.64894934552956,16.440329335177182,5.0954231738628675,take_profit
KLWD.L,bounce,False,False,2,2021-11-23,2021-11-26,3,237.06698515665695,-1.935217821491733,-0.816316882004009,time
CNKY.L,cross,False,False,2,2021-11-05,2021-11-30,17,322.912894691115,-17.314862055124934,-5.362084431991365,stop
BRNT.L,bounce,False,True,2,2021-12-01,2021-12-02,1,321.4853360325175,-16.92900498011585,-5.265871591232862,stop
AIAG.L,bounce,False,False,2,2021-12-03,2021-12-08,3,269.1560777271853,5.0308547891216335,1.8691217495823587,time
IBTL.L,bounce,False,False,2,2021-12-09,2021-12-14,3,309.48393442159244,1.1972814350195335,0.3868638406892444,time
IUMF.L,bounce,False,False,2,2021-12-15,2021-12-16,1,200.1379914484408,5.074630521573852,2.535565828780273,take_profit
AIAG.L,bounce,False,False,2,2021-12-15,2021-12-16,1,268.57597547997545,10.092763018120763,3.7578800561308023,take_profit
SAUS.L,bounce,False,False,2,2022-01-07,2022-01-12,3,322.9459522596157,3.6089729323555844,1.11751607570989,time
IUFS.L,range,False,True,2,2022-01-10,2022-01-20,8,108.28673651017426,-5.9476803844387405,-5.49252898011191,stop
IUIT.L,range,False,True,2,2022-01-07,2022-01-21,10,322.16849879588733,-23.194386438883214,-7.199458210710485,stop
IDVY.L,cross,False,False,2,2022-01-05,2022-01-24,13,323.16336017052197,-16.92472279544745,-5.237203495630471,stop
NDIA.L,bounce,False,True,2,2022-01-25,2022-01-28,3,309.76667128596324,-0.9026325220675631,-0.2913911036072303,time
NGAS.L,breakout,False,True,2,2022-01-31,2022-02-01,1,90.60111113179146,-16.001568063051636,-17.66155830006898,stop
SPOG.L,bounce,False,False,2,2022-02-09,2022-02-14,3,305.24797257200333,16.111705178337218,5.278234951924765,take_profit
BRNT.L,bounce,False,True,2,2022-02-09,2022-02-14,3,306.16538312422125,10.24920310997993,3.347603509382213,take_profit
LTAM.L,breakout,False,False,2,2022-02-01,2022-02-15,10,280.6902695636319,9.413964171396515,3.3538619582473173,time
IUFS.L,bounce,False,True,3,2022-02-15,2022-02-18,3,316.450382069333,-6.379038609548218,-2.0158100514318877,time
BRNT.L,breakout,False,True,2,2022-02-17,2022-02-22,3,273.40809437781,16.307121355688253,5.964388652354313,take_profit
IBZL.L,breakout,False,False,2,2022-02-11,2022-02-23,8,124.03751336874285,7.229207471563541,5.82824282366281,take_profit
SPGP.L,breakout,False,False,2,2022-02-15,2022-02-24,7,160.9058334403947,12.681962668900042,7.881605282879867,take_profit
IBZL.L,breakout,False,False,2,2022-02-24,2022-03-01,3,207.6400373151964,-16.691007243998826,-8.03843394550251,stop
SPGP.L,breakout,False,False,2,2022-03-02,2022-03-07,3,161.81645807962582,12.926568790366503,7.9884141228734995,take_profit
IBTL.L,breakout,False,False,2,2022-03-07,2022-03-14,5,323.13141258938344,-16.923049635611278,-5.23720349563046,stop
COPA.L,streak,False,True,2,2022-03-10,2022-03-15,3,318.43554277256106,16.663427435823053,5.232904370767644,take_profit
BRNT.L,bounce,False,True,2,2022-03-15,2022-03-17,2,322.42564964630515,9.441722121767782,2.9283408848288506,take_profit
CRUD.L,bounce,False,True,2,2022-03-15,2022-03-17,2,323.360227758567,12.471416405265927,3.856818289532371,take_profit
VUSA.L,cross,False,False,2,2022-03-17,2022-03-29,8,216.58533570155868,11.842469582645435,5.467807663102198,take_profit
SPGP.L,range,False,False,2,2022-03-23,2022-04-06,10,173.5004927647256,2.403958854745497,1.3855631280571545,time
EQQQ.L,range,False,False,2,2022-04-04,2022-04-12,6,302.37391371648806,-17.585700941822836,-5.8158789975221055,stop
INRG.L,breakout,False,False,2,2022-03-30,2022-04-13,10,301.93972655335494,-6.522826667436561,-2.1603075361744217,time
SPGP.L,breakout,False,False,2,2022-04-13,2022-04-25,6,168.3929556153287,-16.691442756187087,-9.912197749124651,stop
LTAM.L,bounce,False,False,2,2022-04-26,2022-04-28,2,321.22685344286117,-16.823303997413234,-5.23720349563045,stop
IUHC.L,cross,False,True,2,2022-05-30,2022-06-13,8,216.62308433663705,-10.172881051671055,-4.696120490954769,stop
INRG.L,breakout,False,False,2,2022-06-07,2022-06-13,4,273.1478365139727,-16.346227451366644,-5.9843884029923355,stop
SPOG.L,bounce,False,False,2,2022-06-14,2022-06-16,2,308.1265028645321,-16.137211978985192,-5.237203495630471,stop
LTAM.L,streak,False,False,2,2022-06-14,2022-06-16,2,308.1252318472147,-16.137145413221788,-5.23720349563046,stop
SPOG.L,bounce,False,False,2,2022-06-16,2022-06-17,1,295.7928852534232,-21.8970149920562,-7.402820041900515,stop
IUES.L,bounce,False,True,2,2022-06-16,2022-06-17,1,281.7925637609811,-15.495823490010878,-5.49901788861773,stop
BRNT.L,range,False,True,2,2022-06-15,2022-06-20,3,224.68048364420784,-17.342220448362497,-7.718614526317613,stop
BRNT.L,bounce,False,True,2,2022-06-20,2022-06-21,1,276.5832297165078,13.389287606290566,4.840961478399941,take_profit
CRUD.L,bounce,False,True,2,2022-06-20,2022-06-21,1,258.30665466753567,16.90998423027844,6.546476416584435,take_profit
FXC.L,breakout,False,False,2,2022-06-16,2022-06-24,6,191.7872019835758,6.502962940335493,3.3907178753733502,take_profit
IASH.L,cross,False,False,3,2022-06-24,2022-07-01,5,262.2092289724408,9.512786942932905,3.627937498696032,take_profit
CRUD.L,bounce,False,True,2,2022-07-01,2022-07-05,2,263.51626155951294,-11.353515375684395,-4.3084685963944995,stop
BRNT.L,bounce,False,True,2,2022-07-06,2022-07-11,3,278.577904933333,4.259322784948154,1.5289521205809509,time
CRUD.L,bounce,False,True,2,2022-07-06,2022-07-11,3,256.97751297577014,7.327503321925292,2.851418101558245,time
SPOG.L,bounce,False,False,2,2022-07-06,2022-07-11,3,231.26332320286954,2.269719953675633,0.9814439757421356,time
INRG.L,range,False,False,2,2022-07-04,2022-07-18,10,150.92510280785015,2.2181112014218343,1.4696767868005445,time
BRNT.L,bounce,False,True,2,2022-07-15,2022-07-18,1,272.2668385209508,11.043771406263886,4.056230816157247,take_profit
CRUD.L,bounce,False,True,2,2022-07-15,2022-07-18,1,254.88227600449548,14.743094339919054,5.7842760081360245,take_profit
IUHC.L,cross,False,True,2,2022-07-11,2022-08-08,20,188.59697273556677,-1.2028472443122382,-0.6377871430623405,time
NGAS.L,streak,False,True,2,2022-08-01,2022-08-08,5,146.47018314776724,-3.4558604123437817,-2.3594292968537656,time
VUSA.L,cross,False,False,2,2022-07-29,2022-08-16,12,217.51215324222193,13.459491148853743,6.187926029983815,take_profit
BRNT.L,streak,False,True,2,2022-08-17,2022-08-24,5,230.62518692448907,21.290137489507742,9.231488448171321,take_profit
CSCA.L,cross,False,False,2,2022-08-09,2022-08-25,12,303.94805801789335,12.61867056440235,4.151587822831071,take_profit
ISF.L,cross,False,False,2,2022-08-01,2022-08-30,20,302.5309367425147,-0.2568981829173822,-0.08491633473373117,time
EQQQ.L,cross,False,False,2,2022-08-04,2022-09-02,20,157.73164362124038,-2.8156253258226513,-1.7850732175109907,time
NGAS.L,bounce,False,True,2,2022-08-31,2022-09-05,3,144.98175012000618,-4.584034921517059,-3.1618013423915126,time
IWFV.L,cross,False,False,2,2022-08-09,2022-09-07,20,26.460390208784645,-0.32548363307073913,-1.2300787346767095,time
SPOG.L,bounce,False,False,2,2022-09-07,2022-09-12,3,251.13534775739453,2.2845049186031474,0.9096707966455009,time
SPOG.L,bounce,False,False,2,2022-09-26,2022-09-29,3,248.46821794098753,0.027936324234019594,0.011243419567108504,time
INRG.L,streak,False,False,2,2022-09-30,2022-10-07,5,190.8244009721741,13.162863251190629,6.897893133231969,take_profit
INRG.L,streak,False,False,2,2022-10-12,2022-10-13,1,194.02274189317933,-16.38186531409562,-8.443270698192062,stop
BRNT.L,range,False,True,2,2022-10-25,2022-11-04,8,202.07845925748103,18.701082056274544,9.25436690530499,take_profit
SPOG.L,bounce,False,False,2,2022-11-11,2022-11-16,3,248.8704334064564,-3.4424110851676346,-1.3832141641130447,time
IUVF.L,cross,False,False,2,2022-10-25,2022-11-22,20,207.62956520069156,3.895296465173743,1.876079864352942,time
NGAS.L,breakout,False,True,2,2022-11-08,2022-11-22,10,81.39780624587289,3.614188091491471,4.440154173902844,time
SPOG.L,bounce,False,False,2,2022-11-18,2022-11-23,3,245.42802232128878,-4.108650958108086,-1.6740757307368348,time
CSCA.L,cross,False,False,2,2022-11-02,2022-11-30,20,318.27090735292444,1.0024199831344731,0.31495809386778983,time
NGAS.L,breakout,False,True,2,2022-11-23,2022-12-05,8,80.66433846115456,-21.28355703552272,-26.385336372370084,stop
ISF.L,cross,False,False,2,2022-11-11,2022-12-09,20,208.20513803357727,1.4820795819078683,0.7118362187915173,time
SPGP.L,breakout,False,False,2,2022-12-02,2022-12-16,10,160.6908043342248,-7.067260721303057,-4.39804925402183,time
IUUS.L,cross,False,True,2,2022-12-02,2023-01-04,20,182.32293841040462,4.989893815427138,2.736843679095946,time
IDVY.L,breakout,False,False,2,2022-12-22,2023-01-04,6,136.91386811068685,4.125193902830517,3.012984703270183,take_profit
SPGP.L,breakout,False,False,2,2022-12-22,2023-01-06,8,158.08324389984043,12.941596573435191,8.186570729554887,take_profit
EIMI.L,breakout,False,True,2,2023-01-05,2023-01-09,2,318.81470347277053,8.881759652033338,2.785868893525456,take_profit
SPOL.L,breakout,False,False,2,2023-01-09,2023-01-13,4,280.4024120738156,10.408423897283797,3.711959472924864,take_profit
COPA.L,breakout,False,True,2,2023-01-09,2023-01-18,7,261.69473778025633,15.361808560781355,5.870125127881098,take_profit
FXC.L,cross,False,False,2,2023-01-04,2023-01-23,13,210.900423944429,12.60200238934982,5.975332886324769,take_profit
BATG.L,bounce,False,False,2,2023-01-20,2023-01-25,3,163.01511802561026,6.788953562700584,4.164615923312098,take_profit
IDVY.L,breakout,False,False,2,2023-01-17,2023-01-31,10,140.6591368152904,-1.3801315830751832,-0.9811887192849311,time
SPOL.L,range,False,False,2,2023-01-18,2023-02-01,10,264.1931274712364,-3.7115565218998086,-1.4048649022120774,time
MIDD.L,cross,False,False,2,2023-01-06,2023-02-03,20,246.46436071092435,11.896281346580082,4.826775486835233,time
IUVF.L,cross,False,False,2,2023-01-09,2023-02-06,20,68.67531819954883,2.450919506721462,3.568850601608964,time
ITWN.L,cross,False,False,2,2023-01-24,2023-02-21,20,223.50242633377883,-2.5432303216611274,-1.1378983053468295,time
HIDR.L,breakout,False,False,2,2023-02-08,2023-02-22,10,340.0724268645519,-7.893318973882401,-2.321069969317524,time
VUSA.L,cross,False,False,2,2023-01-30,2023-02-27,20,169.80407158831085,2.0949164305640693,1.2337256762860127,time
ISP6.L,bounce,False,False,2,2023-02-22,2023-02-27,3,332.72604750351326,3.8051524594030752,1.1436292673668413,time
IUVF.L,streak,False,False,2,2023-02-22,2023-03-01,5,333.25030438646525,-2.6854965856811077,-0.8058497022606748,time
ISPY.L,cross,False,False,2,2023-02-16,2023-03-16,20,132.9286630034333,-9.650062966380943,-7.259580250296882,time
BATG.L,bounce,False,False,2,2023-03-13,2023-03-16,3,243.0334635037939,-11.285030472909114,-4.643406019160379,time
IUQF.L,bounce,False,False,2,2023-03-13,2023-03-16,3,328.5800954328025,0.7711401094201165,0.23468862543374325,time
BATG.L,bounce,False,False,2,2023-03-16,2023-03-21,3,241.40902956696257,-0.44798299552488174,-0.18557010743486257,time
AIAG.L,bounce,False,False,2,2023-04-06,2023-04-13,3,281.2815498928454,1.4717154213936396,0.5232179010512095,time
HIDR.L,breakout,False,False,2,2023-03-30,2023-04-14,9,328.41601216522906,11.7091324983233,3.565335447905116,take_profit
FDN.L,streak,False,False,2,2023-04-06,2023-04-17,5,328.7629716015241,4.617359369663518,1.4044645439146297,time
LTAM.L,breakout,False,False,2,2023-04-13,2023-04-27,10,242.52702733766242,-8.883886416216,-3.6630500582713443,time
MINV.L,cross,False,False,2,2023-04-11,2023-05-11,20,156.2595068911652,0.251415530872265,0.16089615017624848,time
VUSA.L,cross,False,False,2,2023-04-17,2023-05-17,20,237.77500081187972,-2.561333622216665,-1.077208963714027,time
SSLN.L,streak,False,False,2,2023-05-12,2023-05-19,5,330.3758959855534,-3.5312441479187555,-1.0688564725294558,time
IUIT.L,streak,False,True,2,2023-06-09,2023-06-13,2,329.6727643468158,10.263289599314987,3.113174853752243,take_profit
AIAG.L,breakout,False,False,2,2023-06-02,2023-06-16,10,208.86617156880487,7.762981155568411,3.716724971430385,time
IBZL.L,breakout,False,False,2,2023-06-05,2023-06-19,10,210.34579449320077,10.448417327965018,4.967257535687386,time
FDN.L,streak,False,False,2,2023-06-12,2023-06-19,5,335.78523072576513,2.4976723082389753,0.7438303057107465,time
IFFF.L,breakout,False,False,2,2023-06-13,2023-06-23,8,339.2824327380141,-17.768911427415333,-5.23720349563046,stop
COPA.L,breakout,False,True,2,2023-06-14,2023-06-28,10,13.261684822787712,-0.308069479883212,-2.3230040828134624,time
X7PP.L,bounce,False,False,2,2023-07-07,2023-07-12,3,333.6241664866666,9.306057467171343,2.789383504549958,time
LTAM.L,streak,False,False,2,2023-07-07,2023-07-14,5,324.5119837870986,1.2184048724884065,0.3754575896610879,time
IUFS.L,cross,False,True,2,2023-06-19,2023-07-17,20,236.49794607816577,2.509547774534866,1.0611287819410675,time
IBZL.L,range,False,False,2,2023-07-18,2023-07-21,3,157.94822274241457,7.454299906836098,4.719457919442838,take_profit
BRNT.L,breakout,False,True,2,2023-07-20,2023-08-02,9,201.5009566394363,16.91732374395363,8.395654306607248,take_profit
IKOR.L,range,False,False,2,2023-07-25,2023-08-08,10,165.40252264925067,-10.002920911770133,-6.047622945257092,time
CNKY.L,bounce,False,False,2,2023-08-03,2023-08-08,3,218.41828038338994,0.6856274024780191,0.3139056864995604,time
MIDD.L,cross,False,False,2,2023-07-20,2023-08-17,20,258.03648958753007,-12.775217884549107,-4.950934615863911,time
ISF.L,cross,False,False,2,2023-07-20,2023-08-17,20,337.4047788326976,-11.196862418265482,-3.3185251427092166,time
ISP6.L,cross,False,False,2,2023-07-20,2023-08-17,20,167.6589812130881,-7.128168028469503,-4.251587345273123,time
CRUD.L,bounce,False,True,2,2023-08-16,2023-08-21,3,255.3356173819099,1.328932321097227,0.5204649217071422,time
AIAG.L,streak,False,False,2,2023-08-18,2023-08-24,4,262.1062637819417,16.26857097842708,6.206860814269466,take_profit
BATG.L,cross,False,False,2,2023-08-10,2023-09-08,20,109.09621366395052,-4.299066494974227,-3.9406193401144596,time
SPOL.L,bounce,False,False,2,2023-09-07,2023-09-12,3,334.9984124308083,-9.008620836088483,-2.68915329201721,time
CSCA.L,cross,False,False,2,2023-09-04,2023-10-02,20,312.6264400721041,-6.676160714988839,-2.1355073849316897,time
HIDR.L,breakout,False,False,2,2023-09-21,2023-10-05,10,128.38880737841538,-3.394827121651545,-2.6441768491902717,time
CRUD.L,bounce,False,True,2,2023-10-03,2023-10-05,2,247.40065539018894,-19.317586824519367,-7.808219745437839,stop
MINV.L,cross,False,False,2,2023-09-08,2023-10-06,20,333.2579236701899,-3.494136796186922,-1.0484782350276278,time
ISF.L,cross,False,False,2,2023-09-15,2023-10-13,20,336.13657687886825,-4.679393131488212,-1.392110663748003,time
SPOL.L,breakout,False,False,2,2023-10-11,2023-10-16,3,293.10543930524057,25.307238149579632,8.634175540913326,take_profit
AIAG.L,streak,False,False,2,2023-10-23,2023-10-30,5,276.5492287377513,-7.519842236734064,-2.7191694842385705,time
FDN.L,streak,False,False,2,2023-10-23,2023-10-30,5,328.01172071442085,-12.66449859471669,-3.8609896521785814,time
SPGP.L,breakout,False,False,2,2023-10-23,2023-11-06,10,150.44817703694267,-3.4462787660447702,-2.290674991162267,time
IBZL.L,cross,False,False,2,2023-10-16,2023-11-13,20,165.34222889853257,7.41656553913586,4.485584589335168,time
ISPY.L,cross,False,False,2,2023-11-01,2023-11-29,20,129.64659144115126,11.220818937517123,8.65492784097639,time
LTAM.L,cross,False,False,2,2023-11-03,2023-12-01,20,195.2714179458781,4.266410149089552,2.1848615603703214,time
ITPS.L,cross,False,False,2,2023-11-03,2023-12-01,20,324.3682733592651,-6.388514644651536,-1.9695251260210989,time
IUFS.L,cross,False,True,2,2023-11-06,2023-12-01,19,259.1348057094376,9.442034744713112,3.643676780069538,take_profit
ITWN.L,cross,False,False,2,2023-11-13,2023-12-11,20,172.75879443766843,4.716480977274756,2.7300960235494554,time
SPGP.L,breakout,False,False,2,2023-11-29,2023-12-13,10,140.86741037866838,-8.404483698719218,-5.966237099217597,time
ISP6.L,cross,False,False,2,2023-12-05,2023-12-14,7,196.19136815420552,10.99072250216986,5.6020418255767535,take_profit
IAPD.L,cross,False,False,2,2023-12-07,2023-12-20,9,285.1965876554203,8.577695136797388,3.007642976135849,take_profit
IUKD.L,cross,False,False,2,2023-12-04,2024-01-04,20,250.28073240606489,6.014564231439408,2.4031271499082685,time
IBTL.L,breakout,False,False,2,2023-12-22,2024-01-10,10,293.77428279221766,-9.071282316657346,-3.0878408519759093,time
IKOR.L,streak,False,False,2,2024-01-04,2024-01-11,5,256.2952966375043,-11.004834612275374,-4.29381059920122,time
ITPS.L,cross,False,False,2,2023-12-15,2024-01-17,20,334.0194683955548,-1.1053187939044165,-0.33091448208505403,time
IUCS.L,cross,False,True,2,2023-12-19,2024-01-19,20,237.17027355864855,-0.06264828204402306,-0.026414896396587118,time
IUMF.L,bounce,False,False,2,2024-02-01,2024-02-02,1,174.83417578786768,4.963920934296652,2.8392165959128857,take_profit
KLWD.L,bounce,False,False,2,2024-02-01,2024-02-06,3,280.34723438266496,1.8845470282219026,0.6722188761275838,time
IUIT.L,range,False,True,2,2024-02-01,2024-02-15,10,269.8753983458076,11.273151174943848,4.177168887583771,time
IBTL.L,breakout,False,False,2,2024-02-02,2024-02-16,10,312.7370489719116,-13.144774980711475,-4.203139674024381,time
ISPY.L,streak,False,False,2,2024-02-20,2024-02-21,1,330.6550424440739,-17.3170774413594,-5.23720349563045,stop
KLWD.L,bounce,False,False,2,2024-02-21,2024-02-26,3,286.1364255155275,-0.06160725009760881,-0.02153072611661422,time
AIAG.L,streak,False,False,2,2024-02-21,2024-02-28,5,102.33620680205996,1.8344861405854829,1.7926071308601133,time
HIDR.L,breakout,False,False,2,2024-02-15,2024-02-29,10,332.0496704926949,-6.859933109552912,-2.0659358280266216,time
CRUD.L,breakout,False,True,2,2024-02-20,2024-03-05,10,178.64827562915846,-1.498936556804125,-0.8390433949195475,time
IUES.L,cross,False,True,2,2024-02-16,2024-03-15,20,187.54888350555015,11.0241942359892,5.878037784033485,time
NDIA.L,bounce,False,True,2,2024-03-14,2024-03-19,3,325.8574727922688,-5.515467772230011,-1.6926012851471661,time
IFFF.L,breakout,False,False,2,2024-03-12,2024-03-26,10,322.368861694468,-1.8766212694196724,-0.5821347817390299,time
BATG.L,breakout,False,False,2,2024-03-22,2024-04-09,10,171.5263653427327,2.743395971547187,1.5994019147234306,time
CRUD.L,range,False,True,2,2024-03-25,2024-04-10,10,151.69121321885893,7.715707851465368,5.086456682453444,time
SPOG.L,bounce,False,False,2,2024-04-16,2024-04-19,3,240.33549078365573,-0.8853027005325771,-0.3683612011051274,time
CPXJ.L,cross,False,True,2,2024-04-19,2024-04-29,6,306.5187241889021,12.501540462521064,4.078556863239635,take_profit
BRNT.L,bounce,False,True,2,2024-05-02,2024-05-08,3,274.08683747149166,-1.4120018151433555,-0.5151658606335707,time
CRUD.L,bounce,False,True,2,2024-05-02,2024-05-08,3,247.45888559051687,-0.6655520158799391,-0.26895458382579784,time
SPOG.L,bounce,False,False,2,2024-05-02,2024-05-08,3,104.49487725425456,1.7283755773998308,1.654029003923685,time
KLWD.L,range,False,False,2,2024-04-24,2024-05-09,10,188.02631679382458,-4.685872972503148,-2.49213676702571,time
IASH.L,cross,False,False,2,2024-04-29,2024-05-29,20,289.81263909586806,-7.897799400440306,-2.7251397403091793,time
IBZL.L,cross,False,False,2,2024-05-08,2024-05-29,14,147.55559523233885,-16.822869858043617,-11.401038253788053,stop
FXC.L,streak,False,False,2,2024-05-23,2024-05-31,5,323.89998857326714,-16.963301523905784,-5.23720349563045,stop
ITWN.L,bounce,False,False,2,2024-06-03,2024-06-06,3,318.56598219056923,2.893032993788495,0.9081424745652322,time
IUIT.L,bounce,False,True,2,2024-06-03,2024-06-06,3,317.19391379432113,11.925431312950309,3.7596658682055084,take_profit
INRG.L,breakout,False,False,2,2024-05-23,2024-06-07,10,230.1255103566533,-1.7832159817388629,-0.7748884419529145,time
X7PP.L,bounce,False,False,2,2024-06-12,2024-06-17,3,320.4577599696418,-10.235331250891363,-3.1939720392044735,time
IBTL.L,breakout,False,False,2,2024-06-06,2024-06-20,10,254.89300414676262,-2.8562867792350346,-1.1205826494910198,time
ITWN.L,streak,False,False,2,2024-06-26,2024-07-03,5,316.873116051254,4.161160078555952,1.3131944200286405,time
BRNT.L,breakout,False,True,2,2024-06-24,2024-07-08,10,194.81212818923288,1.4261338299197917,0.7320559778159819,time
EMXG.L,streak,False,False,2,2024-08-06,2024-08-07,1,315.80176246008597,4.87282323438086,1.543000645855086,take_profit
NDIA.L,bounce,False,True,2,2024-08-06,2024-08-09,3,315.8030881550069,3.1370349796499113,0.9933515843613794,time
COPA.L,cross,False,True,2,2024-08-01,2024-08-30,20,232.0319699899591,-7.712563230407909,-3.32392266063235,time
IAPD.L,cross,False,False,2,2024-08-20,2024-08-30,7,146.58447240086127,4.338561714550451,2.959768960170539,take_profit
ITWN.L,bounce,False,False,2,2024-09-04,2024-09-06,2,119.59351953281612,3.7882735412214856,3.167624429835425,take_profit
IWFV.L,cross,False,False,2,2024-08-15,2024-09-13,20,319.4841890085486,2.007114527913984,0.6282359493728462,time
ISPY.L,cross,False,False,2,2024-08-16,2024-09-16,20,146.4774832626468,-1.135556067122053,-0.7752427484611468,time
IUVF.L,cross,False,False,2,2024-08-16,2024-09-16,20,224.53105207779834,-0.2581684736028933,-0.11498118911117405,time
IAPD.L,cross,False,False,2,2024-08-30,2024-09-26,19,255.64892134214676,7.564860818421096,2.9590818450184964,take_profit
IASH.L,cross,False,False,2,2024-09-27,2024-09-30,1,275.8107059830653,21.34353044446226,7.738470618240889,take_profit
INRG.L,breakout,False,False,2,2024-09-18,2024-10-02,10,199.8008370926342,-5.247881380353931,-2.6265562530755737,time
IUIT.L,range,False,True,2,2024-09-26,2024-10-10,10,264.92268396000276,8.62958051359334,3.2573958502157607,time
SPGP.L,range,False,False,2,2024-09-26,2024-10-10,10,162.0900191778979,-5.944697703297834,-3.6675285334955676,time
BATG.L,breakout,False,False,2,2024-10-08,2024-10-22,10,170.85652844729233,-6.734088436905097,-3.9413702818985374,time
IUES.L,cross,False,True,2,2024-10-02,2024-10-30,20,284.8514583033946,-2.781819143834525,-0.9765858880987799,time
URNP.L,breakout,False,False,2,2024-10-17,2024-10-31,10,125.71677381498876,-8.849483380693243,-7.0392224618463395,time
ITWN.L,bounce,False,False,2,2024-11-28,2024-12-03,3,322.1017993327951,10.359707936972427,3.2162837830870927,take_profit
BATG.L,breakout,False,False,2,2024-11-25,2024-12-09,10,162.95301597896832,-2.051683146334568,-1.2590642364050275,time
NATP.L,streak,False,False,2,2024-12-10,2024-12-17,5,325.62472691911137,1.4880448313180068,0.4569815214578776,time
KLWD.L,breakout,False,False,2,2024-12-05,2024-12-19,10,182.95380469269298,-8.976612894033849,-4.9064915097621675,time
CSX5.L,cross,False,True,2,2024-12-04,2025-01-06,20,161.81987278629845,2.6791241670172496,1.6556212292635708,time
BATG.L,breakout,False,False,2,2024-12-19,2025-01-06,9,162.93738308328992,9.57570703435772,5.876924529629179,take_profit
CRUD.L,breakout,False,True,2,2025-01-10,2025-01-14,2,181.29788382152958,14.291328361274964,7.8827882929639825,take_profit
NGAS.L,breakout,False,True,2,2024-12-31,2025-01-15,10,81.89092631701995,10.256330014655418,12.524379044084366,time
BRNT.L,streak,False,True,2,2025-01-23,2025-01-30,5,269.4978015863793,-9.967874703635687,-3.698684978118749,time
SPOG.L,bounce,False,False,2,2025-01-27,2025-01-30,3,54.369649753963415,-0.7687129970476363,-1.4138641696723409,time
CSX5.L,cross,False,True,2,2025-01-07,2025-02-04,20,166.63830452807142,9.052230117874643,5.4322624942152675,time
IUKD.L,cross,False,False,2,2025-01-17,2025-02-06,14,336.7782410057549,12.037379586062457,3.5742747364301275,take_profit
IUES.L,cross,False,True,2,2025-01-14,2025-02-11,20,285.905719347991,-1.1366720346926513,-0.3975688339795447,time
ISPY.L,bounce,False,False,2,2025-02-21,2025-02-24,1,336.047362172221,-17.599484198657535,-5.237203495630471,stop
MIDD.L,cross,False,False,2,2025-01-31,2025-02-28,20,262.2096906735667,-6.139792836428285,-2.3415583232855863,time
IUIT.L,bounce,False,True,2,2025-02-25,2025-02-28,3,329.63925413877257,-11.757331457954024,-3.566726750632798,time
KLWD.L,bounce,False,False,2,2025-02-25,2025-02-28,3,315.73066086008714,-10.229577229090921,-3.239969536447418,time
ISPY.L,bounce,False,False,2,2025-02-25,2025-02-28,3,196.73177463590355,-7.20620759298518,-3.6629607018601296,time
KLWD.L,bounce,False,False,2,2025-03-05,2025-03-07,2,294.04815508300226,-16.72884305543147,-5.689150829975231,stop
ISPY.L,bounce,False,False,2,2025-03-05,2025-03-10,3,319.42414364490264,-16.728892416858457,-5.23720349563045,stop
NGAS.L,streak,False,True,2,2025-03-10,2025-03-13,3,118.25886639580553,-16.171265496772648,-13.674463479675481,stop
CRUD.L,breakout,False,True,2,2025-03-27,2025-04-04,6,172.54706679650172,-18.418397732291254,-10.67441949274832,stop
BRNT.L,breakout,False,True,2,2025-03-27,2025-04-04,6,190.07354528388473,-18.774408996222576,-9.877444527160273,stop
NATP.L,streak,False,False,2,2025-04-07,2025-04-08,1,294.43027820170425,30.602331339366117,10.393744667252424,take_profit
SPGP.L,bounce,False,False,2,2025-04-07,2025-04-08,1,235.24990738837568,10.256019608868115,4.3596274798682,take_profit
NATP.L,streak,False,False,2,2025-04-23,2025-04-28,3,306.68778348617457,10.700841030436152,3.489164422787816,take_profit
EIMI.L,cross,False,True,2,2025-04-29,2025-05-01,2,304.6728142072572,-13.929362456528168,-4.571908554680748,stop
SPOL.L,bounce,False,False,2,2025-05-07,2025-05-09,2,259.56773389748696,9.793464046542738,3.772989770142443,take_profit
INRG.L,breakout,False,False,2,2025-05-02,2025-05-14,7,189.6108884985447,16.503383102205788,8.70381613254898,take_profit
IWFM.L,range,False,False,2,2025-05-16,2025-06-02,10,281.8883768317434,-2.079247001569911,-0.7376135990207922,time
FDN.L,cross,False,False,2,2025-05-02,2025-06-03,20,122.2411871246912,7.066316582624481,5.780634783443772,time
URNP.L,breakout,False,False,2,2025-06-10,2025-06-18,6,113.20668289288311,-15.991696310899357,-14.126106252959293,stop
IKOR.L,range,False,False,2,2025-06-19,2025-06-24,3,284.4846067610069,14.157515585967758,4.976548906163258,take_profit
IAPD.L,breakout,False,False,2,2025-06-11,2025-06-25,10,313.9344919047835,-10.419839457193063,-3.3191126575392027,time
URNP.L,breakout,False,False,2,2025-06-30,2025-07-14,10,104.74228903568304,-0.9178855755464639,-0.8763275884048793,time
VUSA.L,breakout,False,False,2,2025-06-30,2025-07-14,10,307.73237758795466,8.888776514549022,2.888476209172519,time
IAPD.L,breakout,False,False,2,2025-07-03,2025-07-15,8,292.7799558248188,7.236062757645129,2.4715021003605564,take_profit
IUES.L,cross,False,True,2,2025-06-18,2025-07-16,20,197.8999652313852,-4.766596021936266,-2.408588610090534,time
INRG.L,breakout,False,False,2,2025-07-03,2025-07-17,10,134.18440740568354,1.657455343865621,1.2352071122947894,time
COPA.L,streak,False,True,2,2025-07-29,2025-07-31,2,317.3468853894705,-67.56650270720095,-21.291055881729726,stop
IASH.L,cross,False,False,2,2025-07-18,2025-08-15,20,253.18762767193272,8.841038054286116,3.491891817771542,take_profit
SAUS.L,cross,False,False,2,2025-07-25,2025-08-22,20,302.35781148139614,7.314568796858225,2.419176392705258,time
ISP6.L,cross,False,False,2,2025-08-26,2025-09-23,20,189.29985058725444,4.617745061822092,2.439381250168293,time
AIAG.L,breakout,False,False,2,2025-09-18,2025-10-02,10,218.56908008129312,9.106880861025445,4.166591568047173,time
SPGP.L,bounce,False,False,2,2025-10-10,2025-10-15,3,236.33069020487247,12.42626309334537,5.257998054579027,take_profit
IKOR.L,bounce,False,False,2,2025-10-13,2025-10-16,3,266.7859145048023,12.048430987779454,4.51614209473663,take_profit
SPAG.L,streak,False,False,2,2025-10-13,2025-10-20,5,308.5334182800322,1.0199177090588023,0.3305696072550157,time
COPA.L,cross,False,True,2,2025-09-25,2025-10-23,20,199.32434408033018,10.176988368024638,5.105742810784419,time
SPGP.L,bounce,False,False,2,2025-10-22,2025-10-24,2,238.96833313963774,77.3441763017058,32.36586843350111,take_profit
BATG.L,breakout,False,False,2,2025-10-15,2025-10-30,10,171.74548821516024,6.9458729367509875,4.044282623628104,time
IFFF.L,breakout,False,False,2,2025-11-04,2025-11-07,3,339.247183504411,-17.76706535332096,-5.2372034956304825,stop
KLWD.L,breakout,False,False,2,2025-10-27,2025-11-10,10,202.4333627603704,-0.5434293827372585,-0.26844852811170883,time
SSLN.L,range,False,False,2,2025-11-05,2025-11-11,4,176.31111074043605,12.9626661727728,7.352155016399586,take_profit
BATG.L,bounce,False,False,2,2025-11-10,2025-11-11,1,201.88993337763313,7.51342987869657,3.7215475546483967,take_profit
IBZL.L,breakout,False,False,2,2025-11-04,2025-11-12,6,170.83974773396267,10.907160101915252,6.384439362963845,take_profit
LTAM.L,range,False,False,2,2025-11-04,2025-11-12,6,242.104611727522,14.905936072346321,6.156816248144126,take_profit
NATP.L,streak,False,False,2,2025-11-07,2025-11-14,5,321.48011815109004,-0.8475610638521403,-0.2636433844577013,time
IUKP.L,bounce,False,False,2,2025-11-17,2025-11-20,3,347.4201458677568,-12.304147111913949,-3.5415755989571918,time
SRSA.L,bounce,False,False,2,2025-11-24,2025-11-26,2,343.72890173418256,11.539888399724475,3.3572645016183955,take_profit
IBZL.L,range,False,False,2,2025-12-08,2025-12-22,10,160.25135467074213,-6.38624898852396,-3.98514508763147,time
IUES.L,bounce,False,True,2,2025-12-17,2025-12-22,3,275.20030698960227,4.262376201074517,1.5488268336981026,time
IUCS.L,cross,False,True,2,2025-12-01,2025-12-31,20,346.6700819517188,-10.821696607854449,-3.1216124988142524,time
BRNT.L,breakout,False,True,2,2026-01-12,2026-01-26,10,178.57242552649362,1.985889189634122,1.112091737444354,time
CRUD.L,breakout,False,True,2,2026-01-14,2026-01-28,10,167.18676113311784,1.1331814770400683,0.6777937854408167,time
INRG.L,range,False,False,2,2026-01-16,2026-01-30,10,149.01658483844992,0.4089811194270112,0.27445342400671535,time
URNP.L,streak,False,False,2,2026-02-03,2026-02-05,2,237.31045201183184,-17.74675229020798,-7.478285149161135,stop
SPOG.L,bounce,False,False,2,2026-02-03,2026-02-06,3,256.04664264461786,9.628008409917413,3.760255674697799,time
IKOR.L,breakout,False,False,2,2026-02-10,2026-02-12,2,342.9895777011645,21.85091717572442,6.370723367799358,take_profit
IBZL.L,range,False,False,2,2026-02-05,2026-02-19,10,166.3071393160739,9.934304131824689,5.973468230335022,time
LTAM.L,range,False,False,2,2026-02-05,2026-02-19,10,242.607488356529,8.25349606507072,3.4019955941927194,time
IBTL.L,breakout,False,False,2,2026-02-16,2026-03-02,10,289.02233146844844,5.064445790867808,1.7522679874377278,time
X7PP.L,bounce,False,False,2,2026-03-09,2026-03-10,1,355.02485131611763,20.60284310722193,5.80321153036043,take_profit
SRSA.L,bounce,False,False,2,2026-03-09,2026-03-10,1,357.1066572636289,22.682559199159584,6.351760388049699,take_profit
SPGP.L,bounce,False,False,2,2026-03-09,2026-03-12,3,240.6528992208807,-1.018483961477017,-0.4232169920970752,time
SPGP.L,bounce,False,False,2,2026-03-16,2026-03-19,3,239.92828654410096,-20.352054972726506,-8.482557544954428,stop
URNP.L,streak,False,False,2,2026-03-16,2026-03-19,3,245.62799608441108,-18.922670494886773,-7.7037922372594325,stop
SRSA.L,bounce,False,False,2,2026-03-16,2026-03-19,3,364.9475839345335,-21.454494512318547,-5.878787929218676,stop
XXSC.L,cross,False,False,2,2026-03-18,2026-03-23,3,308.21997636195204,-20.981507763063405,-6.807315999020192,stop
X7PP.L,bounce,False,False,2,2026-03-20,2026-03-23,1,345.3806529181567,-18.088287627861064,-5.237203495630471,stop
IKOR.L,bounce,False,False,2,2026-03-23,2026-03-24,1,337.76522220833203,20.00551583526567,5.922905770010378,take_profit
IKOR.L,bounce,False,False,2,2026-03-27,2026-03-31,2,343.7668769589118,-25.2887375786687,-7.356362486805645,stop
BRNT.L,bounce,False,True,2,2026-04-09,2026-04-14,3,260.2654541909913,-4.63612976095493,-1.7813081553085364,time
CRUD.L,bounce,False,True,2,2026-04-09,2026-04-14,3,239.48977926156874,-1.58396230432038,-0.6613903562833867,time
SPOG.L,bounce,False,False,2,2026-04-09,2026-04-14,3,254.25908933925794,-11.37750562665721,-4.474768495483838,time
IUES.L,bounce,False,True,2,2026-04-09,2026-04-14,3,212.4029663947872,-11.241180169485887,-5.292383793073885,time
BRNT.L,bounce,False,True,2,2026-04-15,2026-04-17,2,245.03361079359752,-16.3330098033982,-6.665620177778875,stop
IUCD.L,breakout,False,True,2,2026-04-15,2026-04-17,2,326.14330166773533,12.026559320031197,3.6875076871219825,take_profit
SPOG.L,bounce,False,False,2,2026-04-15,2026-04-20,3,240.7578143106795,-3.036809143442582,-1.261354341555787,time
SRSA.L,bounce,False,False,2,2026-04-22,2026-04-27,3,317.9143448083192,-12.593941708015507,-3.961426061352724,time
ISPY.L,cross,False,False,2,2026-04-07,2026-05-05,19,153.11372103489987,11.526516926721598,7.528075765394204,take_profit
BATG.L,breakout,False,False,2,2026-04-30,2026-05-06,3,163.26994826289877,9.745997135873182,5.969253521278817,take_profit
URNP.L,streak,False,False,2,2026-04-29,2026-05-07,5,200.70081312906063,2.9109841363380156,1.450409737237135,time
SPOG.L,bounce,False,False,2,2026-05-07,2026-05-12,3,242.84485192227513,0.7394152447904219,0.3044805104730264,time
SPGP.L,multiday,False,False,2,2026-04-30,2026-05-15,10,86.6354742891123,1.1190129771882624,1.2916336943617157,time
SSLN.L,breakout,False,False,2,2026-05-12,2026-05-15,3,200.99367871115714,-16.782178950646227,-8.349605349909272,stop
IUKP.L,cross,False,False,2,2026-04-17,2026-05-18,20,201.67915224705817,-9.725606324494152,-4.822316147273476,time
FDN.L,breakout,False,False,2,2026-05-06,2026-05-20,10,327.7684269007988,5.5366098953978735,1.6891834115168036,time
EIMI.L,bounce,False,True,2,2026-05-18,2026-05-21,3,323.0028673005436,-0.879098341036638,-0.27216425302462044,time
ITWN.L,bounce,False,False,2,2026-05-20,2026-05-21,1,320.91498823991515,10.354144176103489,3.2264445586950075,take_profit
URNP.L,streak,False,False,3,2026-05-19,2026-05-27,5,203.47446319462207,5.355843384087649,2.6321943795791336,time
BRNT.L,bounce,False,True,2,2026-05-26,2026-05-29,3,244.54357158357342,-11.173456852755209,-4.569106756885921,time
SPOG.L,bounce,False,False,2,2026-05-28,2026-06-02,3,221.23753519493644,0.15013588420180213,0.06786184996570022,time
SPGP.L,multiday,False,False,2,2026-05-19,2026-06-03,10,90.24724286271824,-1.7603137778786504,-1.950545769643508,time
BRNT.L,bounce,False,True,2,2026-06-01,2026-06-04,3,233.020059558722,2.573463780761756,1.1043958128047926,time
ITWN.L,bounce,False,False,2,2026-06-08,2026-06-09,1,222.69232008101875,10.741180990189235,4.823327982878545,take_profit
CRUD.L,multiday,False,True,2,2026-05-28,2026-06-11,10,205.0138454983324,4.066690764470991,1.9836176208421374,time
BATG.L,bounce,False,False,2,2026-06-10,2026-06-11,1,233.43350107120798,-13.247066748673546,-5.674878150686935,stop
SEMB.L,cross,False,False,2,2026-06-05,2026-06-19,10,322.77580342244283,10.79201000731581,3.3435003159736354,take_profit
IGLT.L,cross,False,False,2,2026-05-26,2026-06-23,20,327.5958424001401,0.8695057456474728,0.2654202627472291,time
IUES.L,streak,False,True,2,2026-06-16,2026-06-23,5,232.5669802822291,0.2866542303680433,0.12325663343102367,time
IUKP.L,cross,False,False,2,2026-06-15,2026-06-25,8,196.35061577088706,9.434920941823492,4.805139471949849,take_profit
