Date,AVSG,AVWC,DFND_EU,EMIM,ERNS,GLIN,IGLS,IWQU,JMFP,MVOL,SGLN,URNM,XDEW,UKEQ,EMVL,GRIDN,NUKE,SLVR,JPNV
2009-02-28,-0.1225979871460931,-0.0787030968696682,-0.1756056317954533,-0.043583382471528,,-0.1052918532196089,,,,,0.0351392704653286,,-0.0941447345575844,-0.07918407548179118,-0.0538309805456656,,-0.13889939641590365,0.03848077860849308,-0.13662282791183622
2009-03-31,0.0828294172673398,0.0865866226956384,0.03212820167909,0.1626918942504018,,0.0027630186116602,,,,,-0.0303217712634594,,0.0968028831949414,0.11061904214191576,0.12831664966627576,,0.04264839534264797,-0.04124215198840031,0.09021136167781085
2009-04-30,0.159798849426348,0.093984006351752,0.1407220600123548,0.1209536731948237,,0.0173835980102301,,,,,-0.0623081515303741,,0.1513514796809738,0.035429277466823006,0.05626209242865299,,0.10848574171503311,-0.12739876555273788,0.05735256691729318
2009-05-31,-0.0514698908173827,0.0093685006341177,-0.0273388799591179,0.0592029382179568,,-0.0140698139101179,7.958844392996767e-05,,,,0.0070613500216034,,-0.02738075454895,-0.03195086994478391,0.13910475695069224,,0.10940426283122062,0.2448153428444788,0.08482342147296529
2009-06-30,-0.0179081861677631,-0.0319156805774322,-0.0414336657653932,-0.0391087622241237,,-0.0128921036859102,-0.0125039898501649,,,,-0.0682923119776843,,-0.0287548630627038,0.08146063321476404,-0.036434526063549466,,-0.06585695085793652,-0.1474339898587037,0.023903833917011452
2009-07-31,0.0906938484560493,0.0786258895410136,0.0171559167835817,0.0943147746790455,,0.0217372945128115,0.0049198951128412,,,,0.0091993084423418,,0.0762830699763486,0.06385257393501531,0.13829739790298223,,0.04088742343929419,0.04988106303380402,0.040356330819045105
2009-08-31,0.0887708481509297,0.0557877410005063,0.0896711570628223,0.0118897342676813,,0.0626860240018911,0.0105937855681461,,,,0.0259075512797744,,0.0832706197883603,0.04618539648994191,0.004742747806879111,,0.03285892115311051,0.08648655863370092,0.03324973743075499
2009-09-30,0.0731940672081021,0.0676338458892675,0.0964027209032543,0.1219174738136521,,0.0440311651285498,0.0030178313541471,,,,0.0775249459389828,,0.0719336291513108,-0.01886453447118297,0.07208310171370313,,-0.0005969715786842134,0.09001227903312992,-0.010239238582865795
2009-10-31,-0.0863303405676847,-0.053369504435607,-0.0876471915574648,-0.0606122742781191,,-0.0742463401486641,7.918703964526763e-05,,,,0.0091115328249897,,-0.0631020731273047,,-0.03443851733042835,,-0.05473698629405244,-0.018925487290920806,-0.05024602971715908
2009-11-30,0.0348700482120034,0.0533306580566961,0.0736909705163997,0.0778631365715165,,0.0500896216176252,0.0051460379637611,,,,0.127178544811058,,0.0547581715088429,0.027750647756284996,0.07786358782517966,,0.007849484049352151,0.12874629257650638,0.0025931306139699295
2009-12-31,0.0875471853443179,0.0361100231852296,0.0767212032259152,0.0503677929806769,,0.0610988945918034,-0.0135475957779792,,,,-0.0562117185493942,,0.0639627576681365,0.04204395960381868,0.05036737656108525,,0.03714884067924329,-0.073167220130405,0.022032136945388636
2010-01-31,-0.0179575812609265,-0.0412899743089471,0.0077616816172785,-0.0662164382789927,,-0.0475933002053724,0.0014372152795956,,,,-0.0004046941721336,,-0.0212173731419103,-0.03997755508983303,-0.06569381838208466,-0.07164236899455756,-0.044318651002844156,-0.026296020539463005,0.015001712466552686
2010-02-28,0.1015423183181756,0.0717318800557551,0.1047740019431353,0.0675790562289235,,0.0322446291255364,0.0078935905980541,,,,0.0832968483782177,,0.0928574797866246,0.03161741243247085,0.07109627522661754,0.03952792606596356,0.07209041837677743,0.06365322962064979,0.01753493971819786
2010-03-31,0.0859019632274107,0.0671667659695181,0.0878529146414539,0.085046304850221,,0.0340149863815624,0.0022150230100705,,,,-0.0007603143291919,,0.0761192313656613,0.04373018576271992,0.07265626970927919,0.04918024290778589,0.02725933838519201,0.058245243358070686,0.03988206107677672
2010-04-30,0.0542312451240163,-0.009887667534295,0.0109231798527507,-0.0092562523507911,,-0.0262080850808151,0.0022099855424491,,,,0.0507799156514985,,0.0187360598965837,-0.06893471992973654,0.05183003220689808,0.08751211512641643,0.040031395083483634,0.12242642678675697,-0.011127425022135373
2010-05-31,-0.0301962837652075,-0.0451999005614521,-0.0420850960781459,-0.0453878368111571,,-0.0267801492161122,0.0004726859691319,,,,0.0857290136158908,,-0.0240512827713663,-0.05153858296104641,-0.11954102139205203,-0.11462298525204595,-0.14437962989616981,-0.040499741906473985,-0.10222653876006271
2010-06-30,-0.1075688026963798,-0.0628362916165056,-0.0962946636450544,-0.0418510311424799,,-0.0475624516171986,0.0028339262304066,,,,-0.0053723068167557,,-0.0895467228399302,0.07106702501905415,-0.061331013056129424,-0.09842234269220829,-0.10047251909390609,-0.038512202743346546,-0.04483956930728705
2010-07-31,0.023643657349218,0.0415229856158612,0.0235139032943529,0.0567388750228214,,0.0226024438181413,0.0007851654354373,,,,-0.0958630969671672,,0.0226555355076276,-0.011832067673132718,0.12597279928787009,0.1541616581450389,0.12352336218836912,-0.020108147225512463,0.01711587659180669
2010-08-31,-0.0532454206346687,-0.0290721286027735,-0.0678956102822031,-0.0184774539251039,,0.0188817082991883,0.008941930572913,,,,0.0722348712782205,,-0.0338886733004162,0.061302596439831714,-0.052570358820086316,-0.11904359449046831,-0.06243193198203156,0.0543093791988829,-0.04193127686367781
2010-09-30,0.0812709196063956,0.0751666064309655,0.0785440127522858,0.094240056262647,,0.0163519618510281,0.0012435526323426,,,,0.0258793835870174,,0.078876423680066,0.023646439208997005,0.11910949803380833,0.0849713161994674,0.0778928473961984,0.12727330328147524,0.03714384167007112
2010-10-31,0.0374371861159927,0.038917473178383,0.0565727886184561,0.0315691268885633,,0.0164459875161078,0.0,,,,0.0382475148826595,,0.037053393143394,,0.030153776230796847,0.041997325868851965,0.062943541725202,0.13420932341750702,-0.033037390482913764
2010-11-30,0.0371238894044412,-0.0081597956445513,0.0041970830101762,-0.0154539683895679,,-0.0309532510904955,-0.0009316632252182,,,,0.0354162325937139,,0.0223250362276101,-0.025775513262400684,-0.015453784759217104,-0.0439174164404833,0.10746239378308609,0.1511943170152199,0.052541028986574645
2010-12-31,0.0852571797025805,0.0862392589042861,0.0561947417419039,0.0810556743678017,,0.6362984445705204,-0.0134450694177514,,,,0.0322725279463624,0.0904738911065348,0.080429212294292,0.07214274726965075,0.08105510081432166,0.07758796500630005,0.08585592513621565,0.10834052650660486,0.048332962302256144
2011-01-31,-0.0189421158569859,-0.0143600680917229,0.0327261008726154,-0.0622380952542844,,-0.3624669695604462,-0.0043327613425183,,,,-0.0869935337900968,-0.0057198341718709,-0.0041633516310738,-0.010186513629842131,-0.062237772977255634,0.02771402126240141,0.005230327411742897,-0.11493147641169899,0.010741688106929992
2011-02-28,0.0293482005810976,0.0137059551037619,-0.0070611722918867,-0.0172712704134652,,0.0133962857999268,7.8917156981273e-05,,0.019972392836149,,0.042130569952256,-0.0159001790930329,0.0226390080858074,0.025148572256848745,-0.017271498487478554,0.007825069350938296,0.007237962066870995,0.18847581744690967,0.04769276069145101
2011-03-31,0.0164105302746695,-0.0069815681467738,0.0243504981191438,0.0646412148774846,,-0.0180257735174476,0.0024527139240433,,0.0100812813031108,,0.0176498804586822,-0.2879659779805704,0.0100001697147431,0.018381053375751133,0.027813535464030315,-0.01384629347699462,-0.16882576321565212,0.0738861374319959,-0.08782710356753876
2011-04-30,-0.012026869313532,0.0119223024952721,-0.0266252029026449,-0.0082098355577237,,0.6793417056544375,0.0072904518575356,,0.0222648429364347,,0.0517610430479666,-0.0703475287479601,-0.004362852843796,-0.01096841374522739,0.0374362053500048,0.010416845414312537,0.0309058230158743,0.28749808750381556,-0.0032549189471640094
2011-05-31,-0.0115665578481907,-0.0098826248399087,0.0060979906102056,-0.0198491243116694,,-0.4086928147895114,0.0062381086604186,,-0.0244084733697257,,-0.3909905801170293,-0.0494790005068503,0.0036303774094725,-0.0032287499122621854,-0.004531071512815066,-0.02533695412778081,-0.00887103995494165,-0.0939046522414998,-0.021224639578704352
2011-06-30,0.0042696185860771,0.007560410890709,0.0461857079094394,0.0160276400620602,,0.0246479516875555,-0.0028029643843194,,-0.025211558541717,,0.0032085561497325,-0.0825788382145344,0.0071354061020441,-0.02091402013942678,-0.027064146774975928,-0.01873772232287485,-0.06892958798833859,0.1490585423612345,0.0184440257659082
2011-07-31,-0.0505296225356581,-0.0402667675104244,-0.0727877020684563,-0.0279864402217147,,-0.0604810638569476,0.009643245900488,,-0.0065156878926809,,0.052505330490405,0.0416707975729311,-0.053381586009498,-0.06616800920598387,-0.0066006537867805415,-0.06213123980761004,0.03964669056530834,0.0362771304467997,-0.021859347642297466
2011-08-31,-0.0784924989929998,-0.070137676021634,-0.0583025397704679,-0.0891628893703549,,-0.0257863796067771,0.0031706605392083,,-0.0079489372337914,,0.1362623696268041,-0.1448233321755435,-0.0600427361848713,-0.05483672211953172,-0.051350690738246274,-0.0297059279883366,-0.06997362032389531,-0.2718493196355426,-0.06421528083540473
2011-09-30,-0.0658625363081361,-0.0637347572190417,-0.0170999605371839,-0.141671019712782,,0.0103246649370325,0.0040087644226178,,-0.0458732636873219,,-0.0762452608013357,-0.2399708951233272,-0.0491887966734782,0.09338331160365065,-0.20506255983585775,-0.17393043107064154,-0.16802810269883128,0.130636559901941,-0.016928617348515806
2011-10-31,0.1078998610579888,0.0778322703276257,0.0643015020784067,0.1256963734323701,,0.0068748304041672,0.0031482267355837,,-0.0409407186645512,,0.0297902477335454,0.2362513151598606,0.0947127919794754,,0.16267782087981142,0.07315127196833449,0.11384969651461097,,-0.004612734033577648
2011-11-30,0.0314872634219085,0.0210894195304873,0.050707926585565,0.0126996013213078,,0.0075655368971754,0.0037507739675923,,0.011383798961857,7.292283506332708e-05,0.0387933568875813,-0.0856870303163822,0.0239011072519226,-0.007452675510508322,0.012699731927898306,-0.024874195346759276,-0.038889462453127854,-0.04340174804874308,-0.004324886008678974
2011-12-31,0.0201520390003686,0.0021922437363144,0.0194603746938502,-0.0313439788828767,,0.0265572684126758,-0.0012582744438809,,-0.0042791147972923,0.0578456273564991,-0.0865561126448503,-0.0776026518000523,0.0133936142725274,0.016218651449166455,-0.031343845782134894,0.020942251916284738,-0.0373882919737375,-0.1428571428571429,-0.019258167493051315
2012-01-31,0.0498091115883208,0.0351357040954987,0.0318981551034462,0.0892411333187368,,-0.0397860110106852,0.0006107016380167,,-0.0190138663796609,-0.0006228187805191,0.0848702579410047,0.2631473769139159,0.037147350852106,0.018471996453376605,0.08924098364869937,0.07546095420171617,0.10041260795826501,0.18884130067537597,0.03637549131612583
2012-02-29,0.01174989567074,0.0353821414908654,0.024306498145493,0.0385970978468752,,0.0156074574665936,-0.0009538919946369,,-0.0184807996061413,0.0132388444119522,-0.0234410559854346,0.0025735855278907,0.0261207315276967,0.03605629715612313,0.03859685356710374,0.03244752381435356,0.013265591964992218,0.032490913412229316,0.09759890589479525
2012-03-31,0.0217507895820272,0.0087891233756016,0.0051841959066352,-0.0333823097478613,,0.010794043264338,-0.0003819485876592,,-0.006659247229115,0.0149861917450959,-0.0321603355861104,-0.1202486798027603,0.0208273453447107,-0.01309432112597153,-0.052511140713574433,-0.0482544144198962,-0.058690389496229955,-0.10824592615448503,0.035062907899802154
2012-04-30,-0.0295386670368646,-0.0310034298605451,-0.0241693946019032,-0.036449663195734,,-0.0262441131818543,-0.0003818196399748,,-0.0122515466039507,-0.0183514928845517,-0.0180592342884661,-0.0687999175189699,-0.0271592907008021,-0.0713069391230311,0.033690129867876006,0.022048251071616898,0.009372528100397792,-0.09479656838030359,-0.07262870570969937
2012-05-31,-0.0148388437789236,-0.0460213481229794,-0.0278986400924726,-0.0610154241832442,,-0.0044610606193015,0.0089050343476753,,-0.0257429679844571,0.0182505233351275,-0.0049043648847474,-0.1603982535942675,-0.0219734789731784,0.05141722056688813,-0.11979149031553427,-0.08469624120182961,-0.14785591606761972,-0.010964255204773288,-0.0961429443127968
2012-06-30,0.0423526956421638,0.0483314890321067,0.0374382224728437,0.047963011564567,,0.0405151699747099,-0.0054173161685842,,-0.0451596661881128,0.0318254106147126,0.0014785608674223,0.0439018005573674,0.0362392402830851,0.01598604853945651,0.04992500043379433,0.06101400132258772,0.043529609171923944,0.022992740032345527,0.08331759246835424
2012-07-31,-0.0166139371859341,-0.0043104031604652,-0.0259938414140924,-0.0126670976774431,,-0.01040691307832,0.0062083413179105,,0.0412578545565105,0.0075476648488241,0.013041338582677,-0.0283004589463211,-0.0112178215030621,0.01566299527964521,-0.0051255389272769625,0.0011370549293783228,-0.012552911931556054,0.10439702029009257,-0.06359268756289438
2012-08-31,0.0248756228876323,0.0228029423593014,0.0172006484913147,-0.0008011077830775,,-0.0154130185459733,0.0001515000582508,,0.0007250175024628,0.0031946907042446,0.0218605780908427,0.0222442268711822,0.025637252429703,0.00802760368988098,-0.017979830285670184,0.022775414317880438,-0.003304933510373087,0.10898454034783756,-0.0003926277640923237
2012-09-30,-9.93506523794263e-06,-0.0009515085391834,-0.0127941297828082,0.0234965609651827,,-0.0027620616972284,-0.0023088515461694,,-0.0234186348968467,-0.0144092716373323,0.0415973377703826,-0.0130789820996781,-0.0028188352110217,0.008871812783793231,0.05680985510796721,0.038127233438715935,0.02808985437711997,-0.06310084534486948,0.014139851661311154
2012-10-31,0.002830823539333,0.0046629521637386,0.0175919704297753,0.0054550356331128,,0.0014771977216443,-0.0017826272858251,,-0.0150804541157366,0.0070044130797382,-0.0264719306252853,-0.0653905780444973,0.0015312201924213,,-0.004355104827273415,-0.029237629044171598,-0.0237288488393691,,
2012-11-30,0.0121946503052614,0.0180538222048098,0.026169833254859,0.0176752687401233,,-0.0200998295054157,-0.000722076199786,,0.0042670209174737,0.004393327531531,-0.00070323488045,-0.1380330998673682,0.0148697706106619,0.019180168951668852,0.017674889457166554,0.02185120417212527,-0.043839463612963536,0.03952436175908214,0.05964372322731082
2012-12-31,0.0255123113856787,0.0212828909051643,0.0171704843650146,0.0599835634814349,,-0.0037633247168428,-0.0038409950631707,,0.0072480358368378,-0.0188820077386396,-0.0408163265306122,0.0812829722684536,0.0149610603833116,0.0026496365242203446,0.05998375948282675,0.020614662648993587,0.040065567883384334,-0.10931660046424418,0.0873537769127164
2013-01-31,0.0891608428915458,0.061629001317319,0.0358554419927894,0.0201142059290329,,0.0538345360518601,-0.0020234942613067,,0.0178660565049642,0.0488348515081697,0.0220102714600147,0.1111228397581278,0.089695967756701,0.06640466187830318,0.020114205929032902,0.10256770653842073,0.0654946579093052,0.05070517777251027,0.09008404387145474
2013-02-28,0.0583823834829562,0.0405042865581322,0.0730503944538942,0.0177587917509645,,0.043197661577659,0.004552356642947,,-0.0019503326604891,0.0177743820223394,-0.0067001675041875,-0.0394774983538069,0.0516352164180795,0.015503875968992276,0.017758550612180457,0.0722985076700009,0.013928829704202395,-0.09411957545553873,0.03946958887609342
2013-03-31,0.0435058114918593,0.016250766144239,0.0511394874914097,-0.0121347034161429,,0.0316150613996326,0.0036556854992557,,0.0087935145661426,0.0668185352576362,0.0086726090098772,-0.0157481029737779,0.0415861715414185,0.015392316355900437,-0.031050931264047343,-0.03419638517839718,-0.007048269697772613,-0.15505375399125076,0.19994072564574306
2013-04-30,-0.0183124677738771,0.0086817945735777,-0.0068129677667472,-0.0072236826571362,,0.0304797776923468,-0.000569069146747,,0.0024213544126312,0.0330960958203068,-0.1036541676618103,-0.1411836642562985,-0.0025380080859854,0.02994823761400056,0.02978552066888862,0.03045945297767072,0.009506348835732537,-0.07766181841754893,-0.030655170706520574
2013-05-31,0.0490935200180833,0.0135167616675175,0.0850371615305651,-0.0317041488307466,,-0.0253758567493208,-0.0046316289780014,,-0.0142512004892668,-0.0416810528143707,-0.0258459898747668,0.0921105652267035,0.0447588543820289,-0.055342826373100396,-0.04672808085481861,0.02142100937433944,0.034446353083006365,-0.13354462392766686,0.015812363199660284
2013-06-30,-0.0146330903665543,-0.0278862227247214,0.0112666937460699,-0.0550741498361617,,-0.0213931440058945,-0.0045202210013888,,0.025973847573389,-0.0147375935265875,-0.1307439824945295,-0.0855967656820694,-0.0142025815711709,0.06485527899170318,-0.05560412446980578,-0.04609403423460201,-0.04650667980403089,0.008359448929692315,-0.012051301402636216
2013-07-31,0.0695995293214972,0.0469171246146042,0.0863825285539949,0.0143287229808888,,0.0291479200965583,0.00353502251903,,0.0085981311569878,0.0306457554638475,0.0780365009439898,0.0926767881042676,0.0574363326310962,-0.019449235710462087,-0.004328570492386885,0.04279114018396801,0.062296921764484425,0.21288867665379496,-0.028970760707860532
2013-08-31,-0.0580527682271621,-0.0396130273653134,-0.0344936286457895,-0.0420008035904491,,-0.0622433378420955,-0.00421165967768,-0.0374526659372037,-0.0056830290224415,-0.0276106437750621,0.0513718622300058,-0.1162718482106923,-0.0457602954569389,0.01292005337862423,-0.06503124025120244,-0.06182937756033946,-0.07312498908552045,-0.07726812031066432,0.0868882432445115
2013-09-30,0.0098368334389697,0.0121546512677668,0.0186016310670404,0.0281464203561048,,-0.0022819868799514,0.0004612440513449,-0.0044491682128862,-0.0126220951604716,0.0349472521229581,-0.0932815102720711,-0.102746370465853,-0.0015526929300309,0.0409605365590755,0.08161880102308205,0.05532035911812283,0.04886587694165989,0.0018518059014955845,0.006742176793266053
2013-10-31,0.0484871616743307,0.0487641867780537,0.0636971520972109,0.0509880558283988,,0.0295663815157603,0.0020370032848486,0.0579839186631876,-0.0004826382808231,0.0374604475070556,0.0018371096142069,-0.0314472575717339,0.0520812982260172,,0.0417069684493907,0.07201895817098847,0.04673322281439152,,
2013-11-30,0.0094958436217884,-0.0040406638533185,0.0433992894308097,-0.0218039505995297,0.00031184943248,-0.0324780656334047,-0.0008438270535658,0.0210707815436381,-0.0094109672405982,0.0001694917994357,-0.0681540342298288,0.0048529860059634,0.0025180885651276,-0.008168900650060373,-0.023482266100544047,-0.022294208043405095,0.007435051135362691,-0.0827171468884127,0.05237977887530021
2013-12-31,0.0178850512183619,0.0111518705143964,0.0186581736616768,-0.0133753268351722,0.0010500014415175,-0.0017667207031579,-0.0043704550737377,0.0133111831963228,0.0107186573211763,0.0027118618205441,-0.0531321744834372,0.0141263095293493,0.0192332117469968,0.014616321559074219,-0.01167922800381771,-0.011105271053113541,-0.011720743861897698,-0.031234298605463895,0.03431814367120922
2014-01-31,-0.0280245268821832,-0.0465271055915441,-0.0043603711356783,-0.0865443867127737,0.0006992667299372,-0.0011798116722042,0.0037895185835645,-0.0421216017714252,-0.010123024765257,-0.0287356451542286,0.0377554554901282,0.0345039253178778,-0.0298062517333719,-0.03784370891213629,-0.08654437119747782,0.02142916951332796,0.003960105781329659,-0.017160682868517574,-0.08613487834585465
2014-02-28,0.0374773725904342,0.0398455443024019,0.0297259019343358,0.0217883796007067,0.0014977105519906,0.0285310843309922,0.0007320596808451,0.0367717329403753,-0.008278523956877,0.0417682137855699,0.0480640854472629,0.1279036775368907,0.0411523266446718,0.04955142296952042,0.021788049049997316,0.048499758883576716,0.054104125457459684,0.1100529082374555,0.016350091432578928
2014-03-31,0.0160508891057746,0.0086124910779421,0.0004419547214662,0.041753351037626,-0.0002988642583443,0.0275670937404206,-0.0011548388677938,-0.0018131651113372,0.0083476300119136,0.0080187025950901,-0.0226114649681529,-0.0432792623498256,0.0089762100576393,0.0037928106425133556,0.030587131385695576,-0.007669935455348331,-0.028089881069465306,-0.09675876184888088,-0.04802457433908136
2014-04-30,-0.0219244659235233,0.0010219834599303,-0.0150687166488322,-0.0029993647137641,0.0009967036532321,0.0102806948367926,0.0014259365233904,-0.0033424977335777,0.0094960806270996,0.0145840415294975,-0.01010101010101,-0.1171242943383842,-0.0069233564833497,0.012576133543875434,0.011719972841550907,-0.016985050118838663,0.007069905743968263,-0.021108259091006998,0.04572564800792511
2014-05-31,0.0224526276526555,0.0261502931824388,0.0174500827588259,0.0356673558750448,0.0005563423990724,0.0204151447618026,0.0017702988695607,0.0293709896031844,-0.0091654013794015,0.0153544365887907,-0.0299539170506912,-0.015654073547341,0.0276654746188602,-0.006460595934280167,0.012902743465590616,-0.03857591524018256,-0.013417505742890135,0.11105129153727367,0.04301324809491769
2014-06-30,0.0242465518151189,-0.0003280733913928,-0.030907889931353,0.005401807810984,0.0002996379088258,0.0203316792303462,-0.0038629458392005,-0.0124009973277096,0.0167963344009229,0.0183397585657474,0.0373260943332203,-0.054131636575521,0.0099016316006252,-0.002971018554851712,0.031518363949879724,0.02733203445118204,0.04265556890378175,-0.02037846015797773,0.012531311112076837
2014-07-31,-0.0408936850828552,-0.0072186329201131,-0.0410611548872323,0.0236497819523648,0.000598618099824,-0.0336815428948185,0.0012387541558198,-0.0002919448520481,0.0064639710249396,-0.0078988942500217,-0.0111220150474321,0.03308216605221,-0.0232390692345549,0.018329022826942598,0.033154520570671364,-0.037771404680031484,-0.02654738096654674,-0.04513378127841483,-0.007875753486426551
2014-08-31,0.0714874646330505,0.0455885541960086,0.0790025238337743,0.0489922988694084,0.0011964243572002,0.7295691173778569,0.0069196510678433,0.0636314245814091,0.002854324394673,0.0235668719779684,0.019517036056897,0.040621576974932,0.0419777968231647,-0.02445892226148405,0.05037394423136532,0.06965956697542541,0.046511648992777044,-0.12234970913519971,0.05148560784548861
2014-09-30,-0.0352039604148479,-0.0124833821409199,0.0135047936307945,-0.0499843798812871,0.0001993408005938,-0.0316249963217624,-0.0002687160598892,0.0135012603243718,0.034393040693359,-0.0186682789519385,-0.0399091499026605,-0.1255874175852507,-0.0256159274569721,-0.014035882053313742,-0.06377225517507623,-0.03275429747925995,0.0036185142369420387,-0.07151300429615626,0.0424935546757359
2014-10-31,0.0643305808882261,0.0273088337313756,0.0492292458479264,0.0151266030910883,0.0004977754258723,-0.3600536796396482,0.0071430076861953,0.0421481189801546,-0.0091723848987005,0.0291692499124942,-0.023318688746198,-0.0999741392232403,0.0293206988806629,,0.014195878668312734,0.014660767023025434,0.0399449194223398,,
2014-11-30,0.0287586332602027,0.0315667548563605,0.044564048193759,0.0136054421768707,0.0005774756633551,0.025554183224022,0.0055667443351112,0.0159316043399351,0.0164315310362028,0.0215650271929397,0.0356401384083044,0.1387928452946607,0.0262801740642959,0.03358016187360091,0.009045262113634989,0.015167258231507441,0.024849561046494495,-0.015276879092004925,0.021725619641625338
2014-12-31,0.0281784239267219,-0.013811439451119,0.0169968142565359,-0.0356343879833812,0.000798064051076,0.0109579640086263,0.0031839081624724,-0.0072671841931905,-0.0079691573892783,0.0019601515985547,0.0167056465085198,-0.0713584568756284,0.0190073227482536,-0.021826057980673164,-0.036921124750767254,0.006521342036770461,-0.0001529174569852021,0.021331604266962012,-0.012758223055649665
2015-01-31,-0.0015760481003975,0.0189022410158195,0.029971912269467,0.0324772162386082,0.0004982731928069,0.0203950750218868,0.0053522650643502,-0.0134848924098841,0.0149185305486942,0.0085778739052191,0.1035162668419322,-0.0803084839300184,-0.0344559085215794,0.029012661102594706,0.026015835270083,-0.017745821092525982,0.038338103306170934,0.07278484546341657,0.001641063201121895
2015-02-28,0.0333798886488754,0.0318877682737519,0.0542657972258522,0.0102712245225484,0.0001994956901312,-0.0558786424394961,-0.0055879294453312,0.0492091486587773,-0.0174127871339945,0.0268577013118074,-0.0708755211435377,0.0660461152130094,0.0472229219188695,0.03222246744647972,0.019188493429530773,0.029289368877241984,-0.05896655059009093,-0.03303842761561626,0.08724141228321547
2015-03-31,0.0546625766075439,0.0259074738314855,0.0491836284930979,0.0255758538522636,0.0003984357706781,0.0249690370599209,0.0052014962512536,-0.0120974821648879,0.0191022771513735,-0.0029060876072225,0.0150641025641025,-0.0278474200389646,-0.0094798601961788,0.008445584776566095,-0.01425846804049602,0.01381953507988598,-0.012328143648901557,-0.042098816722292876,0.0506686498206359
2015-04-30,-0.0525040191759247,-0.0125343613176253,-0.0685836608117151,0.0401177199504336,0.000498012897135,-0.0167891896842427,-0.0030216275181235,0.0224189635579998,-0.0146793830789706,0.0102010626672126,-0.040416798231765,0.0952271146838183,0.0033626763742455,0.004664475776529287,0.0760439843065066,0.019799733789210183,0.022801330441807766,0.04689496091241252,0.03872355494231039
2015-05-31,0.0208371935781161,0.0070346186439687,0.019276718057521,-0.030379746835443,0.0004019787704605,0.0,0.0015153927113791,0.0011056084906009,0.007563619280053,-0.0098095832107534,0.0144784468575189,-0.0598725330616163,0.0043825255203142,-0.05803524322042841,-0.06620938693687917,-0.020942556361791098,-0.017664032628684878,-0.06304668186627205,-0.021401413413184356
2015-06-30,-0.0409199965729668,-0.0513483714942353,-0.0437603635688097,-0.061895254185225,0.000199577473855,-0.0743346039207253,-0.0023202608368673,-0.0219032284428536,-0.0288898489736108,-0.0195220913433269,-0.0434641582873823,-0.1808345874543137,-0.0023100655724542,0.027276800716926175,-0.02136762224518618,-0.017475065589100502,-0.0410377477213002,-0.04935060350865461,0.020811292580212193
2015-07-31,-0.0013578995944677,0.0164903403662832,-0.0011278508294717,-0.0592665356908972,0.0007986259185244,0.0275436306410787,0.0018286619139846,0.0252164126454417,-0.0358397627588211,0.0329865303215703,-0.0590030518819939,-0.1077273371697247,-0.0108052014532161,-0.0746415135488796,-0.05178393806882042,-0.028088493413183424,0.0517754011656415,-0.03090849267152762,-0.07515553228306138
2015-08-31,-0.0369196803220651,-0.0568125345453441,-0.027019715547194,-0.0722241559345632,9.983169193628072e-05,-0.0315209109970114,0.0020154451423313,-0.0618575433223366,-0.0009717832440714,-0.0379746765984883,0.0535135135135134,-0.0139682836045944,-0.0639791686777743,-0.015908555267499458,-0.07271796766806693,-0.02309976578048678,-0.030828753885737026,0.005638761142277016,-0.08630672589650024
2015-09-30,-0.0193204870947136,-0.0178011226903838,-0.0205487657445944,-0.0110673419621084,0.0004986337435426,-0.0212552246158047,0.004706337943495,-0.032381114449873,0.0077818943838394,-0.0221291236291644,-0.0030785017957927,-0.1107844086666893,-0.0180606139362258,0.04765896299844341,-0.04834158548507106,-0.05530773277862311,-0.03702619553880293,0.07026462515636123,0.09302799532315453
2015-10-31,0.0547478482201446,0.0649152512339206,0.0728335251282672,0.0438163884673747,9.95821158493726e-05,0.0242613250508623,-0.0018888328320572,0.0884642571634235,-0.0026541834171621,0.0633027414840385,0.0029164522216502,0.0546479302204228,0.0571590393050904,,0.06375831187585623,0.0429564288113462,0.03718839560686815,,
2015-11-30,0.0323587538818563,0.0135005041673903,0.0336763361875955,-0.0063601671815373,0.0008967193285587,-0.0214635913564428,0.0024979241331484,-0.0029723881974135,0.0205662094539613,-0.0120794356661791,-0.0443037974683544,-0.0580646981005885,0.0045502721137058,0.003943307806606455,4.5006993155682906e-05,0.029043327356209847,-0.017440205384806284,-0.09233796717861553,0.021698463660262846
2015-12-31,-0.0347843128808232,-0.0065414564087291,0.002089328928075,-0.0113386978785662,0.0009458945294407,0.0042321731668537,-0.0030201071361023,-0.011179401799724,-0.0092462469642737,0.013391642492109,0.0119921245749059,0.0571639555844476,-0.0079935850471181,-0.015142027665509206,-0.023936323469213816,0.025519366835887736,0.02293110504434681,-0.019570691041646993,-0.02947639402848312
2016-01-31,-0.0338786385849517,-0.0228838706969612,-0.0449751687177936,-0.02330743618202,9.99574588633756e-05,0.0556305733734905,0.0118836486520643,-0.0650084941167979,-0.0110072932410096,-0.0290147111860047,0.1018747789175804,-0.0588866360347626,-0.0792371957886479,-0.026992659383850648,-0.012116666596655445,-0.04762019233158754,0.049004972365319865,0.029712109135643816,-0.06300698468860633
2016-02-29,0.0516498564509104,0.0231411783283701,0.0621165259420932,0.0268939393939393,0.0006991585938953,0.0219376968814517,0.0048880494140579,0.0167271634204198,0.034115542506006,0.036686441019418,0.1237560192616371,0.0222738252561334,-0.0163359853715034,0.010217417131994866,0.01930379379735525,0.053258452093823516,0.03426601210085356,0.03912807895203163,-0.10730819836610839
2016-03-31,0.0505503891145593,0.0356868868054505,0.0076549053941927,0.085946145333825,0.0007979797262596,0.0389126379337643,-0.0016090169660636,0.0622398283877743,-0.0203557218002538,0.0485160022409167,-0.0318525924867876,0.1137418196763582,0.0,0.03275314594848866,0.07125759518723829,0.051857227256895566,0.010950563041865813,0.20563966524326083,-0.015110554382879782
2016-04-30,0.0044210309380556,-0.0030817096354485,0.0256695976939778,-0.0183423913043477,0.0005982204360954,-0.0138388813868433,-0.0028107501973426,-0.0014928499874397,0.0257941984843168,-0.0010887564970033,0.0299498377102389,0.0243524949054703,0.1367141294028528,0.001252633376985779,0.002854741735885513,0.044758422364209016,-0.021915752429478963,-0.10610385268088018,0.07190298456615518
2016-05-31,0.0123914485926537,0.0017176164776016,0.0160733303758136,-0.0271626297577854,0.0013951076975495,0.0032594278352897,0.0023675213223559,0.0108391300550889,-0.0130383404942047,0.0051770741896237,-0.0565821515542186,-0.0919637629036755,0.0166970873747758,0.04594825135058289,0.04669390718787114,0.09281020843528975,0.08478123844482988,0.15698781573040432,-0.109378393428192
2016-06-30,0.0883965244860203,0.0862896541159206,0.0974683972414856,0.1403165569980438,0.0008497573976145,0.1389691032186346,0.0114360032585425,-0.0092438528117858,0.0028308212135623,0.0376795720424565,0.1904038870331006,0.1223470320473205,-0.0097511176857073,0.034958951775131863,0.06533072249222771,-0.01913578927906212,0.0695450389200003,0.09487045230676094,0.05013193143280459
2016-07-31,0.0706003922023399,0.0616669822974751,0.0606011238830852,0.052089831565814,0.0016971285776756,0.0162861390993953,0.0013069095963089,0.0348945498518431,-0.0134085558868862,0.0250784464415689,0.024234693877551,-0.0028072316752167,0.0469033782361785,0.018753939903340955,0.06395360755231771,0.08521361429836327,0.014640052302091533,-0.07909318209836591,0.024668841049977575
2016-08-31,0.0127352780922957,0.0088820186710698,0.0108703586263994,0.028906018381263,0.0010963867357074,-0.0386461752880092,-0.0006318126039912,-0.0023439822496204,-0.0212207928757126,-0.0293068673977651,-0.0206724782067247,-0.0039944453401743,0.0027226928589059,0.01954313412055897,0.018741835170108967,0.015189136017988547,-0.03014876648762954,0.03774609413516394,0.0055728933704541905
2016-09-30,0.0127926123316515,0.0193040365373473,0.0036752175736174,0.0318397925370983,0.0001988510847119,0.0336158937297403,0.0008556023134924,0.0034339168700758,0.0248475373685259,0.0042005735566068,0.0178026449643946,-0.040930299396815,0.0,0.008142828241958222,0.08791334645325244,0.11530620575558759,0.06843906182904003,-0.08065360224972629,0.04500108073221898
2016-10-31,0.0302132011397573,0.0408971937718012,0.0711361763211355,0.0561295727450432,0.0008961567018725,0.0441564186854031,-0.0069131283083067,-0.0297190474112861,-0.0090325082971838,-0.035816965539471,0.027736131934033,-0.0136815033411996,-0.0182670425680117,,-0.008277331439478064,-0.04593603333920537,-0.009255430637961637,,
2016-11-30,0.0777443345208224,-0.0119896908432873,0.0757754396155023,-0.0671602326811211,0.0002981382380471,-0.0716100289010446,0.0012348643791246,0.016892516529706,-0.0131925100032468,-0.0094903003980917,-0.0998054947726719,0.0045147599285284,0.0538093881070267,-0.022625796418000332,-0.06529219003517506,0.036096710573252144,-0.0468779889834533,-0.07568805357812136,0.06724654273836683
2016-12-31,0.0456853457997088,0.0365635879360699,0.0004510854682628,0.0170068027210883,0.0007002704424723,0.0492360383056342,0.003252119222781,0.0122307776300241,0.0077783759837903,0.0199835632803264,0.0027008777852801,0.1280629356902798,0.0205201768905438,0.05461451596345346,0.009771920350378105,0.026618979012029254,0.06024545055939279,-0.016749407177854225,0.01788904167391725
2017-01-31,-0.0105394106765727,0.0116186566938538,-0.0038756196360252,0.0337235228539576,0.0004989044752341,-0.0170284165473824,-0.0031877759273029,0.0099188319115073,-0.025084588052835,0.0110037537810399,0.0242424242424241,0.3282910632148801,0.012391834781958,0.0008760829358511746,0.05290434010321943,-0.005484105393556149,-0.014877086976030851,0.08012620991785169,-0.007810929863947713
2017-02-28,0.0250896047796338,0.0301246674407069,0.0710715968547297,0.0407117821515232,0.001096198142036,0.040271761739856,0.0055124132173876,0.0401785714285714,0.0022267783256113,0.0376958336253174,0.0483892176199869,-0.0349961540775618,0.0,0.03175452246644617,0.022367111287657337,-5.09128741859044e-05,0.03670842942031549,0.05198594310865068,0.01279271193886089
2017-03-31,-0.0103052892509788,0.010280217980535,-0.0211029681699124,0.0227979274611398,0.00039876888658,0.0109333160157907,-0.0005222003803747,0.0128755364806867,-0.0175266940133099,0.0046047660392209,-0.0161796061708265,-0.0837197365656052,0.0161662996598928,-0.0051373898289107656,-0.002615090371409945,-0.007263387779950725,-0.021917422372900508,-0.06607443192306384,0.0054411698207477155
2017-04-30,-0.0283344812045343,-0.016589493333205,0.0006036695872004,-0.0148176291793312,0.0,-0.0246478730244678,0.0012685566361683,0.0145762815313823,0.0015075533908635,0.0084033107336565,-0.016063233044365,-0.1702722635180521,0.0202272588556462,0.04870191396626877,0.026741482838015918,0.0404106936633144,0.005301092835741761,0.007134413876970891,0.0204870027871471
2017-05-31,-0.0175536551254769,0.0288383805968543,0.0331148224120023,0.0273814114924797,0.0006965134792922,0.0319026602993532,3.712362753094389e-05,0.0273972497983041,-0.0087807328551534,0.0292929265684234,0.0025913449080072,-0.0148155505363247,-0.002227633670767,-0.028415251174557232,0.012477754020447707,-0.01758936394861843,0.022280583068458704,-0.04124860847436995,0.02481063242840964
2017-06-30,0.0085310509848743,-0.0077887028727747,-0.0160404898839758,0.0065065065065064,0.0005732056010696,-0.0147445677176389,-0.005440197388947,0.0,-0.0126548571931576,-0.0063787618312007,-0.0258464719565779,0.0073926365185987,0.0122795093953631,0.01036871716185428,-0.001002640946977662,0.00996359776005784,-0.03175966411402986,0.012237448520814542,0.005544247526827029
2017-07-31,-0.0001082766207283,0.0168795075526748,0.0373189829227162,0.0367976131277971,0.0005982323982232,0.0020291765329598,0.0023361981214193,0.0136585390664698,-0.0097413079620345,0.019012356981819,0.0055717697001858,0.086704965986377,0.0189678122509331,0.01647491946617574,0.07660212934439459,0.06616600270569717,0.03781712516283875,0.04136254763295599,-0.004778502522741146
2017-08-31,0.0025333021329729,0.021447262104121,0.0547523379181471,0.0474820143884893,0.0003986143219891,0.0319910104895166,0.0028094381312864,-0.0006416572895321,0.0033653188084978,0.0070269181563042,0.062532981530343,-0.0248206483862527,-0.0119047451943278,-0.008964143426294813,-0.012864143766170955,-0.016533757077166755,0.0013399891627250415,-0.04205614400748858,0.039889192733998824
2017-09-30,0.0097447680140827,-0.0198604249822944,0.0059156559712185,-0.0402930402930402,0.0,-0.0461178734692135,-0.0086660054953094,0.0256822200387212,0.0005160480409132,0.0026466985567759,-0.0633225726347156,-0.0774841605092635,0.02322009908352,0.020831429876656093,0.013493572099748219,0.07069725057451559,-0.025880056730550605,-0.010365858551719898,0.06180073623452187
2017-10-31,0.0252287200069472,0.0383389033073087,0.0303524993980712,0.0453244274809161,0.0007967240471862,0.022244819583,0.0003768820733041,0.0222221930365718,0.0139245667256833,0.0163187025451456,-0.0021208907741251,-0.0874617370605582,0.0186256211439583,,0.032805286380373166,0.03238277574093984,0.04870876440397853,,
2017-11-30,0.0159114425355237,0.0046303700395964,0.0140412367237723,-0.0115244180739388,0.0,-0.0058576282734623,-0.0006781321560943,0.0266380568263751,0.0002544876548224,0.0245572834238201,-0.011424017003188,0.177728768146006,0.012189953636758,-0.018079298308422143,-0.01909061685041269,-0.028664839360578065,-0.003504473698298205,-0.017868143563303462,0.0115403682245101
2017-12-31,0.0033006353798223,0.0127203820313035,0.0121605200224435,0.0331294009003808,0.0006096755168303,-0.0092369735207047,0.0024500457677421,0.0217715350078409,0.0183064789274243,0.0080664276040958,0.014512227895727,0.0738595782769304,0.043189406927842,0.0530033725275727,0.03002806656074042,0.014087449829551346,-0.06013583462834915,0.030740322314406043,0.011408707538549612
2018-01-31,-0.0322049274137733,0.0036214614244605,0.0259083796560584,0.0249162011173185,0.000697787530044,-0.059003860525754,-0.006451851519697,0.0356100782391552,0.0062422172734095,0.0272061861235552,-0.0156291390728476,-0.1104452931623122,0.0382165227866271,-0.022895477169443845,0.03403128042584469,-0.01636082989761023,-0.05259324351003669,0.021911174903518127,0.01504008519179001
2018-02-28,-0.0302491006464806,-0.027590431273218,0.0160606584219598,-0.0175515098659108,0.0002986567256197,-0.0144729150803867,0.0004548786293026,-0.0267756701013636,-0.0168732652150566,-0.0342755598724076,0.0115715823466091,-0.0809446430971748,-0.0398772627001957,-0.031626506024096335,-0.04208028685593468,-0.019243224004643067,-0.0033656715124509295,-0.045860656091541774,-0.046062177537816607
2018-03-31,-0.0007647340265599,-0.0236318394837802,-0.0307575781911939,-0.0272969374167776,-0.0001991693630524,-0.0101918279032093,7.586644318546831e-05,-0.0205618045054305,-0.002019248733419,-0.0099101247113261,-0.0144985368449055,-0.0601790729528313,-0.0268570521470925,0.044643673954807506,0.015271062332386842,-0.006938634541895916,0.029932013655450618,-0.011235973784791575,0.018909318597682967
2018-04-30,0.0228507904405332,0.0228780343968688,-0.0101133214608443,0.0084417065936572,0.0007969294202185,0.042020587960438,0.0015908355020908,0.0133057589296288,0.0091047292670172,0.0079143426404488,0.0126872722364692,0.1259505916839653,0.0280085738519433,0.031176109992118395,0.0074973888900207175,0.01939029608646825,0.09257630440471543,0.011994983095159562,-0.02750621192018654
2018-05-31,0.0835325273138771,0.0415959824294911,0.0730258262817655,-0.0024886877828054,0.0006967696243109,0.0317088944399617,0.0034038381213696,0.0118178807670579,0.0012531912076911,-0.0030023341895111,0.0265227242436358,0.0242655698153777,-0.0101796075262684,-0.004161358811040294,-0.020795114075118692,0.05061877261319703,-0.013081115179532254,-0.023081773136893524,-0.0008519209103847736
2018-06-30,0.0195607129823345,0.0099938982936782,-0.0156144716341616,-0.0360625992288501,0.0002817917372814,0.0230391233885249,-0.0008291364878305,-0.0041817003880044,-0.0027534472927136,0.0088024341958066,-0.0325889379381978,-0.0079550511401331,0.0425489131651364,0.017056114617090223,-0.040034924073963474,-0.0339142442839242,0.0194814462655577,-0.037037032526018976,0.020804932356777828
2018-07-31,0.0201877459387087,0.0259221380155822,0.0645568649715708,0.0331764705882353,0.0002993077379755,0.0309970879833751,-0.001082759028178,0.0272227765605901,0.0005018537920324,0.0282433883762187,-0.0166420614682593,0.0186136583868981,0.0133462014802057,-0.03463021968807645,0.04521062404978182,0.03461546720495767,0.02738880973190083,-0.06498670737363532,-0.018209157057699654
2018-08-31,0.0339363324820582,0.0165869338791506,0.0175569433311635,-0.0259621953996811,0.0014962770371313,-0.002875487461302,0.0009079930170341,0.0166337787505774,0.0193179263373444,0.0140688049416941,-0.0079159273918384,-0.024932796489641,0.0047719030905237,0.013115608442630045,-0.039150035920994974,-0.0009358831102098675,0.006549643403690908,0.011347506601658175,0.061936351221647534
2018-09-30,-0.0218189069877868,0.0008868212622981,0.0419796476221439,-0.0038578442833762,0.000298492344164,-0.004553789490039,-0.0016630890836855,0.0052689578334212,0.0031992589427207,0.0118916740220627,-0.0125189159444215,0.0409651847176051,0.0131079492668446,-0.04869684499314131,0.019407310876833783,-0.022492842054148476,0.03456125189713988,-0.027349252248457745,-0.096298643426169
2018-10-31,-0.0640182049479276,-0.0473963487626122,-0.0883928373191211,-0.0722919845088604,0.0006971413951206,0.0022256581789612,0.0025743429903388,-0.0686897014749461,-0.008897294299226,-0.0435255705504379,0.0420730008358873,-0.0714130501849094,-0.0906619676197806,,-0.08760494694539833,-0.1127234642230509,-0.017058406801564785,,
2018-11-30,0.0174623107937978,0.0098535614705619,-0.0044061156458246,0.0451612903225806,0.0,0.0216388837868932,0.0015108627664659,0.001184861300832,-0.9901629016136576,0.0222980551814393,0.0026737967914438,0.0379595177308946,0.0370141668868537,-0.018835616438356184,0.04283063317064606,0.002337255925887183,-0.001117359471660473,-0.01297767171311881,0.011524781801351303
2018-12-31,-0.1079593981410422,-0.065458175618707,-0.0921529955785925,-0.017671266037279,0.0004135929192892,-0.0426277213962152,0.000867029840784,-0.0627218633058506,0.0079467158838584,-0.0498553675328765,0.0505333333333333,-0.0584690895635487,-0.1119507052221376,-0.034904013961605584,-0.02797964682547338,-0.07575463498823476,-0.004950368125684501,0.09495984153262227,-0.098159483768814
2019-01-31,0.0757111195272115,0.045534252017112,0.08885241161469,0.0524889107934942,0.0022466767558322,0.0425077267595728,0.0014159483415183,0.0675504851336383,-0.0010173172898729,0.0480206867581212,0.001649955578119,0.0531179098179466,0.1204657654835836,0.037498810316931586,0.06779828488563377,0.09861914330454868,-0.009451646928632318,0.039442990570012215,0.0491739308412078
2019-02-28,0.0242079530299199,0.0091977175614452,0.0589344864303273,-0.0173261531257317,0.0012453558412188,0.0179591082189385,-0.0009047454318973,0.0493791247401504,-0.0048370323985122,0.0343093381722177,-0.0168525088697415,-0.0406898245913806,0.042366084993954,0.023942757545179383,-0.030179962600241028,0.00890778351943422,0.00508942778900523,-0.026153245858995477,0.027047037733490376
2019-03-31,0.0005181086691259,0.036128438057372,-0.0236230317490134,0.0308553728853944,0.0016912998993117,0.0439794689542807,0.0049812921394054,0.0166244047530115,0.0291634531900344,0.0173960081822059,0.0054130686944193,0.0299393404175105,-0.00575151913225,0.057695753449202636,0.04148030459691765,-0.00867614007359152,0.030230599795663338,-0.047532718280567376,0.018578690828068067
2019-04-30,0.0490454105593467,0.0441590731058505,0.0603849248666348,0.0167571940367503,0.0001988577221005,0.0059206002119271,-0.0024031083000763,0.0302105399826351,-0.0124285360598889,0.0099829521607164,-0.0096141520317908,-0.0203114046737175,0.043771701331422,-0.03074707775707264,0.04972761913589352,0.08629642310825103,0.01272385797014186,-0.022919922703057094,-0.07340181278841595
2019-05-31,-0.0578283189831586,-0.0366680761181222,-0.0119821967450504,-0.03887247101614,0.0010925770021263,0.0200885475694365,0.0042155862898878,-0.0516545134120944,0.0145985864016457,-0.0073606410039288,0.0456898783329018,-0.0217939466640594,-0.0567153082254893,0.04019924844883338,-0.07959678609791654,-0.06853588389643828,-0.048155725274019345,0.047623237986050615,0.03612038914650295
2019-06-30,0.0628186213278516,0.0592107804781325,0.0582244809892849,0.0525070955534532,0.0015913912189133,0.0257433380449467,0.0007495999861892,0.0629787580341312,0.0198461724089797,0.0451271405441939,0.0769897264512935,0.0544893850827237,0.0526830895879313,0.022935394438376777,0.10874618199315922,0.17134508111892188,0.08419068605418811,0.0732572731789356,0.009683694999562675
2019-07-31,0.0502444690934476,0.0431263560839021,0.0476256578639402,0.0222471910112358,0.0006969455172898,0.0432715493316591,0.0054317289339242,0.0134773748856711,0.0209194988465899,0.0126697745145134,0.0521779105849902,-0.0536722689366491,0.029395382903343,-0.04377463863337716,-0.026354225982247237,0.01553990226826052,-0.02669722283765974,0.12013858084969065,-0.03955061836212903
2019-08-31,-0.0562962964219867,-0.0240968697146966,0.0282273668264552,-0.0499010771598154,0.00074622698639,-0.0005541420853165,-7.475719713789797e-05,-0.0304147156209624,0.0262091599267926,0.0105094123098454,0.0747132714363736,-0.0409479140372721,-0.0431954296991236,0.034097741132010695,-0.048331906486354326,-0.03551995290527654,-0.0185055601808789,-0.07513355730335969,0.0688539967542241
2019-09-30,0.0307747159439368,0.0135875798214617,0.0068400528223049,0.0161962054604349,-4.963783226441532e-05,0.0139029386930642,0.001605948511727,0.0199619939283943,-0.0016252541286325,0.011687800276112,-0.0482772639495884,0.0287314164229479,0.0349452651456059,-0.017774086378737564,-0.03104751677964901,-0.007230363194846268,-0.03398909601496869,0.060566923341483614,0.03274312950583336
2019-10-31,-0.0305304319259681,-0.0210707780339174,-0.0666753015777991,-0.014344262295082,0.0012428459370199,-0.0487106771389517,-0.0029458511710468,0.0272933435640962,-0.0151163145553233,0.0041119852306155,-0.0224263135412217,-0.058429656294849,0.0083956757946008,,0.04184009893833451,0.03347436512996804,-0.018258512322532505,,
2019-11-30,0.0239043527198115,0.0224755104717144,0.0510674056506974,0.0054285054285054,0.0006952950477603,-0.0102806643784274,-0.0014581901518714,0.0334369372629657,-0.0009444416120704,0.0117005129309908,-0.0323355909984706,-0.0054602948046004,0.038733020627121,0.01733468628445789,-0.003124116526712739,0.024291984025990754,-0.017073288180861845,-0.059544265577282096,0.031360380797957
2019-12-31,0.0121243358346285,0.0186311739018372,-0.0486488177901089,0.0506605399195865,0.0012309906130199,0.0126085766894721,-7.503746212955686e-05,0.0300978378501983,-0.0111085134825786,0.0084810836092947,0.0196432603296454,0.0156808455209358,0.0217807982800826,0.02377192253345517,0.06226579892177431,0.031051045832956703,0.018333697144969685,0.06316185360863091,-0.003424910499126632
2020-01-31,-0.0319316410047837,-0.0125755888709913,0.0271886323608467,-0.0584955171659742,0.0005478902742281,0.032847086191295,0.0025222242384661,0.0043827686027098,-0.0045410761476116,0.0244648086154997,0.0435119574844995,-0.085870037585598,-0.0110845449854555,-0.03442396687505078,-0.059788238215750744,-0.015125956414729247,0.02574795885242409,0.001576617681584791,-0.021039413847638522
2020-02-29,-0.0878305310670026,-0.0605335210810163,-0.1040470481568642,-0.0233422366740215,0.0007468805031491,-0.0733334403911323,0.0014987636458247,-0.0984242757161458,-0.0360144044428902,-0.0895522271213881,0.0322546419098144,-0.0256598619129436,-0.1095016745132511,-0.08769864626250734,-0.017444055827598115,0.028864404984067615,-0.047428009664906456,-0.07727524483009696,-0.10480347433700732
2020-03-31,-0.219416837118191,-0.0978942489207876,-0.2495205689320522,-0.1224732461355528,-0.0140789206237119,-0.0812025906508434,0.0023946522161502,-0.0833557028392775,-0.089663814495697,-0.078483567135976,0.0418336930825367,-0.0645175527028359,-0.1509488431657082,-0.1016129032258064,-0.1342696295409297,-0.1893727846027058,-0.1256246936584553,-0.09576617137526577,-0.01932093939261703
2020-04-30,0.1220272245430496,0.0894988283531694,0.074126857560741,0.0672086720867208,0.0142296564839863,0.0412599624199159,0.0045534648860166,0.0821355008661679,-0.0073871535813849,0.0584833707366496,0.0438042620363061,0.233445666432662,0.1513285012385912,0.03113618876635038,0.0845412350443504,0.15971902744978062,0.09006198186434689,0.1779435716610227,0.07373449379305264
2020-05-31,0.0607450654221017,0.0637232057943999,0.0692924269472279,0.0276790248857288,0.0021888348737515,0.0558593230520894,0.0017835932076541,0.0368663766021417,-0.0165379959842634,0.0222689371275359,0.0381852551984878,0.0467522248992671,0.0208003020321347,0.021888369316485967,0.03262818997474337,0.08332145498786758,0.04751140342981719,0.021403628628003046,0.009719387408594793
2020-06-30,0.0215163442605308,0.0303189392775009,0.0043756016819653,0.0783296268841116,0.002092367161123,-0.0252050967201354,0.0009641746674426,0.0169935039445465,-0.0128923509119457,-0.0008220492324861,0.0233066278222868,-0.0161664802092301,0.0003881323158831,-0.04059974686009149,0.00044395819140330417,-0.02747156875797363,-0.1034981565515195,0.32551672969028567,-0.03643399530705771
2020-07-31,-0.0306446851410338,-0.011256939079034,-0.1072328793252855,0.0217690192483959,0.0006470315967399,-0.0306412961948524,0.0018224140787181,0.0383032854838909,-0.0073822296200726,0.0339366837130232,0.045373665480427,-0.0044545026253117,0.059553826193214,0.013497057032677118,0.06317960386169985,0.03774944467331065,0.024865128053909613,0.14814218890638364,0.06376623837302642
2020-08-31,0.0275762165711381,0.0413120625860909,0.0470030500136451,0.0344247589145547,0.0009945093430601,-0.0107444877707423,-0.0021873901838214,0.074770995380051,0.014874155359879,0.0298388698297364,-0.0187234042553191,0.0666089664296656,0.0525449066771521,-0.013918093521578023,0.0680539910595217,0.15811256698742304,0.04556596974777438,-0.13633383302674495,0.0230822994300921
2020-09-30,-0.0003690331191016,0.0074474183884549,-0.0131139846798071,0.003360433604336,0.0009438452130243,0.0327868281205117,0.0015976186691639,-0.0264916270426447,-0.0093009588673919,-0.0133281557003639,-0.0039895923677363,-0.0756941638480108,-0.0389633260231022,-0.04610073111291635,-0.01640762385308614,-0.02877746627117672,-0.009037021870082595,-0.010899678573337623,-0.02530665656657083
2020-10-31,0.0261508218618227,-0.0272162927680212,-0.051408925904247,0.0082108902333621,-0.0004964740074223,-0.0152978302656133,-0.001891879506829,-0.0325366790016974,-0.012745429363422,-0.0326938512877514,-0.0121908742598397,-0.0336622193850262,0.0003619992355414,,0.014061881124812325,0.014587119602715193,0.014359601466841898,,
2020-11-30,0.1390032936936813,0.084078908820552,0.1869516673367159,0.0690098585512215,0.0015393610164893,0.0293663240338546,-0.0008547601796183,0.1087196696099752,0.0066854488458236,0.0625379510651775,-0.0811001410437235,0.0615239951205701,0.1470960919265422,0.1241217798594847,0.058609564160003735,0.14522580096858473,0.03766356984306407,-0.05175431742598946,0.10957574940400816
2020-12-31,0.0445716566133282,0.02392785742121,0.0047054213559221,0.0535284683239776,-0.0014277609613614,-0.0194053804072364,0.0026039251756246,0.0414735755013806,0.0,0.0220952351888021,0.0391404451266308,0.275984245578776,0.0321766698175023,0.034848484848484906,0.04781433389241596,0.05194766904764725,0.018420003450951405,0.17668823064484518,0.034028721550821706
2021-01-31,0.0133783338655528,-0.0099390217966487,-0.0660082864337533,0.021883920076118,0.0013445998317409,-0.0084482770326081,-0.0014300838780687,-0.016098249020792,,-0.0122996617459726,-0.0232644017725258,-0.0593481750682427,0.0053483872411905,-0.011346998535871178,0.026068098165238363,-0.0027960457518734216,-0.02045823110924483,0.024665826003773983,0.00621354368518956
2021-02-28,0.0659430476737314,0.00221269589207,0.0516105514188007,-0.0029795158286778,0.0008453420057243,-0.0239955576842032,-0.0073309707677835,0.0262647445848751,,-0.0149056776514593,-0.0867674858223062,0.1808729394288417,0.0638394420093544,0.015364679748241405,-0.008327998874471332,0.028500327414427984,-0.0327324504474894,-0.02824397995240613,0.036136354039274954
2021-03-31,0.0732494372588321,0.0481033779744417,0.1131143446644771,-0.0018677624206201,0.0010935070072639,0.0791675260419955,0.0013871478892826,0.0377596626997653,,0.047117393748514,-0.0002069964810598,0.096468860266172,0.0502929615644849,0.08532360984503184,-0.008883475869645219,0.015433363847062953,0.09876533191104797,-0.01574136332936016,0.013906256631021963
2021-04-30,0.0247239896634607,0.0270541205390806,0.0072718423555602,0.0168413173652695,-0.0019360179642454,0.0269290133655881,-0.0007112040289274,0.0493227929351223,,0.0259740631279039,0.0341614906832297,0.0260335456407327,0.0463881911796895,0.011926759616999849,-0.00423970070498092,0.0020829013505294647,0.004414340228898528,0.07309729309886759,0.023657434213637085
2021-05-31,0.0059469165937098,-0.0015626338761151,0.0196368435858496,-0.0095693779904306,0.000497270686792,-0.0194866797800297,0.0010488327020907,0.0202273018714502,,0.0231770232398647,0.0440440440440439,0.0978539364690795,0.0214508783821716,-0.0019920318725099584,0.041279938172676056,0.05714146334493919,0.04257693851629751,-0.06624926705555045,-0.0034027770866768003
2021-06-30,0.0140003601750542,0.0373066312980789,0.0189662731933708,0.0379041248606466,-0.0002923507660979,0.0118866927704555,-0.0001122136321588,0.0171827768720431,,0.0048788775444277,-0.0435282837967401,-0.0063012887702407,-0.0047092115059077,0.0013306719893546592,0.00505602844777564,0.02035733461933531,-0.04133413711227851,-0.017462250988221517,-0.014369072742569156
2021-07-31,-0.0250324614978262,0.0003054161745026,-0.0228256904654978,-0.0590762620837809,0.0005479207790988,0.0130519097916546,0.0008553076520181,0.0306293216743001,,0.0293047077347801,0.0256615878107457,-0.0643504407025118,0.0154732322389736,0.020764119601328845,-0.054609248240858665,0.052547365792911416,2.7202268729098478e-05,-0.06584505269282626,0.021073890158741726
2021-08-31,0.0359679710347964,0.0368795978129665,-0.0038879711749709,0.0235920852359208,0.0005474392447244,0.0199313878421725,-0.0014972091866806,0.027197375884064,,0.0173517312787436,0.0031274433150898,0.0624884416217592,0.0235486088773444,-0.004556550040683449,0.040966981385314405,0.051757112549454476,0.06299089319892226,-0.07081337396576459,0.04601364123704044
2021-09-30,-0.0012574459707322,-0.0184425910832464,0.0097911008084994,-0.0096654275092936,-0.0003480726407104,-0.0231601725141705,-0.0056607286396519,-0.0569875516318583,,-0.043384649087012,-0.0083787996882307,0.1638123825732012,-0.0276820870299164,0.02533921857119492,-0.05724077338090672,-0.08041674991923276,-0.034193268240526264,0.07621006585942336,-0.011284533461433321
2021-10-31,0.0171943821173892,0.0253587839380307,-0.0246944843019948,-0.0093843843843843,0.0002985685041889,0.040521822956312,-0.0054289596590572,0.0635924518644492,,0.0282153549454606,-0.0045195519748476,0.0984246446039378,0.0415032118177904,,0.010718372294006517,0.09998931728784166,0.04640633631920199,,
2021-11-30,0.0051417287181967,0.0125589692827208,-0.0270026296515928,-0.0064418340280408,-0.0003483619957287,0.0034595787288558,0.0062547081486994,-0.0124125712413044,,-0.0146465105089769,0.0331622581918673,-0.0337549337292082,-0.0100837592792942,-0.023596938775510168,-0.013838117997142407,0.02048988849496758,-0.0020523222314017264,-0.04257521508204509,-0.04203122503709367
2021-12-31,0.0348613153642847,0.024769287790922,0.0350827476565132,0.0095347063310449,-0.0009340371107142,0.0364368551987459,-0.0042569287181517,0.033811290328571,,0.0510849434619229,0.0055406954528085,-0.0494940438060886,0.0450417037032806,0.04817112998040507,0.0012846084320512485,0.002016374039035318,0.024111556577198323,0.009907135375507137,0.04102161714427366
2022-01-31,-0.0373410832471865,-0.0387072398054481,-0.0090809096864946,-0.0139780884019644,0.0007481099055,-0.0330644923397207,-0.0081646191580879,-0.0756849634958303,,-0.0607932648023057,-0.0089302679080371,-0.0882379687960969,-0.056605984832065,0.0129303629848887,0.0068804980252925585,-0.09394558116728713,-0.02269582110202617,-0.03027566817961269,-0.053933629495222846
2022-02-28,0.0185493646555099,-0.0284204587968452,0.1089882132025361,-0.0325670498084291,-0.0003489114190585,-0.0064433164850935,0.0007636323773592,-0.0218599539678117,,-0.0098650001188379,0.0601993865030674,0.1696172047290149,0.0068466999853926,0.004460166102737695,-0.041047768427799114,-0.017279191785286474,0.01865441149423952,0.08744182143100465,0.00536030581685365
2022-03-31,0.0343737440100957,0.0375977874170778,0.0091916423557125,-0.0003960396039603,0.0006482304515991,0.1125858101771766,-0.0069056584621733,0.0401514955022335,,0.0494669092176716,0.0426763110307413,0.1043837562051062,0.0374629885211001,0.022967386311437687,0.02752413112700447,0.1059869975288954,0.11859445813466007,-0.056030774720499554,0.0212552226366165
2022-04-30,-0.012647508952905,-0.0308883345615945,-0.0212947735493119,-0.0097068145800316,-0.0005481124728246,0.0009315967694323,-0.0042260878395905,-0.0719227436259407,,-0.0409726690033487,0.0270551508844953,-0.0655222501581639,-0.0593493402406127,0.01047747343212091,-0.06669687681210379,-0.10051664656659043,-0.03403882064095953,-0.056581277596923885,-0.007407951256277134
2022-05-31,0.003876945585951,-0.010078074337288,-0.0209982471982524,-0.0066013202640528,0.0005484130648656,-0.0085171595781942,0.0013504281441774,-0.0286443567628735,,-0.0236193221101648,-0.0378250591016549,-0.0676047998812077,-0.0116558743872826,-0.05569545252555175,0.04886418844721119,0.05753780693654553,0.06871434445678637,-0.059974815716487884,-0.0243087505124584
2022-06-30,-0.0650996548724942,-0.0420434749592116,0.0144474558416063,-0.0346355215465162,0.0009290334051963,-0.0238497452648447,-0.0047007642699699,-0.0834174387685592,,-0.0414443575322559,0.0182520182520182,-0.1312599307788547,-0.1060121016022901,0.033882352941176475,-0.05533008117435767,-0.10023374516435524,-0.08050844438528149,-0.01034611762832538,0.04268959297706676
2022-07-31,0.0944937999756438,0.067024752741041,0.0431066032204452,-0.0002085940759282,0.0014976173527845,0.061658147617305,0.0075102605743164,0.0700749279490455,,0.0330302245213753,-0.0253360910031024,0.1803484061371376,0.0949240457321718,-0.011986041571840356,0.04097069910573903,0.20343216012413534,0.11139350531661685,-0.10331704357232896,0.004681046224332075
2022-08-31,0.0153751290855363,-0.0015096928075962,0.0230338107260974,0.0477780095973294,0.0003489576970239,0.024435432005196,-0.0261780163259855,-0.0374793995748372,,-0.0229926140003162,0.0185676392572944,0.1468405834373725,-0.0246201838448271,-0.05036855036855037,0.030053410672539638,-0.02200206736664556,0.05854621826804829,0.0629003647723696,-0.044993053431121144
2022-09-30,-0.0597134625213421,-0.0541717119681889,-0.0602754815904702,-0.0708880923934687,-0.0002491427012315,-0.0760657388462193,-0.0312303623914943,-0.0810868801759886,,-0.0608567309383664,0.0149305555555554,-0.0891511635081789,-0.0923738530171806,0.029269081500646887,-0.14793090407413767,-0.13119684843414237,-0.11743358924897773,-0.005552219586048679,0.042306833766311946
2022-10-31,0.0788187524262054,0.0243561826904163,0.1324348108063762,-0.0557222460351478,0.0036877603348501,-0.0162742173625835,0.0251775870088661,0.0516879479993268,,0.0446358398113979,-0.0499486828600752,-0.0496409444347578,0.0968935384557043,,-0.019781894566509473,0.1048642389278942,0.040270955464891234,,
2022-11-30,0.0245946578589166,0.0515424706431786,0.0132693533640797,0.0969133000453925,0.003078551152525,0.0206787406236161,0.0063687279873896,0.063759158398533,,0.0461019313405972,0.0306085703997118,-0.0472240482530641,0.0357383880154613,0.07211311861743908,0.12194181694157913,0.0890225066460526,0.030060957193450477,0.13351944755431333,0.03409253111374122
2022-12-31,-0.0653446705954611,-0.0547614150024154,-0.0074781272257075,-0.0160355886612869,0.0049493742300166,-0.0125858990405138,-0.0039552396416062,-0.0187304417371869,,-0.0039412615891418,0.0283018867924529,-0.0593051704212503,-0.0279948104224677,-0.012602579132473646,-0.038617498585055365,-0.07354739415109024,-0.029756223752590794,0.1015737872181608,-0.05654648111325444
2023-01-31,0.0644948181542865,0.0491766675466167,0.0004517354397985,0.0568815056250657,0.0012917310609312,-0.0212436828738249,0.0094391042614794,0.0547189381307093,,0.0107914083684306,0.036357458375807,0.1561439519101379,0.0624245939378764,0.040516473731077474,0.06880064008005227,0.06976169753259964,0.03684307744083126,-0.00867002749976764,0.05750088886684179
2023-02-28,0.001092760477318,-0.0097964823430827,0.0245703616988672,-0.0499403103859928,0.0018359952063151,-0.0250102715299801,-0.0091814535901161,-0.0174944488214978,,-0.0284697912294952,-0.0373770491803279,-0.0800507283099999,-0.0147522154200159,0.01775780915703895,-0.05329636553717387,0.014754512856623991,-0.18077217887540487,-0.12145215324759151,0.008532027546827248
2023-03-31,-0.0815359981411369,0.0061553267252798,-0.0206811005318529,0.0087958115183246,0.0038133514643836,-0.0051610440369004,0.0085477692824789,0.0311093008345488,,0.0355311812385079,0.0606267029972751,-0.0871025931239716,-0.0259789966106116,0.011281620068670728,-0.010049175846766234,-0.007042804845283079,-0.07466915403198415,0.19640617879685607,0.04787165815723338
2023-04-30,-0.0183092515440492,0.0067286083151003,-0.018466317924077,-0.0234585841810255,0.0043419914700286,0.0072221481064254,-0.0026139183416215,0.0203453292864328,,0.0279447822917087,-0.0099550417469492,-0.0254813142903949,0.0116935932533337,-0.048295454545454586,0.004750187866489952,0.00398991619597,-0.022812395544740238,-0.05510491904912407,0.039725742662152674
2023-05-31,-0.0275526891520163,-0.0036498394692872,-0.0399296252172408,-0.0119047619047618,0.0031930242687001,-0.0502381369729758,-0.0084180227425543,-0.004376976548275,,-0.0418100541953498,0.0058384690236781,-0.0380108473058291,-0.0285713889382102,0.009537677466326944,-0.03970980391610568,0.0003980475701172992,0.07038322288212195,-0.03561139102084143,0.0915140842653368
2023-06-30,0.0775823492953193,0.0408397977203582,0.0586815009485965,0.0264629948364887,0.0032095717506204,0.0059548131284181,-0.0110122567740084,0.0580305041616573,,0.0307057450410817,-0.0525636891325378,0.1200483242873784,0.0631015160259098,0.026683975191114984,0.02455045717163684,0.055705468320069285,0.015885445333940318,0.09096649568551252,0.015808509083941935
2023-07-31,0.0347217815358258,0.0166711129481234,-0.0097870276253495,0.0484175225319638,0.0041805613037979,0.0145879120169623,0.0096538210841115,0.0350876760414051,,0.0148083353924279,0.0148059904697073,0.0181557376284764,0.0401157265602625,-0.023602135431300963,0.07227459416704729,0.017052086712878056,0.049154075484751925,-0.011843975288424624,-0.005335657319075149
2023-08-31,-0.0232582507675552,-0.0182182402441842,-0.0021297207726004,-0.0459816073570571,0.005650398770864,-0.0413928029250144,0.0060807061800975,-0.0119535803401458,,-0.0128755364806867,0.00083850410867,0.1243819705776938,-0.0286543679460269,0.022877697841726663,-0.027337944847292017,-0.005695349512811698,0.08105794641784647,-0.08523332567630204,0.01301959367933514
2023-09-30,-0.0085384754777328,-0.0030347405627871,-0.0478986760456762,0.0104777870913663,0.0036471808679758,-0.0158696524283556,0.0074945362847493,-0.0451426499057863,,-0.026434790569803,-0.0085455764075067,0.3054880368789023,-0.0468010291041377,-0.03812069208046143,-0.028180093808544804,-0.06525085325347213,0.09328743252530569,0.023410227369461856,-0.00921175040427924
2023-10-31,-0.0453497911713492,-0.0223130772840089,0.040036176157095,-0.0385732061385317,0.0049105485153784,-0.0055223986429715,0.0047192703123364,-0.0217473809124469,,-0.0173276389538243,0.0792631401047827,-0.0405941773020582,-0.0543223238788486,,-0.03293788439677037,-0.07817678468837197,-0.02206832524861624,,
2023-11-30,0.0411643149465523,0.0433593392514868,0.0454250690249311,0.0452976704055219,0.0043004080841047,0.0247151975973183,0.0082796070375288,0.0873767735890505,,0.0556262764344277,-0.0178515502662073,-0.0036983791346314,0.0930682914053742,0.023252412986253246,0.03287670718013036,0.07079795777844078,0.023781779650339008,0.099066734147778,0.041253779442956384
2023-12-31,0.0952012400961404,0.0450343176660423,0.0567326792898299,0.0297152290548905,0.0062059959767504,0.0349013239207438,0.0186339977027396,0.0552888997395832,,0.027208573090375,0.0063775510204082,0.0343525699932374,0.0165487303940183,0.037301700728883835,0.03202806015151949,0.08252513793288796,0.0005162207833855348,-0.057830693874790895,0.001978266158382924
2024-01-31,-0.0219936534318395,0.0057903761929809,-0.028264721561516,-0.0312625250501001,0.0049116876326829,-0.014034377824498,-0.0028417071810835,0.019710211538328,,0.0271584055397204,-0.0055449936628644,0.1452555041533607,-0.0853734639289968,-0.012124552218241935,-0.04184188424905377,-0.04108063760556335,0.15158392993332837,-0.026980923830065118,0.07289223109396081
2024-02-29,0.0431859963227616,0.0477560023160212,0.045315771498257,0.0376499793131981,0.0035053399512836,0.0022886480255506,-0.0053022917561352,0.0459276829680852,,0.0052227793770756,0.0033455472359407,-0.1132887419250309,0.0433424253742058,0.0009762900976291178,0.04434906411027373,0.09034527045275098,-0.027889761400253676,-0.02479253666262804,0.06366260423348291
2024-03-31,0.0592571598182443,0.0356375376956932,0.0368015973607938,0.0287081339712917,0.0052149223074104,0.0285109840886386,0.0078764754357962,0.032222351233287,,0.0246793384315295,0.0847888218482058,0.0137166962647874,0.0744888807462758,0.0788630346941619,0.0356992420688782,0.06290726474287034,0.09171562392561916,0.17083623610865173,0.04035352500786815
2024-04-30,-0.0550646481799274,-0.0304008424190728,-0.0105589813103745,0.0131782945736433,0.0053837668867005,-0.0072136414899217,-0.005683585121411,-0.0339708868835703,,-0.0347013535133294,0.0450819672131148,0.0395887491334658,-0.0272694211822353,0.02130956993413413,-0.015562982987304408,-0.03147859715857171,-0.013720348831216977,0.14719562193944968,0.016135539796195086
2024-05-31,0.0278435000533785,0.0317395824549908,0.0334784211331029,-0.0080336648814077,0.0048680637609797,0.0106457941354727,0.0050809245794278,0.0386503815210823,,0.0137885780997297,-0.0019607843137254,0.103899013425722,-0.0082233197675363,-0.01049570055639859,0.025998615695674854,0.07192134003980777,0.003638351828662678,-0.03591446815285371,0.030785524587350288
2024-06-30,-0.0166355812506501,0.027210873377637,-0.0205353502529224,0.0458927882761279,0.0031398422759454,-0.0108872855763485,0.0071879876209342,0.0387372415334605,,0.0163536619766766,0.0056132472635419,-0.1044176355969157,0.006532717115943,0.024281150159744413,0.011233562930297536,-0.0443373062414647,-0.016846165003002067,-0.01820136538218109,-0.027463071064485867
2024-07-31,0.0704334115500571,0.0002652816128669,0.0681335261517821,-0.0055309734513274,0.0043180637921624,0.0535825957307449,0.0097031558991489,-0.0008808920577902,,0.0458818073460602,0.0230253977114149,-0.0998045148610462,0.0249625553100136,0.007860262008733576,-0.014052908697688826,0.008388890566826124,-0.1440407527658314,0.0061492490880972195,-0.013413313158840645
2024-08-31,-0.0244165541774918,-0.000659161667456,0.0058410794570371,-0.0170559881349647,0.0048430587967975,0.0022417258361597,0.0031663418774976,0.0293901529802846,,0.0421933979997621,0.0113217842040649,-0.1212160192293869,-0.0187530548468161,-0.015536023768259466,-0.009333177270997473,0.004034234074534515,0.07908469306351296,0.07614653162522034,-0.018515202489448157
2024-09-30,-0.0002954186818557,0.0053923928262924,-0.0018479348572906,0.0362127499056958,0.0041803706625513,0.0082612294843187,0.0040242619838317,0.0118485962241414,,0.0052616284710009,0.0299433504181279,0.0926598837209302,0.014891994551677,-0.015906947500785917,0.09198554928638658,0.07927273348913899,0.16860397932458215,0.05006097160566103,0.010981446867731393
2024-10-31,0.0225115070230663,0.0110999848588821,-0.0032599372532412,-0.0003640334910811,0.0038693091310169,0.023605123631138,-0.0068374020048742,-0.0205981820125177,,-0.0196277769421456,0.0840754321634362,0.0636514474039739,0.0184641985665172,,-0.03074577475808349,-0.04385066769669388,0.07465086301921353,,
2024-11-30,0.1100329991792199,0.0618555991765872,0.0994236712304506,-0.0069191551347413,0.0040492226144455,0.0402654667475343,0.0092584945194282,0.0345721922959159,,0.033219603346162,-0.016429089151969,0.0401451195612796,0.0793612743149736,0.026386404293381016,-0.009453212621598373,0.05426703219398643,0.0862939737840136,-0.05989342138410381,0.015504586095967277
2024-12-31,-0.0674639884302807,-0.0151252148444339,-0.0519280406522537,-0.001100110011001,0.0057607985174408,-0.0541407293124617,0.0007448249048827,-0.031606748158062,,-0.0489449708961642,-0.0061409972979611,-0.1306961772413357,-0.0388208877033766,-0.012387177093059476,-0.0025611115578921817,-0.03709660222905986,-0.08623809331197796,-0.06068356460808921,0.02986993830927931
2025-01-31,0.042551833593033,0.0509091500824858,0.0881172040906412,0.0249632892804698,0.0048112823304671,0.0233414057145495,0.0044330789309325,0.0333572910571653,,0.0405975660320852,0.0845279288185862,0.0441217488437932,0.1529336393684863,0.06340602546325469,0.031814784390503226,0.021926394207017585,0.03258923560464666,0.08942022900644453,0.015428382755726666
2025-02-28,-0.0518363723935443,-0.0377765912693829,-0.0251630073562534,-0.0189828080229226,0.0035541709985507,-0.0043046110252923,0.0059680550022092,-0.0196188062922598,,0.02219008667745,0.0018231540565176,-0.1778381185034429,-0.0224341341064147,0.018018018018018056,-0.002579285956039401,-0.041494937621512684,-0.14576298575106317,-0.01415903504825522,-0.033061681722972636
2025-03-31,-0.0492415708317641,-0.0594285659917571,-0.0352718122938918,-0.0160642570281124,0.0024594063186638,-0.0041823602674103,0.0023730720084864,-0.0459835070375913,,0.0110669515060422,0.0675614194722475,-0.0949005431356717,-0.0347057939685871,-0.027014438751746583,-0.049886861864050225,-0.0933224583176071,-0.18607583789121418,0.05580199785527418,-0.00882234337304899
2025-04-30,-0.0493400002447207,-0.0317553633331857,-0.0112246055090755,-0.0241187384044526,0.0051029635407946,-0.0260597371899323,0.0119159401983794,0.0025289819377889,,0.0051921850420404,0.0262092478158959,0.0415664896945928,-0.0240400179223002,0.037458113930110004,0.01045935407210763,0.04446169836849201,0.2326826234291599,0.00632152442834788,0.049065566437422214
2025-05-31,0.0614753998935808,0.0561942333014453,0.1313553366476665,0.0376425855513307,0.0025386869910244,-0.0051363341572684,-0.0017156392741688,0.049413887241646,,0.0142399038331983,-0.0155730897009966,0.152965311458733,0.0488283744624915,-0.00023070711731454363,0.06116539669630372,0.07485438373328779,0.22562797769482024,0.09120541822895034,0.028366405208264833
2025-06-30,0.0219677750522182,0.0236890886264984,0.0278525388746242,0.0513008427995602,0.0051185990510425,-0.0078817485583441,0.0065620326967565,0.0322398011869577,,0.0037164024417841,-0.017506855093862,0.1562407770953671,0.0347084715928149,0.04361370716510904,0.06321052315216824,0.11408912030414564,0.11444939437873436,0.01763461520286036,0.03300225230303622
2025-07-31,0.0410370052589372,0.0544749685697247,-0.0160759366269077,0.0481003834088533,0.0041682551283444,0.0392252853135575,0.002777201469938,0.007945230562393,,-0.0138507204086308,0.0392872477458137,-0.0129486866486377,0.01817814165051,0.011608623548922115,0.005988079641679578,0.02091465078647592,0.09490422535546172,0.07572511757408296,0.03631877929689287
2025-08-31,0.0494305462915125,0.0083036408410615,-0.0099641646055937,0.0023279015630195,0.0040522049896412,-0.0136888386776055,0.0010259423791543,0.018619123173347,,0.0179389962514009,0.0233422846519313,0.1198856797844813,0.019135948845578,0.0180327868852459,0.026785678082699382,-0.006534153317081404,0.029177275263790214,0.17510395478137153,0.027760817066067034
2025-09-30,0.0047102597210304,0.0261176614200366,0.1307120735379605,0.06635700066357,0.0030514167403961,0.0223815667721316,0.0017344779595067,0.0254837056688388,,0.0006831018284489,0.1192975373435607,0.1711899483834567,0.0051296823544553,0.04251207729468609,0.05393373878642871,0.081217530674212,0.24056153864983232,0.0484903280903306,0.09431427388967606
2025-10-31,0.0138863720046358,0.037032784877669,-0.0616430766199049,0.0612943372744243,0.0050050126691776,0.0175321612397543,0.0085785924073262,0.0142466980484989,,-0.0204778156996586,0.0623985572587917,0.095068391954505,-0.0043331435229084,,0.02985955199318968,0.039846574985865635,0.12245694650383143,,
2025-11-30,0.0306116912606921,0.006744043094059,-0.103870879488779,-0.0228671943711521,0.0030270615681575,0.0182102409693352,0.002809212101952,0.0099416523337207,,0.0267595563616072,0.047869631641487,-0.1458672831485793,0.0211798334593216,0.0030892801977140394,-0.006103952302931148,-0.03502060628518222,-0.17717751052460895,0.14614513797048612,0.007602551524162227
2025-12-31,0.009086770173478,0.0042279631428858,0.055424095219017,0.008100810081008,0.0045201075847762,-0.0294548866655522,0.004980151049601,0.0184173362938704,,-0.0014931534286087,0.0071278146768183,0.0182107064129499,0.0112700301418537,0.024330150908530968,0.02629304181788239,-0.01156616722161008,0.01231145795107702,0.28627319648470984,0.015767226711488336
2026-01-31,0.0406348568398922,0.0171140977043506,0.1374820559763807,0.0571428571428571,0.0018827410771944,0.0126296187540213,0.0009625025983652,0.0283112576007296,,0.0009516000155989,0.1347917001769343,0.3819278185824726,0.0206967513554714,0.03277209861695729,0.07414680253813799,0.05959632467074227,0.165971118553619,0.31311615043901386,0.04779989511329408
2026-02-28,0.0769064847275426,0.045264003535393,0.0295728368017524,0.072072072072072,0.0032637695016792,0.1106258430642226,0.0082077256968016,0.0140691777446342,,0.0460410093182648,0.0688873139617292,-0.0311512599052389,0.0368841577323975,0.06938379427462404,0.052402545407284284,0.09492343165426687,-0.002045245687332442,-0.008791253154942336,0.09708802384903725
2026-03-31,-0.0334973782099219,-0.0524583647889557,-0.0755319148936169,-0.0987394957983193,0.0019638963919343,-0.0182701991730893,-0.0149511049871575,-0.0775027306497988,,-0.051025713794673,-0.1001193475666357,-0.1166510981825118,-0.0682240415780053,-0.041515426497277685,-0.11356495602685879,-0.07949393944163952,-0.10728552089558263,-0.21348126630934505,-0.03355554008993622
2026-04-30,0.0574174847518658,0.0671406603376869,-0.031760616324439,0.1136363636363635,0.0034790548076197,0.0047805902416966,0.0032581347269629,0.0880332057217394,,0.0077987050592209,-0.0266725611553197,0.0596095703380523,0.0664767312168006,0.007573964497041397,0.1241952544125835,0.17056503567079928,0.05371901007383051,0.03504692730460213,0.06404418497466735
2026-05-31,0.0233415416494169,0.0511927307905508,0.0383883846633614,0.0884353741496599,0.0045567981667757,-0.0245907590389387,0.0068911108640161,0.0339608977157455,,0.0067879442728999,-0.002119606358819,-0.0871224728294283,0.0336598279303226,0.010335917312661591,0.09080340726419922,0.02614636929501213,-0.0668845227182252,-0.21332966794494357,0.032687122249522416
2026-06-30,0.0219159616269861,0.0134268856288486,-0.0519629435501307,0.0076923076923076,0.0023875317583295,0.0254355400696864,0.0038546086625435,-0.0096807234111809,,-0.0165858049648673,-0.0796726685774161,-0.0359934351421827,0.0031521203183366,0.0016275284817484081,-0.00616342695083949,-0.016020281058522046,-0.05486813421321046,-0.04686746012370857,-0.024121360163952832
