Date,r_spx_cc,r_ndx_cc,r_spx_oc,r_ndx_oc,beta,z_spx,z_ndx,r_pair_cc,r_pair_oc,fwd1_pair_oc,fwd1_spx_oc,fwd1_ndx_oc,fwd1_letf_oc
1986-04-30,-0.02074753793332762,-0.021105822040383138,-0.020788291664655012,-0.021105822040383138,0.6175751666339807,-2.4554826306692554,-2.7888346307934477,-0.008292657843963496,-0.008267489351548026,-0.0035397621518199135,-0.001528535172473533,-0.004551041342639395,-0.006390999707827605
1986-06-09,-0.023242526550398712,-0.02023037346025347,-0.023242526550398712,-0.02023037346025347,0.6500139192568574,-2.6026072820586053,-2.5605935176792594,-0.005122407683797238,-0.005122407683797238,-0.002078854559925598,-0.0015836175703463073,-0.00315248581992289,-0.003716750839853066
1986-07-07,-0.030739864334399125,-0.04188067601866319,-0.030739864334399125,-0.04188067601866319,0.7923587438936938,-3.641131600298015,-5.009686126619038,-0.01752367572719614,-0.01752367572719614,-0.018760118672383315,-0.01007992904366184,-0.027692342541881465,-0.02983891397234757
1986-09-11,-0.04808550554605662,-0.043388134178241944,-0.04808550554605662,-0.043388134178241944,0.9939431976182769,-5.206130116670066,-3.9269584507144764,0.004406126963296959,0.004406126963296959,-0.006537759914630972,-0.01917677798831041,-0.024736406801104005,-0.010063283896607192
1987-03-30,-0.02340185918858051,-0.0275852750791169,-0.023302917103190324,-0.0275852750791169,1.0259956093346563,-2.665648263716214,-2.4246073933603367,-0.003575070301365415,-0.003676584446554162,0.002699904934906048,0.008609732808418258,0.011994378065857791,0.003894971970785246
1987-04-13,-0.02348796658539498,-0.02305014341810807,-0.02345464856215862,-0.02305014341810807,0.9587027126241103,-2.434615259792305,-2.0332124576617288,-0.0005321661386654408,-0.0005641082179214142,-0.0010852442447802577,-0.02258317993158998,-0.022941645886941697,-0.0016544889835824446
1987-05-19,-0.02452467793121793,-0.02151468255786848,-0.024558740162509918,-0.02151468255786848,0.8098953568248667,-2.185022086201115,-2.0452402264880396,-0.0016522597737498,-0.001624672930783326,0.005432324101675159,-0.005042570941746982,0.0012950189573419646,0.008952042294817863
1987-10-06,-0.027005564844507557,-0.02684622000803294,-0.027005564844507557,-0.02684622000803294,0.8357133046203513,-2.8845583197777347,-2.741353254819972,-0.004277310168690346,-0.004277310168690346,-0.0038256599942347843,-0.0021301693915823927,-0.005671206291311348,-0.006149310811308825
1987-10-15,-0.023425037370859214,-0.022430911087912064,-0.023360981234003653,-0.022430911087912064,0.827701606480283,-2.142310896976777,-2.0968796819753406,-0.003041970024191227,-0.003094989391571497,-0.007397423722241163,-0.05159680306650072,-0.050656507681991925,-0.012071472640078944
1987-10-16,-0.05159680306650072,-0.050656507681991925,-0.05159680306650072,-0.050656507681991925,0.8384062846683765,-4.549636930437812,-4.566542845465566,-0.007397423722241163,-0.007397423722241163,0.028599696567034566,-0.20466930799694372,-0.15077616397122617,0.045724934863444
1987-10-19,-0.20466930799694372,-0.15077616397122617,-0.20466930799694372,-0.15077616397122617,0.8764179753856368,-15.600524377891674,-11.771228916446262,0.028599696567034566,0.028599696567034566,-0.11512125903557696,0.052297184751353365,-0.07510432149706125,-0.19565319812132448
1987-10-26,-0.08278947284947402,-0.11686834913478095,-0.0827155480730245,-0.11686834913478095,0.7238927908666225,-2.5172870813086803,-3.965888982440157,-0.056937646579398725,-0.05699116019213696,-0.007821769198651032,0.024245637619607407,0.011212788843196764,-0.013145304357086883
1988-04-14,-0.043559861393239085,-0.03944335976408153,-0.043454201154172534,-0.038563960166280276,0.8557992998380488,-4.067352738070681,-3.8211224616421045,-0.0021648608827050664,-0.0013758852435176855,-0.00027416264795478346,0.00011549542013078451,-0.0001732381281435158,-0.00043893178537316563
1988-11-11,-0.021082206007532744,-0.02328661691213707,-0.020939084949943454,-0.02300476530490181,0.7959683554686222,-2.690772440476463,-2.9088342065092423,-0.006505848066670525,-0.0063379162922775414,-0.0020673187927809974,-0.0007837549390456999,-0.002715175594294794,-0.0033953437273241543
1989-03-17,-0.0225420783628294,-0.027386646808129633,-0.0225420783628294,-0.027386646808129633,0.8760560558171517,-3.3119985938352383,-3.7240267955232143,-0.007638522547668152,-0.007638522547668152,-0.002866832938505476,-0.009463900340177855,-0.011730094891881038,-0.004441182020551846
1989-06-29,-0.018814661700827906,-0.020372402058776107,-0.018814661700827906,-0.020372402058776107,0.92827916405355,-2.697602530530174,-2.6381782802544524,-0.0029071436231812332,-0.0029071436231812332,-0.005543137177614819,-0.0052867093265484,-0.010567284970960156,-0.008526436165629493
1989-10-13,-0.0611722891918024,-0.042124133790718554,-0.0611722891918024,-0.042124133790718554,0.7510677028634003,-9.019417764961824,-6.427063097417098,0.003820396931464083,0.003820396931464083,-0.01847046834886108,0.02757384197610868,0.0012463625685079638,-0.032308809178297065
1990-01-12,-0.024675081438144675,-0.02206040423479716,-0.024675081438144675,-0.02206040423479716,0.9689689434267194,-3.2895204922481,-2.225516970583748,0.0018489833552901395,0.0018489833552901395,0.0025695373389033518,-0.008619400285092893,-0.005651441299501125,0.003945493917704691
1990-01-22,-0.02585873263010774,-0.02734797813736778,-0.025830068370746195,-0.02734797813736778,0.9301633823899665,-3.1764138769228274,-2.6683669189213206,-0.003295131929828967,-0.0033217943742704058,-0.006313123056965068,0.0037229264803306794,-0.002787666239837172,-0.009727669759380194
1990-07-23,-0.0174220515145449,-0.021769047949779075,-0.0174220515145449,-0.021769047949779075,0.9783748970235104,-2.2204505223776994,-2.378534761495865,-0.004723750093297913,-0.004723750093297913,-0.005293054970776635,0.0013509639177800015,-0.00393616084634274,-0.007922194777794564
1990-08-03,-0.01883471442995699,-0.0290679337702916,-0.01883471442995699,-0.0290679337702916,0.9993555018587461,-2.30942601434339,-2.9686588664320857,-0.010245358278775766,-0.010245358278775766,-0.02084994720623539,-0.03024413709566376,-0.052444646741855006,-0.03059187540198948
1990-08-06,-0.03024413709566376,-0.052444646741855006,-0.03024413709566376,-0.052444646741855006,1.0446553471069107,-3.5484282060202035,-4.994480576926966,-0.02084994720623539,-0.02084994720623539,0.004568606384943471,0.001196046722018007,0.005956650057507895,0.0063437409570014204
1990-08-16,-0.022554793169504372,-0.030100947433465253,-0.022554793169504372,-0.030100947433465253,1.1842494833624995,-2.490139678691103,-2.451354521422969,-0.0033904452751316663,-0.0033904452751316663,-0.010162499619569543,-0.013629795941003997,-0.026435536654449976,-0.013896288305890877
1990-08-23,-0.02997943642500367,-0.03632138606530244,-0.02997943642500367,-0.03632138606530244,1.1833985585893785,-3.084853134931303,-2.7688162728885204,-0.0008437642126311873,-0.0008437642126311873,0.02031847923971695,0.014492321508541961,0.03740990065590677,0.027969636253216246
1991-06-24,-0.018027789698461305,-0.0360957596301027,-0.018001768329452217,-0.0360957596301027,1.0409450557857802,-2.093861264982062,-3.165363917338642,-0.01732982107674358,-0.01735690789215837,0.0013022262209528585,-0.0007818206260126193,0.00043845033684775103,0.0018560576295872956
1991-08-19,-0.02362670695787039,-0.027011620502885525,-0.02362670695787039,-0.027011620502885525,1.2593122186887211,-3.2865464389375862,-2.384336896681725,0.0027417802565384806,0.0027417802565384806,-0.0016101483634942786,0.00786248956219704,0.008236581932394849,-0.0021446074084028933
1991-11-15,-0.036585670408153304,-0.05489220441124931,-0.036585670408153304,-0.05489220441124931,1.4130399807330305,-6.326041504569082,-5.34121892299268,-0.003195189402607365,-0.003195189402607365,0.0043134213341639235,0.006847512285355295,0.014304820333812085,0.005262134542612449
1992-04-07,-0.018565543645765237,-0.03572639549165413,-0.018565543645765237,-0.03572639549165413,1.9160201244684254,-2.9320323828320056,-2.363986591613551,-0.00015444024467103218,-0.00015444024467103218,0.010380862756505668,-0.008918447184616318,-0.006726144522589128,0.010671995336765931
1992-04-20,-0.014085221970924655,-0.035585026306099055,-0.014108869821932268,-0.035585026306099055,1.5228853263310167,-2.0017962986252216,-2.5637678252787186,-0.014134848448462654,-0.014098835483163898,-0.007700940906569406,0.0002438221733536139,-0.0073081607795371095,-0.008848507840307478
1993-02-16,-0.024000142229573473,-0.039591316748277205,-0.023890390179179266,-0.039591316748277205,1.160308625699397,-5.163048310192673,-4.110231682908273,-0.011743744701290745,-0.011871090952051338,-0.0009641998760744654,-0.00145185834914896,-0.002825134610234703,-0.0012677051706429636
1993-04-02,-0.01978674969146954,-0.03712588114788162,-0.019743235664386627,-0.03712588114788162,1.223797134309598,-3.051329605944322,-3.2322737958673664,-0.012910913578159877,-0.012964165919806217,0.007729608251854113,0.0019709009349888618,0.01033177200350699,0.009993927382119079
1993-11-03,-0.011570347108458834,-0.018693753191137197,-0.011570347108458834,-0.018693753191137197,1.1261825475913745,-2.809920019926059,-2.1168024210243037,-0.005663430208016533,-0.005663430208016533,-0.012978520039615873,-0.011943326228910589,-0.02697650745101554,-0.017925849972461
1993-11-04,-0.011943326228910589,-0.02697650745101554,-0.011943326228910589,-0.02697650745101554,1.1720342510209147,-2.721336699645729,-2.968095743191893,-0.012978520039615873,-0.012978520039615873,0.010421192136756706,0.0045465849182364515,0.016345922105612365,0.013574465721805835
1994-02-04,-0.02267478124074518,-0.030654742545650593,-0.02261378730718111,-0.030654742545650593,1.3258245203074144,-5.569771797642542,-3.5588110411577745,-0.0005919615840640595,-0.0006728288367733003,8.479225602524114e-06,0.004150640082511314,0.005383878614547477,1.1083582141334289e-05
1994-03-29,-0.01634780220363452,-0.027721397886623644,-0.01634780220363452,-0.027721397886623644,1.1886339866876587,-2.9297477749221206,-3.3676337378916097,-0.008289844579736253,-0.008289844579736253,0.011946931349614515,-0.015315644945846585,-0.007180156657963455,0.015937320565461134
1994-04-04,-0.015366614520403332,-0.019688683401874907,-0.01512361481620672,-0.019688683401874907,1.1671306556300916,-2.466851541964446,-2.207619430912425,-0.0017538365218616805,-0.0020374489259385904,0.012456250376887208,0.02083616521215803,0.03699851801729559,0.017158403747881905
1994-10-04,-0.015484892033837294,-0.025488922729961838,-0.015548850827481253,-0.025488922729961838,1.2606390480342387,-2.946183424219976,-2.786895103654461,-0.005968063177512226,-0.005887434224779487,0.014295876061440428,-0.0023537854612696307,0.011183399636430114,0.018467515422553836
1994-11-22,-0.017914011943606867,-0.02773164126604699,-0.017163479986080366,-0.02773164126604699,1.2692932327972166,-2.8013141482509134,-2.826834136523401,-0.004993507133778281,-0.005946152268464719,-0.0016763761342037924,-0.0001778117999762241,-0.001909831533271955,-0.0021743488798954013
1995-07-19,-0.013394050083449849,-0.05417837994852859,-0.010061512179999399,-0.05417837994852859,1.380627430833513,-2.2656109265155315,-4.51104980211272,-0.03568618699335982,-0.04028718023715592,-0.006733225124485194,0.004646262385823663,0.0008730408751853602,-0.00765988773424495
1996-01-09,-0.014568459472750428,-0.05101667452433978,-0.014568459472750428,-0.04978485980373293,2.26925584609085,-2.6410469658492874,-2.864852510077395,-0.017957112697263244,-0.016725297976656395,0.044433631789970694,-0.01799988763402427,0.0016279240017373908,0.039460202988078216
1996-07-05,-0.02224869338113511,-0.023982003941053542,-0.02224869338113511,-0.023982003941053542,1.1996205696889595,-3.776351739306395,-2.2246687014276674,0.0027079862876587396,0.0027079862876587396,0.006792976715690322,-0.007453188725763948,-0.002554422659181377,0.009040636643519265
1996-07-11,-0.015836988517973993,-0.03296065481451749,-0.015836988517973993,-0.03296065481451749,1.2666578103444661,-2.5436975849438044,-2.9415879524058544,-0.012900609615890096,-0.012900609615890096,-0.00219914063967545,0.0008053952406246179,-0.0011325170736764534,-0.002838396812668713
1996-07-15,-0.02536407958419884,-0.04435798667598667,-0.02536407958419884,-0.04435798667598667,1.3200873301045857,-3.894548816091462,-3.828388156391638,-0.010875186577121394,-0.010875186577121394,0.015286507952582443,-0.0022705504977738045,0.012127379218499712,0.01917725896438906
1997-10-27,-0.06865683637945197,-0.07491437333123674,-0.06865683637945197,-0.07491437333123674,1.0877727258619678,-6.451481154218506,-5.4499154768199,-0.00023133927370115603,-0.00023133927370115603,0.013639353290462612,0.051152220494071754,0.06950059907160266,0.019558749880581018
1998-07-31,-0.01949333582255175,-0.03149680920120235,-0.01949333582255175,-0.031503626416754194,1.2015594456173473,-2.1636004646542095,-2.087806951021459,-0.008074407417024289,-0.008081224632576135,0.0027799764954092483,-0.00734391231703535,-0.006404069164017923,0.0037057034489280014
1998-08-04,-0.03624460502388427,-0.03741483248381394,-0.03624460502388427,-0.03741483248381394,1.237447235546939,-3.913269804896636,-2.4054240554868467,0.007435953806482341,0.007435953806482341,-0.0006837850736471588,0.00868378412505244,0.009611030847488156,-0.000938611165159848
1998-08-27,-0.03836963801008908,-0.045500540234739595,-0.03836963801008908,-0.045500540234739595,1.2346530660549822,-3.4409604606257216,-2.7453922179602985,0.0018726509778366693,0.0018726509778366693,-0.017810197176766972,-0.01481881821078046,-0.03599840672702026,-0.02398817089846316
1998-08-31,-0.06801408216529636,-0.09857401298902813,-0.06801408216529636,-0.09857401298902813,1.2448276552823099,-5.584139573156946,-5.52840806065162,-0.013908202561023889,-0.013908202561023889,0.01335893957056132,0.03863026422468252,0.06552440062879583,0.017051222304717218
1999-09-23,-0.022968138634302138,-0.04410203729244877,-0.022968138634302138,-0.048179749143523964,1.5393867694916028,-2.1522846815378385,-2.3497981116166167,-0.008745188558955126,-0.01282290041003032,0.004078073250758175,-0.00238208757093894,0.0002751889481513725,0.004711902237854742
2000-01-04,-0.03834466807849768,-0.0644629656668938,-0.03834466807849768,-0.058506841287433664,1.222311821101183,-3.618880452538681,-3.6505323287695064,-0.017593824598344902,-0.011637700218884765,-0.01270883122340665,0.0019221829913671495,-0.010109655983120969,-0.016208867755779125
2000-01-24,-0.027633593591799732,-0.04909141962971919,-0.027633593591799732,-0.05847500408122264,1.5828741497430292,-2.564072286094027,-2.146405771557592,-0.00535091866875477,-0.014734503120258216,0.015070983125126924,0.006064800483985611,0.025113058396227794,0.017024252339416766
2000-04-14,-0.05827793670488546,-0.09731811547438285,-0.05827793670488546,-0.09287666286852003,1.456900359561256,-3.9039826548707817,-3.0516031156041374,-0.012412968534547111,-0.007971515928684295,0.054973677876612365,0.033083594440355135,0.10485207424381748,0.06576723314113725
2000-10-25,-0.023767446770113,-0.07325703990395893,-0.023767446770113,-0.042542521459874694,2.197585091746379,-2.207632260687636,-2.68799256552067,-0.021026053213082978,0.00968846523100126,0.013466425197248102,-0.0003370818371917217,0.012694073080752322,0.012274603632255195
2001-04-03,-0.03439311121472999,-0.07749667715002062,-0.03439311121472999,-0.059696039694695835,2.0672989881557537,-2.5189940947247185,-2.1073815318769857,-0.006395833136281004,0.011404804319043782,-0.009386032107218771,-0.002901108987965695,-0.015287047584471747,-0.009280680663577904
2001-09-17,-0.049215605477845537,-0.08253324124798,-0.049215605477845537,-0.019121182064862907,2.0380773808191166,-4.7317031382609,-3.368741748983773,0.017771971059734396,0.0811840302428515,-0.02312865147039174,-0.005804970478062166,-0.03440881638152993,-0.023575079024755165
2003-03-24,-0.035231469800648285,-0.042099696041436374,-0.035231469800648285,-0.01648433609700406,1.236758474479003,-2.4287697231757504,-2.114098713736814,0.0014731228028664611,0.027088482747298775,-0.0008844735696328307,0.01216112609276121,0.014129356860247189,-0.001187438286834915
2003-09-24,-0.01909567636960907,-0.03494579758128169,-0.01909567636960907,-0.03521686306365235,1.4677860656791237,-2.2669782869580315,-2.5201124328134337,-0.0069174298912513775,-0.007188495373622036,-0.004951360072025589,-0.00605320624740513,-0.014041040891734302,-0.00593775881474299
2004-03-15,-0.014349801284550545,-0.022027405867749428,-0.014349801284550545,-0.016358099214775157,1.4061533833287172,-2.0940223841098096,-2.0069175508537556,-0.001849384241383905,0.003819922411590366,-0.011547812700755855,0.005622469187051893,-0.0035620914834927353,-0.014313560986167252
2004-07-21,-0.013340343362997498,-0.024277481970604087,-0.013340343362997498,-0.0325828857129522,1.5149155860111587,-2.084132254057905,-2.1753058949892776,-0.004067987887258661,-0.012373391629606777,0.012177511519153767,0.002705928369005184,0.016321637992987137,0.014431186891013716
2004-08-06,-0.015480689575870343,-0.028179966773033804,-0.015480689575870343,-0.019223244005826645,1.6886168599920262,-2.419533922207342,-2.350278211766476,-0.0020390133509163334,0.006917709416290826,-0.0034908034259447888,0.0011748451877584554,-0.001514199455298515,-0.0039040645115068053
2005-04-15,-0.016720496445511768,-0.022579530612955367,-0.016720496445511768,-0.012021922021168585,1.35024543412845,-2.5927011774528492,-2.2905054901261948,-2.7566310421243967e-06,0.010554851960744658,-0.0012989096245581925,0.0029405973691347675,0.002616747147019982,-0.0016712785785048838
2005-08-16,-0.01177598073895536,-0.01668006810942657,-0.01177598073895536,-0.01369166204209582,1.2219082892877429,-2.267358207833344,-2.2692253904777324,-0.0022908996300042162,0.0006975064373265349,0.0020724912803404836,0.0007381242633648366,0.0029920022148879344,0.0027685634961625238
2005-10-05,-0.014887116594756167,-0.015054476191875166,-0.014887116594756167,-0.014961855657876555,1.0929036564832892,-2.715999876435658,-2.206236267132366,0.0012157079690269038,0.0013083285030255146,-0.008400615530830529,-0.004095674783362702,-0.012846888532033085,-0.01208372729338761
2006-01-20,-0.01832631522151318,-0.030949429859425615,-0.01832631522151318,-0.02768948238497182,1.2369683559847882,-3.0821410718244513,-3.701270363680022,-0.008280357848611457,-0.005020410374157663,-0.0055418102889330835,0.0018469873504542988,-0.003068709472272002,-0.007107947643423766
2006-05-11,-0.012798073820219913,-0.022031818720372742,-0.012633889202430804,-0.021390900038573357,1.241019449184834,-2.4120337447479185,-2.7450492643087223,-0.006149160197376581,-0.005711997819510459,0.006031766465593814,-0.011210842185880088,-0.008497783307598539,0.007881136626284618
2006-05-30,-0.015849611392923735,-0.021838029944109105,-0.015757353934088725,-0.0173971437511512,1.1688035625443636,-2.658355672109058,-2.6237574359581846,-0.0033129476831161124,0.0010201076632841422,-0.007654333100408292,0.008504153548552384,0.0024178252385909094,-0.010512359674784514
2006-06-05,-0.017799702040102394,-0.02194805870061456,-0.017754001451963486,-0.017813216786209063,1.216644426373859,-2.7288123438480367,-2.373894510731597,-0.00029215042240857483,0.0037870901261557108,-0.002822381493940189,-0.001090714655924585,-0.0041404395870996424,-0.0038340016025440625
2006-11-27,-0.013555081120842472,-0.022230414644914043,-0.013555081120842472,-0.019735928102339262,1.7398718059901797,-3.0120421594069433,-2.6237301479477555,0.0013536888251495377,0.0038481753677243186,-0.00022417487586147682,0.0036985729733722827,0.006171469523229556,-0.00024641646991836405
2007-02-27,-0.034725402225963764,-0.040598904001835634,-0.03464547934276352,-0.025307028647742036,1.3572914711710387,-8.018283267359648,-5.27653364278329,0.006533588272448786,0.021716984978823288,-0.0035004824255780373,0.005848489643477839,0.0038293049578472793,-0.004660518633363478
2007-03-13,-0.020368281609082217,-0.019323432110422423,-0.020110529351285877,-0.014216037465300646,1.2123210675494256,-3.018871396366993,-2.0267811879575666,0.005369464794047464,0.010164380946834306,0.0027854437948768625,0.006756897429875286,0.010726813984353267,0.0038414645533911608
2007-06-07,-0.017569780868271323,-0.01706657547969259,-0.017556819018306413,-0.013878841574717637,1.1239648018078787,-2.777777839292733,-2.1920177702931856,0.0026812397917218463,0.005854405033569925,-0.0014618519777041573,0.011377185000592815,0.01146094000732556,-0.0020533056969967247
2007-07-24,-0.01980442554686246,-0.017570780766730354,-0.01980442554686246,-0.010373367812596568,0.9788932772426385,-2.706435442009007,-2.2343275423442246,0.001815638260745673,0.009013051214879459,-0.007727678512474597,0.0046722675172263806,-0.0031820831890314594,-0.011750808811594621
2007-08-03,-0.026585989591270898,-0.024427904804521505,-0.02657283327442006,-0.022882689427544234,0.9469389622144445,-3.017882659418413,-2.6825845824525034,0.0007474045884805838,0.0022801617364325566,-0.011022395384302934,0.024165413344254816,0.0119034007684935,-0.016968819235073953
2007-08-09,-0.029649630183580356,-0.025451083822897735,-0.029468141588879893,-0.011841998236928886,0.9062707508011448,-2.987521224722336,-2.62595281578504,0.0014195087845519198,0.014864116565539737,0.0028629905333465867,0.0003785373521689728,0.003204823602707574,0.004513298256233774
2007-08-28,-0.023473062124790167,-0.02477548035776722,-0.02342641133814438,-0.01844514400306807,0.9081979408870888,-2.039680095054446,-2.2190646969104106,-0.0034572936697180763,0.00283067453660861,0.0008176704470968139,0.02217163272845868,0.021209338166873426,0.001277797209452314
2008-06-26,-0.029365225496321257,-0.04057686249134507,-0.025176833118057185,-0.02285152254550782,1.2838391999362626,-2.9654934325532984,-2.8987916311353614,-0.0028766348842000425,0.009471482741707518,0.006012938582009363,-0.0040666646949274465,0.0007171932787501945,0.007835355976386663
2008-09-04,-0.02992205759970956,-0.03180964252201535,-0.027496533598705186,-0.02458353085648135,1.0469295387870856,-2.3194225144738496,-2.0518534662686583,-0.0004833565595908085,0.004203402382254674,-0.002210735079428053,0.00737919571240897,0.005521666418155657,-0.0032385948207910493
2008-09-15,-0.04713589702129706,-0.034898419343743825,-0.046541817804609975,-0.009478602424050409,0.9567995310726757,-3.3210419021407556,-2.1958347422927598,0.010201184822923128,0.03505258702667032,0.0026366894756960947,0.02128225441608711,0.022143423083970992,0.004127194541168908
2008-09-17,-0.04714070706031326,-0.053147189932243544,-0.044574212779390665,-0.04075102577650358,0.8986081755809675,-3.057793269245094,-3.3127329252254256,-0.010786165165178614,-0.0006962737528574889,-0.022210594733587878,0.0427196525635789,0.017436651416017357,-0.03455862385519637
2008-09-22,-0.038236599989398545,-0.04533948089514961,-0.03845880456332562,-0.04394788999072763,0.9066111383244867,-2.088976235814919,-2.4574012751367666,-0.010673753453102938,-0.009080709406972025,-0.003638431651675423,-0.016056520634675442,-0.018189999677181934,-0.005725991603877763
2008-09-29,-0.08806776221769597,-0.10519485810104023,-0.0848998874372886,-0.08681135026359355,0.8915807437912565,-4.705462821206066,-5.694453007348154,-0.026675337158955342,-0.011116245474461814,-0.010691095214388657,0.047208564233173655,0.03513121938456032,-0.016275604234445993
2008-10-07,-0.05739484084336377,-0.05760731190154389,-0.05802760640495186,-0.06093431174834074,0.9972545548329949,-2.41623257487664,-2.29013307894425,-0.0003700454465845604,-0.003066016954946231,0.028625017825999778,-0.004014491521914132,0.02462593683228187,0.043020097897518136
2008-10-15,-0.0903497780862258,-0.08820230865409384,-0.08723099825068548,-0.07928933684597039,0.9760883450616691,-2.965869559724681,-2.7872448714091376,-1.2943285220654022e-05,0.00585582387461854,0.005499084984168595,0.04057036292406124,0.045183537410629526,0.008339681771750183
2009-10-01,-0.025759622356647194,-0.030587703449930226,-0.02375563581897011,-0.025776068880627,0.960456258250181,-2.5489459263686722,-2.9600762150090136,-0.005846712947327151,-0.0029598197895849936,0.007781202200548117,-0.00437016263871326,0.003452483226817016,0.011727410714198734
2009-10-30,-0.02806468784310845,-0.025793717031592944,-0.027426147526323552,-0.02388287391268895,0.9405626398050736,-2.599325025053467,-2.3803961217381957,0.0006028798514264959,0.00191313580435332,-0.002539645721006548,0.006466010562430791,0.0035091570671259564,-0.0039364652744392796
2010-01-22,-0.022140988764300484,-0.0301258539898992,-0.02127314514383416,-0.02567166968234791,0.9752043794624146,-2.2066369945042315,-2.840202922525427,-0.008533864781325253,-0.004926005373141237,-0.00642335092675328,0.004009524702420109,-0.0023303227025310846,-0.009535729459456825
2010-02-04,-0.031140677888039425,-0.028974036169803208,-0.031114162359022535,-0.021893258994398868,1.043056089540158,-3.4192561988479615,-2.7517822068210624,0.003507437533724858,0.01056055752512075,0.0019929467240308064,0.001945218864940701,0.003984644543961746,0.0029541272076979886
2010-04-27,-0.023381945257149872,-0.02090688356934345,-0.021662657081327863,-0.01675139691692651,0.9012208847469313,-2.9724587051680227,-2.700541583231275,0.00016541382240947353,0.002771442063877163,-0.00945913344629549,0.005715074183126223,-0.0044284478331205746,-0.015092366769340218
2010-04-30,-0.016647680109796337,-0.020686385200672452,-0.01663952352147413,-0.019577743598498953,0.9038275482522411,-2.0189967298507128,-2.573492739807328,-0.00563975330294763,-0.004538483849999492,-0.0006008645829235302,0.011509577997887765,0.010273819597635514,-0.000926860719579885
2010-05-04,-0.02383846584506677,-0.030827921655565693,-0.01995826673408141,-0.017278982081053385,0.95056972769062,-3.167619548196453,-3.9892691605683517,-0.008167797668658428,0.0016927420935391388,0.008501331854734739,-0.0028822099357993514,0.0056025030510526985,0.01271533935860223
2010-05-06,-0.032353496411350324,-0.032942515010223716,-0.031115254742283494,-0.027973822661362724,1.0096579737033202,-3.9501136228737974,-3.738215347982035,-0.00027654938132210677,0.003441942392993856,-0.0014989285075396926,-0.014338473895860737,-0.01612975496970781,-0.0022257024171965646
2010-05-20,-0.03897590341661106,-0.0391263289111391,-0.03228457484013647,-0.01641926602806032,1.0926028024072156,-3.4688079152293687,-3.0930870770807175,0.003458852388203114,0.01885495091679827,0.007780337190096215,0.019142412770728257,0.028453939246128934,0.011221697598537807
2010-06-04,-0.034411425771964765,-0.033560867439354936,-0.030543636997894863,-0.013881742464178615,1.0359253792898544,-2.500063641579523,-2.2796242102581985,0.0020868018553723347,0.01775918627775725,-0.007759887143031814,-0.0144205468082238,-0.022616949352269655,-0.011466286304925131
2011-01-28,-0.017852526697772375,-0.02556148821553972,-0.01792051505043546,-0.02556148821553972,1.040029756915761,-2.543442279250874,-3.163642460037625,-0.00699432921372338,-0.0069236193038300885,-0.004716224352967022,0.007536228058901306,0.003381353389431574,-0.006820324382809297
2011-02-22,-0.02052856505826517,-0.029095396863348055,-0.017529253029922143,-0.013148873698995756,1.1269878706713883,-3.3661019032366823,-3.8409682905516433,-0.00595995304039473,0.006606381847656183,-0.0017824084532076356,-0.006111960522950599,-0.008830725979316889,-0.002483384483481356
2011-03-16,-0.019494949042855536,-0.02507065061665592,-0.017648036471686446,-0.01689557266812225,1.123795230612216,-2.6091958355942633,-2.761235820244871,-0.003162319861266683,0.002937206548429421,-0.017015935947534585,0.009598834419646707,-0.006079061495060656,-0.023860849314645344
2011-06-01,-0.02278464425831217,-0.02109977398464935,-0.02278464425831217,-0.019343094738465405,1.0715051081203057,-3.0419244495937545,-2.3698730957419545,0.0033140887248361353,0.005070767971020081,0.001764323586697428,-0.0012248353901096465,0.0004901583057004277,0.002594244163570262
2011-06-15,-0.01743184580508239,-0.018366147564718105,-0.01743184580508239,-0.00932817068788483,1.0610029640515677,-2.375567720417377,-2.1315849778263702,0.00012909250336419834,0.009167069380197474,-0.006191152538850404,0.0016672740296290733,-0.004443972557698794,-0.009069398336225304
2011-07-27,-0.020308668519432915,-0.025639564639911017,-0.020286670148777275,-0.019549774355285265,1.0815764260843355,-2.303086266642225,-2.4467676630317943,-0.00367418752413131,0.0023918098413810325,0.005340433708309917,-0.0031957343308215425,0.001829012871358504,0.007633612276539623
2011-08-02,-0.025556664705103427,-0.025997727279562732,-0.025268940651833605,-0.02045510725799804,1.1051832988140828,-2.8005081209219935,-2.367165612939275,0.0022470717259089126,0.0074717039291327045,0.0024382821731732283,0.004855464078383553,0.007773662207340104,0.003485184752328438
2011-08-04,-0.047820446201610634,-0.04565072198288489,-0.04773734565282328,-0.029930161383033616,1.1040455730145076,-4.948581603937122,-3.9621736932067955,0.007145229945581755,0.02277404375242928,-0.014064803162775813,-0.000749845362827295,-0.014864312552260284,-0.02042094119816647
2011-08-08,-0.06663446415643826,-0.06110603036432294,-0.06593353315784523,-0.03175949395554445,1.0696672457830265,-5.918683557497436,-4.7600770827255126,0.01017067338412217,0.03876744686215171,-0.01654247698061056,0.04668688549670885,0.030916201475217564,-0.02461029589291324
2011-08-10,-0.04415240397919251,-0.04058698419857831,-0.04353244144787971,-0.01755798505009698,1.014785908730853,-2.864794368887134,-2.493032471568456,0.0042182531960982955,0.026618123103862287,-0.018338477109957875,0.04578610861024046,0.02757342556310749,-0.027469979761353975
2011-08-18,-0.0445937143129993,-0.04977497550335075,-0.041164380982265714,-0.020672815422452473,0.9853500564580259,-2.517719504983782,-2.763306047743854,-0.005834556587363815,0.019888509702482737,0.007637208010396511,-0.014853474305690062,-0.007204075475593208,0.011460515059134736
2012-04-10,-0.017081454337735447,-0.016372332499150377,-0.017067304529022276,-0.015819161692662287,0.9837065981325313,-2.726033024968867,-2.381250708171273,0.0004308068385795276,0.0009700583848741597,-0.011257241153912228,0.007159767331814448,-0.004173627950110337,-0.016976144235968823
2012-05-04,-0.016147208958519288,-0.024650747007515128,-0.016104831458209956,-0.01657123863246235,1.0629856964925941,-2.1973457166685573,-2.7807126076670072,-0.007486494846332046,0.000547966852038801,0.005698685730541448,0.000577091423552778,0.0063332817001997554,0.008142354238504047
2012-06-01,-0.024642584749729912,-0.02615581633801556,-0.02430008792730598,-0.020706378322181584,1.1226165082515311,-3.003931199831227,-2.552973123207296,0.0015083561080186658,0.006573301536975842,0.007887854140554987,-8.604099867914883e-05,0.007791844690114846,0.011183913870667226
2012-06-21,-0.022261677039013494,-0.025299949000294086,-0.02207420726978604,-0.0240536263639598,1.1072417295274035,-2.406139687920207,-2.255103819806718,-0.0006508912134362971,0.0003878570713844766,0.001450363346370517,0.006863140524567601,0.009073949659741176,0.002061345030353238
2012-10-19,-0.016571304555192734,-0.02399627406113103,-0.016571304555192734,-0.02307428853542348,1.1201308482482217,-2.4376711424326687,-2.889285260870183,-0.005434244633143372,-0.004512259107435825,0.005349387195527378,0.0004256078091751103,0.005849499846574124,0.007378277987413678
2012-11-07,-0.023705000038029778,-0.025497512607701944,-0.023622977289300184,-0.01315200631194502,1.1531468393063582,-3.636806048124461,-3.069013375302385,0.0018378332619091962,0.01408875528421737,-0.0043426315719129645,-0.01220484261628385,-0.01819671086370578,-0.006101687751626746
2013-04-15,-0.022966290584432447,-0.02065829628392546,-0.022960135226656075,-0.01541218998331384,1.07026649709506,-3.77107019006972,-2.7940802312305606,0.0039217550911423114,0.009161273518548247,-0.006693649427979712,0.014307223290395576,0.008083394795169507,-0.009878282506080091
2013-04-17,-0.014327681394279534,-0.01988082531697788,-0.014327681394279534,-0.010439932999907642,1.0357667192197149,-2.035782338958935,-2.461807745772855,-0.0050406897651996165,0.004400202551870621,-0.00938178250476659,-0.006713815936946199,-0.016506641038046665,-0.013654680807684694
2013-06-20,-0.02501035094286319,-0.023372164850481547,-0.022423738363696377,-0.012740614825145546,1.0021231812998483,-3.0521872403277435,-2.6694242428532458,0.001691287601806174,0.009730733200517323,-0.005553108060717528,0.0023983448562026055,-0.0031624195938941835,-0.008342979003293276
2013-08-27,-0.015874194741040237,-0.020203814469163528,-0.013349182514370339,-0.00861580678417262,0.9209588142503228,-2.084517852128227,-2.5872742018930643,-0.005584334903276401,0.00367824051547303,0.0009107174652308019,0.0028891034733935506,0.003662237036928362,0.0013993970015608339
2013-10-08,-0.012332078852067663,-0.019224435609521362,-0.012390986800221437,-0.019669517143155013,0.9861162736889151,-2.1536878343905785,-2.893797789248335,-0.0070635719650825254,-0.007450563412392116,-0.005582193409402575,-0.00035604670142219685,-0.0059500080701897495,-0.008237163857118429
2014-01-13,-0.012576216507389826,-0.014664475453906478,-0.011980957864043296,-0.013089277981922387,0.9789972342712917,-2.2519861188695165,-2.299268838035199,-0.0023523942755748744,-0.0013599533691031184,0.005686063424869565,0.009619196464266455,0.015441538178735392,0.008469102867806924
2014-01-24,-0.02087544856898549,-0.020001336309425466,-0.020071552009373494,-0.015415910853338044,1.0238143752800906,-3.6135875733425555,-2.951951748919074,0.001371248025922072,0.005133632628040525,-0.004354819504173414,-0.005287443844167572,-0.009730486939113825,-0.006478183424264745
2014-02-03,-0.02283191982018462,-0.023118050291062175,-0.022881301093591544,-0.02375837585310292,1.0520131017630683,-3.3935039874198893,-2.921655661579656,0.0009014284981759234,0.00031305268274100725,-0.003957111769680443,0.006525905903892015,0.002910315132792052,-0.005784312112631162
2014-04-10,-0.020884795550912827,-0.03129615643487582,-0.020937078123355768,-0.030526094200691523,1.178458894566598,-2.677350847336367,-3.1171845826427735,-0.006684283356697688,-0.005852608259987183,0.007913016612671174,-0.008172006013328903,-0.001850405009844458,0.010816338587837983
2014-07-17,-0.01183402645755216,-0.01381371026342626,-0.010925624388338218,-0.011183467608898878,1.2617475028120737,-2.6921532925795533,-2.1987733933527345,0.0011178430676021898,0.002601911679749559,-0.00023136024810293046,0.008503487723144909,0.010388833861554092,-0.0003086281783865222
2014-07-31,-0.019999240340662028,-0.021018258461893313,-0.017540719972205965,-0.011631907572586475,1.188426695473081,-4.185198109534658,-3.370030734505021,0.002749372648131597,0.009213952300200935,0.0011016605914844885,-0.0024095887119943704,-0.00165466035862738,0.0015415768563446512
2014-09-25,-0.016168772358634453,-0.021124435862603264,-0.015685997685497166,-0.01753948447253295,1.113610526433877,-2.8794311698553954,-3.1132853697499323,-0.003118720764514832,-7.13923323458765e-05,-0.0004219138437329996,0.008457855748899457,0.009148686763413183,-0.0005938089803613329
2014-10-01,-0.013248560995234304,-0.015979938440472297,-0.012823067391304899,-0.014490552776684207,1.1345614351691466,-2.2071308109246046,-2.1847250141737895,-0.0009486320637932862,5.8004966065365246e-05,7.107818508166364e-05,0.00017477780602903614,0.00026853752917666007,0.0001001207636660623
2014-10-09,-0.02066141501469354,-0.017767363192880192,-0.020059202561411915,-0.015452856920355473,1.1055497350889951,-2.9756271732625077,-2.1944771058442423,0.005074858703178038,0.006723589157509962,-0.008200824466269668,-0.01012655595859746,-0.01912160180379674,-0.01183704938234712
2015-06-29,-0.02086619391956246,-0.0232834865287318,-0.019531786223991987,-0.012009570648074064,1.2262681547877994,-3.541738438693972,-3.006966703736224,0.002304062586454457,0.01194163680453035,-0.005230830503895454,0.0009315813050760902,-0.004099812500684363,-0.007087577147735972
2015-07-08,-0.016652749054007043,-0.017493549295728106,-0.014910938127012718,-0.009318064087257882,1.19663089619297,-2.5674485983482134,-2.121024799292621,0.002433644728844976,0.008524825166747272,-0.014120728247683269,0.0007708713538154832,-0.013205593788379932,-0.019368731975513663
2015-08-20,-0.021100170073477753,-0.027881358986907023,-0.019685990551147725,-0.018501352016834005,1.1409433790884098,-3.0619216466086643,-3.269691274286791,-0.0038072596439331745,0.003959248563294989,0.008876520088155128,-0.031065613334499198,-0.026875682140074297,0.012380883982461087
2015-08-21,-0.031850965718637325,-0.04284020503419206,-0.031065613334499198,-0.026875682140074297,1.1508609807013095,-4.367844735566739,-4.757834647115042,-0.006184171390957317,0.008876520088155128,0.09365808350279253,-0.036607924373617484,0.04977229060597521,0.12778493107713051
2015-08-24,-0.03941369286646568,-0.03780312468262892,-0.036607924373617484,0.04977229060597521,1.198805822720854,-4.731946738126722,-3.5904233894729134,0.009446239820621524,0.09365808350279253,-0.02258235324409676,-0.016053049085697824,-0.04082834813258018,-0.03170778975976164
2015-09-01,-0.029576446640986798,-0.030868574901134704,-0.028546914714606797,-0.008451547673963167,1.1477077489138554,-2.552496593844165,-2.2314743658919425,0.003076542094063016,0.024311967551574012,-0.007649117260663248,0.01687431672548989,0.011538378075155231,-0.010737698963164108
2015-12-11,-0.019422767297482935,-0.0227199255944337,-0.01704710374357621,-0.009932189434899152,1.0724488760640751,-2.0647102214268687,-2.1073649002538506,-0.0018900006361940516,0.00834995781504684,0.0030230975003769046,0.004256518329887937,0.007628627382122666,0.004356059552858335
2016-01-07,-0.023700443014411654,-0.03111393415352459,-0.021271120832531687,-0.009983564684066137,1.0716413908479714,-2.5039624075190656,-2.8820793386849743,-0.0057155584378474,0.012811448829803378,-0.0015851860647752413,-0.01230231800421866,-0.015068847325574342,-0.0022688449638805152
2016-01-13,-0.02496545230421965,-0.03475076612939121,-0.025799569871908345,-0.038946481722939574,1.0980731199126137,-2.5376895505379227,-3.035160508254662,-0.007336874027667188,-0.010616667541289707,-0.0009177433030255512,0.015943453043346212,0.017076007433183937,-0.0012934475114105783
2016-01-15,-0.021599098001850003,-0.030866149326428838,-0.0189651358795494,0.004173254842768204,1.133783082216633,-2.0466767517076088,-2.4541173282068525,-0.00637745742079222,0.02567560505494098,-0.008022888462432183,-0.0038810998233378413,-0.012498984094199805,-0.011177540777217042
2016-06-24,-0.035919799994431734,-0.040689557860576375,-0.03156179624811106,-0.002118750532927871,1.1401946053586314,-5.798490551168228,-5.100285860183354,0.0002660043186356875,0.033867839284596656,0.006252908534672787,-0.015215689705544655,-0.010984779252607435,0.008794984377983593
2016-06-27,-0.01809650217612302,-0.019751822751761017,-0.015215689705544655,-0.010984779252607435,1.1328890192206498,-2.3300074167262026,-2.0687435250039297,0.0007495058498713444,0.006252908534672787,-0.005777953531109124,0.014661065960379638,0.010635333142022807,-0.008178219398615337
2016-09-09,-0.02452206896667508,-0.025491249154350526,-0.01902650803326944,-0.01711092061616204,1.0915603816558344,-3.2312980599712238,-2.936487153268879,0.0012760698059040183,0.003657661754211349,0.003665650752700207,0.018002098067201988,0.023205835647901463,0.005273206565219307
2016-10-11,-0.012446471596532338,-0.01468394775284787,-0.011391082460078028,-0.013958567230896501,1.009692815662197,-2.0795551502515597,-2.2255338550138397,-0.002116834801485574,-0.002457073108340053,-0.0016826038676227032,0.0007063811630472205,-0.0009597063998814104,-0.002494740321493573
2017-03-21,-0.012407972940626899,-0.014922528464679341,-0.01483619177493245,-0.018543127536934434,0.8651140727311476,-3.042766911596148,-3.490947110583255,-0.004188216459675731,-0.005708129246702269,0.00439920130396431,0.0023260568381882063,0.006546413610094115,0.006862626825383697
2017-05-17,-0.018178214414433458,-0.025136107320815504,-0.010877241405029658,-0.016404043728281303,0.9066441305288351,-4.285350359785782,-5.731007720558996,-0.008654935918474743,-0.006542256652065944,0.005270756035206137,0.004684280975985944,0.010143972488402042,0.007749843222367277
2017-08-10,-0.014474441722801767,-0.02216447848210712,-0.011020582290143688,-0.0156374156354393,1.4761887687832675,-3.2606290385590597,-2.7101856657388645,-0.0007974701764992195,0.0006310441667225948,0.006598724492549314,0.00011471720758104986,0.00676930178709334,0.007960061358456174
2017-08-17,-0.015436952160958639,-0.02046501672267298,-0.013374182203977458,-0.016959731320756455,1.531023894843156,-3.643730656643097,-2.528476575762975,0.003169325899305391,0.0035164612075191393,-0.0009520949765540394,-0.000860854098002406,-0.0022381064994770883,-0.0011453183481983412
2018-02-02,-0.02120854792396809,-0.020460763737955467,-0.016657662149110686,-0.015450622534817438,1.1840461412627006,-4.635639463224435,-3.066822611107853,0.004651135593204011,0.004272818055294815,0.009069483384426487,-0.033607478573366434,-0.028643162035111303,0.012821169599085726
2018-02-05,-0.04097922480422822,-0.03910632763681865,-0.033607478573366434,-0.028643162035111303,1.1221503968888835,-7.545665832692357,-5.394978958124949,0.006878525741444826,0.009069483384426487,0.013090284666522747,0.030732934465182993,0.04505375449357518,0.0192500446554312
2018-02-08,-0.03753641975808808,-0.041920249567191425,-0.03873728939085186,-0.043923332898289535,1.0844033936177984,-4.691235527570439,-4.3510144419915155,-0.0012156285972585307,-0.0019164848232950393,-0.004729351547113587,0.006829946932928266,0.0027395747883072197,-0.006777013717321542
2018-10-10,-0.0328642290012785,-0.044375606988319216,-0.030696953164993324,-0.03761163969965653,1.5202930203226295,-7.769510715413149,-5.868760647433078,0.005587650980609024,0.009056723942253472,0.017790835332095842,-0.017465707056231405,-0.007050735932833563,0.02203376325727528
2018-10-24,-0.030864433977743855,-0.04628954891118997,-0.02986628876874875,-0.04403080760824529,1.3079594745604968,-4.133383288565372,-4.281573055958664,-0.0059201200630529735,-0.004966912243200609,0.002613625269160211,0.01147348176046159,0.018156321959941213,0.0033299360131756844
2018-12-04,-0.03236490314939877,-0.03779595197259367,-0.029603574958060763,-0.032959493102137305,1.4117578964003927,-2.8283561021325867,-2.2244818604957137,0.007895455614803988,0.008833587606585903,0.011225240378566807,0.01217939534197754,0.028069237692756044,0.014131701486343544
2019-05-07,-0.016511651392423388,-0.019750855390728295,-0.009948397434043965,-0.009508060528087614,1.0880055315130157,-2.8975869948388304,-2.8723103832681205,-0.0017860873413570594,0.0013158509098421117,-0.0006838079262501112,-6.604558943057448e-05,-0.0007568906545044607,-0.0009738311717841148
2019-05-13,-0.02413055719884427,-0.03458760589817489,-0.009971102216046912,-0.008316228784486346,1.1068619641019908,-4.03332516532711,-4.756807391172855,-0.007878409962186687,0.002720404998629052,-0.0012271669183286397,0.005067087332480735,0.004783693168083358,-0.0016839298052898658
2019-08-05,-0.0297778200029859,-0.036021977734608024,-0.018401928478972485,-0.012560562805382203,1.3479945766998573,-4.063330649203025,-3.384859332697099,0.0041183621353615,0.012245136985091363,-0.005559758520467733,0.007196362473721907,0.003910801707832645,-0.007201696131007134
2019-08-14,-0.029292752911742603,-0.030799094549015527,-0.018502775078835465,-0.013761054115120075,1.2733349183259282,-3.4797449472360307,-2.6970829965775933,0.006500390587399839,0.009799175478691902,-0.0030344505070171615,0.0004919353904839774,-0.0024323149597977878,-0.004093208795603359
2019-08-23,-0.025946336754618105,-0.031455353584396994,-0.02197128871361953,-0.02526477141511141,1.2227848474059984,-2.7881579095053013,-2.6225580660489176,0.00027143384484334954,0.0016013875018849807,-0.0004250003357444722,0.004074347451622939,0.004552644173378972,-0.000573884414299658
2020-01-27,-0.015730711659182384,-0.02070674024248831,-0.0010871128593669122,0.004377743759337527,1.204065160840837,-3.5403454236545833,-3.6178732657074115,-0.0017659383784340427,0.00568669847920329,0.0007957767148119091,0.006417095535489414,0.008620573835251832,0.001075680457766948
2020-01-31,-0.01770582037552626,-0.015825159406013034,-0.017307844501185055,-0.019454976939267676,1.2588041255402482,-3.5821504736051915,-2.445191284695803,0.006463000328774008,0.0023322091230331687,0.0053661447934341055,0.004098085128168005,0.010262991869257831,0.007334435994017647
2020-02-24,-0.03351362667122315,-0.03885599402320439,-0.009737265602007161,0.0026868329762428367,1.2490635840067328,-5.328119493501266,-4.6637410560112595,0.0030046566198172336,0.014849296847511378,0.005548458839102141,-0.034187105186234024,-0.03626573474547545,0.0074874672810219325
2020-02-25,-0.030279995565056117,-0.026957020141131993,-0.034187105186234024,-0.03626573474547545,1.2230983979718393,-3.9476967481121292,-2.7558323202528747,0.010078393925082543,0.005548458839102141,0.007644362775608879,-0.0074875029449429364,-0.0010413137263222128,0.01061705689643724
2020-02-27,-0.04416324258407911,-0.04925644318693301,-0.027356386603363925,-0.022689743262259032,1.1523636370884496,-5.117310729305584,-4.725453425885821,0.0016356716628758913,0.00883476190159116,0.025637689306386727,0.012794428883002862,0.04032284545829734,0.03581053994865619
2020-03-03,-0.028107896121075893,-0.03193183803150612,-0.03006331259707795,-0.033532013251770465,1.108002819849068,-2.3558244895800424,-2.336947367319882,-0.0007882098693293531,-0.0002217781202040886,-0.0076443202175079245,0.027700933165066166,0.023284817713291384,-0.010835129455564505
2020-03-05,-0.033922077046888544,-0.03102150214375432,-0.016828692846291404,-0.00476636816016307,1.0893676020012197,-2.4926941309769193,-2.035476413333695,0.0059321095837152685,0.013566264610616479,0.00938549340331606,0.0061506215949997944,0.016006484711227786,0.01355974821152089
2020-03-09,-0.07596969747745097,-0.06826340676454956,-0.040968695859585735,0.004536022848096843,1.0750264835830612,-5.2747419403549465,-4.295901124877687,0.013406029973503514,0.04857845589501122,-0.005770332791238123,0.02443593005006761,0.01927202192815325,-0.008549414098081798
2020-03-11,-0.048868445131273974,-0.04373359131545218,-0.02980613389474618,-0.01960991359980868,1.0278433043776265,-2.629245560934453,-2.2453062111180606,0.006495512808073194,0.011026121553289206,0.03278542796261563,-0.057099278832791756,-0.02537447458772224,0.04872560095669231
2020-03-12,-0.09511268097833658,-0.09273783105624644,-0.057099278832791756,-0.02537447458772224,1.0185750807930871,-4.870880434438904,-4.578396894064155,0.004141575655709856,0.03278542796261563,-0.01482967302840208,0.05487571151357429,0.04063752433608259,-0.02212526932328435
2020-03-16,-0.11984055240393443,-0.121932233772306,-0.04881634734557094,-0.06423129801775873,1.0231840762487427,-4.598351040203977,-4.524753795269297,0.0006867111362526962,-0.01428318875314296,-0.005502260310216549,0.042681180811882324,0.03826064743445001,-0.00815011082061799
2020-09-03,-0.03512584371534122,-0.052265837059690345,-0.03076800326001161,-0.03479735832667119,0.9962933484913988,-2.933087886785344,-3.6881986043872845,-0.017270192605947483,-0.0041434013323599465,0.0028374944475891804,-0.0077137294317396465,-0.005485968992312795,0.0040944193802402015
2020-09-08,-0.027756342102360998,-0.04765650726435233,-0.01187462077933743,-0.006788496099151664,1.2098858193882147,-2.713910905795199,-3.3055650979712476,-0.014074502556617692,0.007578439192381324,-0.003374530019796788,0.008647314096005054,0.007746522174076453,-0.004428381270310927
2020-10-28,-0.035287878760604796,-0.03933032058986341,-0.021376328830503555,-0.02260612645505966,1.3695053367072099,-3.087547540513217,-2.304103921779371,0.008996617693861862,0.0066688699575231485,-0.0012600548267042034,0.010051412142837224,0.012163914857124203,-0.0016185462472080557
2021-01-27,-0.025677883699462,-0.02798626461429765,-0.022429989559455854,-0.019333383386644032,1.1201409211140836,-3.1358538472654964,-2.2646530884226026,0.0007765836850780264,0.005791365779064125,-0.006410398642804656,0.008421722109432261,0.0029027600962665545,-0.0091322738125311
2021-02-25,-0.02447880752512621,-0.03562427270003621,-0.02207976910449616,-0.027992682819988235,1.1926673145058606,-3.1535271361804664,-3.2861219368977332,-0.006429199066738077,-0.0016588638972193266,0.005305303585483822,-0.007425139313956164,-0.0038212581410288493,0.007139922016848978
2021-09-20,-0.01697731100841482,-0.020952811242613945,-0.0102704352395111,-0.0037468492183365676,0.9080528162174637,-2.8829361870232963,-3.2723127476031144,-0.005536516169623119,0.005579248424680569,-0.00017516026371686144,-0.004631497217172598,-0.0045837142529832064,-0.0002692200261164554
2021-09-28,-0.020364110556098214,-0.028577812751609866,-0.015139619883202449,-0.015443338600866996,0.9564523023922712,-3.114175575744948,-4.040659256826937,-0.009100512324058976,-0.0009630143062342063,-0.004884672635893848,-0.0006762764634300478,-0.005569078413398154,-0.007283234180261176
2021-11-26,-0.022724822637582465,-0.020908692193500777,-0.01500864321153561,-0.013045804477844203,1.1632133466203638,-3.3022002768179344,-2.3252331497363317,0.005525124798115726,0.004412449620477141,0.0019015919537683761,0.0057294128071834205,0.008350670767764523,0.0026838312082121934
2022-01-05,-0.019392757790687165,-0.031201388517306472,-0.01825612667762888,-0.025865059327927042,1.233406530706878,-2.2451972386449586,-2.637716330347319,-0.007282234409856234,-0.0033478334583275197,0.005032764295728754,0.0005666837597715357,0.0057505174774201695,0.006661251403823268
2022-01-21,-0.018914821867908604,-0.027485311069853968,-0.016424446889101274,-0.019707139858327838,1.3026482579980792,-2.00403936402609,-2.0611587860199263,-0.00284595131327885,0.0016881372703419079,0.008433101822644496,0.012352182751733665,0.02462199943561627,0.010949187649473004
2022-02-03,-0.024391082077444004,-0.04218235405139126,-0.0127816918088135,-0.013117002210879303,1.3493160843110614,-2.294961656698337,-2.765516755767395,-0.009271074690544806,0.004129540131459698,0.003340305332665508,0.003957300239174177,0.008792178478883361,0.004214586303317838
2022-03-07,-0.029518158313449172,-0.03746614840516593,-0.029100910026906734,-0.03855698728642254,1.4073020742985043,-2.4478457856022406,-2.1037413712677577,0.004074817018822723,0.0023967837584174534,0.010014534141442235,-0.007604697917334757,-0.0005740101616644733,0.012558098112320233
2022-04-29,-0.036284507106413955,-0.044683197371653494,-0.02863821903467534,-0.03164915332203044,1.3888355985365801,-2.5506377023186535,-2.1669194101652263,0.005710017773087724,0.008124624752014559,0.008147851565086203,0.005996697909294468,0.016402823043019543,0.010285153925065526
2022-05-05,-0.035649708609806985,-0.05061870845543337,-0.02893386696602418,-0.03703619411982306,1.345360845740839,-2.356282251938897,-2.386339725999592,-0.0026569863297289734,0.0018902976121401502,-0.004941911866627048,-0.0011700289029784594,-0.006521952641895257,-0.006307672600803725
2022-05-18,-0.04039526078745259,-0.050603708887192345,-0.031663544599566995,-0.03437327807902202,1.3530780161641254,-2.5048209326223354,-2.2305210339407586,0.004054230441526495,0.008469968032484398,-0.0003588999455588712,0.00045910209348543063,0.00025860577761838144,-0.0004591413339408538
2022-06-13,-0.038768430665237275,-0.04601607948231912,-0.02306320018329555,-0.01602746383216269,1.3260577705460712,-2.3476623657507423,-2.037268162972386,0.005393099253195366,0.014555671984555946,0.0033662661025734043,-0.0074504822392289505,-0.006454817563677606,0.004356346022183908
2022-08-26,-0.03368805871951874,-0.04096373690042654,-0.03360063123472212,-0.03996525704520659,1.2733216330997055,-2.32659701827558,-2.1452452535872375,0.0019319970442698425,0.0028191535917707553,0.0009185301492863557,-0.0009839860967563174,-0.0003314778964298437,0.0012137286474918287
2022-09-13,-0.0432366134006168,-0.05542505051369162,-0.02586749285379264,-0.02678645471428298,1.2700374844598776,-3.247534770092274,-3.1563655675367572,-0.000512930793808028,0.006066230839031683,0.001795399280143975,0.0013398607169341492,0.003503970485467134,0.0023673662670106177
2023-08-02,-0.013839541336347905,-0.022093734284951982,-0.00824887168392019,-0.012236251913914753,1.3475166109533323,-2.105723995343184,-2.1535384952234518,-0.0034447224462479005,-0.0011207602982097123,0.0019291364556521325,0.0016955183276448071,0.004302165052793239,0.00241183371672041
2023-08-24,-0.013457974663146133,-0.02189185612095923,-0.017698600025777722,-0.03026974187798459,1.3806253559776656,-2.0749439127622584,-2.1682259776164328,-0.0033114350609146984,-0.005834605917088901,0.0003787479939436336,0.003720361089944335,0.005579162992792153,0.00047386436523138035
2024-01-31,-0.016105744611597972,-0.019424175655191167,-0.010928345237239734,-0.007686183236581767,1.2386197613241319,-2.5438907551649814,-2.2831976395058455,0.0005247178915737359,0.005849881132835825,-0.004397413361105121,0.009273618451933308,0.007418294451372542,-0.0058010293702658745
2024-07-17,-0.013927543241993745,-0.029388191009023013,-0.0038858348239071416,-0.012083537217218665,1.3974545458169036,-2.4106001779656867,-3.315677819935113,-0.009925082393437357,-0.0066532596782560025,0.004713344973569771,-0.011405817923930583,-0.011594482605924883,0.0058194676598463954
2024-07-24,-0.02314909375473495,-0.036546360164924185,-0.014295722936228938,-0.0227601800243854,1.418558243372115,-3.8103620847144004,-3.883089233036812,-0.003708022392550976,-0.0024808644082340257,-0.0032228123502049677,-0.005430393907956965,-0.011058696989425298,-0.003957660128453724
2024-08-01,-0.013693502993456064,-0.024379123390941948,-0.0164612322748251,-0.025060942007240183,1.5002179794091495,-2.0688616055791433,-2.275360242486893,-0.003835883999066151,-0.00036550538531739465,0.005674037654946116,-0.0055926900073360875,-0.002886878526686565,0.006726158677241938
2024-08-02,-0.018381860868696753,-0.023797338263088497,-0.0055926900073360875,-0.002886878526686565,1.5307331839245675,-2.7090432600745173,-2.1370710098191292,0.0043403861509100986,0.005674037654946116,0.015584045261565638,0.0068314859375318004,0.025839797042680024,0.01869152658970786
2024-08-05,-0.02996879838863975,-0.02959134013259246,0.0068314859375318004,0.025839797042680024,1.5012475872591438,-4.147915266560407,-2.5556818017338863,0.015399246141408682,0.015584045261565638,-0.0024404675581911166,0.006455465326574261,0.006484482499519828,-0.0030729378841020706
2024-09-03,-0.02115107439771169,-0.031464199135201265,-0.016885102416475006,-0.024661304830475572,1.4174518148398911,-2.2768175081379614,-2.2833182408423656,-0.0014835703443512732,-0.0007274857664856423,0.0012595860112985303,0.002431528254789317,0.004713081261008778,0.001561277864124788
2024-10-31,-0.018614700871699585,-0.024391143480166022,-0.012101391490084157,-0.016649348740735204,1.435628208667806,-2.367152990980901,-2.077959823547716,0.0023326461871591014,0.0007237502465621479,0.0024885118923531754,0.0009749039237174628,0.0038740832414556614,0.003083353639846919
2024-12-18,-0.02949284635160343,-0.03598731347795159,-0.02901784146363029,-0.035042105496067455,1.3409607148653573,-4.4942822233105275,-3.7476902154287646,0.0035614348491086953,0.003869679936851826,-0.0014865762582571967,-0.007717253698212079,-0.011624221586181038,-0.0019275862792474845
2025-03-10,-0.0269730913054258,-0.03813701519495938,-0.01591659379295718,-0.01997339481317062,1.315742495403322,-2.8555130485802263,-2.9045617583578736,-0.0026473727320167825,0.0009687440222958879,0.006008514037003603,-0.0056356265425845375,-0.0014716737526150325,0.007745247149150801
2025-04-03,-0.04839563335990149,-0.054147714447951745,-0.017517707143982264,-0.013458914637552777,1.318088544874954,-4.728028830576162,-3.8414278177371872,0.009642015505702595,0.009630974481404393,0.017215365752595066,-0.041204513289580524,-0.034649616476937095,0.02286519647435247
2025-04-04,-0.05974960534553109,-0.06067398763238563,-0.041204513289580524,-0.034649616476937095,1.2587209043104357,-5.017621002130758,-3.8983460417557154,0.014534089640332898,0.017215365752595066,0.013395726840480533,0.021894339502129156,0.039286859685394804,0.018412955460180427
2025-08-01,-0.015992133140148468,-0.019588520112045482,-0.007836460474937468,-0.007748116074965505,1.1423806867942325,-2.21158579424006,-2.2477693064452935,-0.0013194160720978697,0.0012041050244294173,-0.0018978549874712758,0.009284546133578875,0.00878069636864831,-0.0026479942095828496
2025-10-10,-0.02711167321141361,-0.03492043901341202,-0.027888248808868754,-0.03563705455528643,1.209803617998854,-5.011031631756684,-4.922210176418931,-0.002120638672241222,-0.0018977502466647755,-0.0009338524527896094,0.00486074517318924,0.0050560821498149,-0.0012550049110732256
2025-11-13,-0.01655685496159698,-0.02052993549956439,-0.013034551923374438,-0.015499628484677563,1.335789254398344,-2.363404540188334,-2.0995484553079202,0.001586533444768761,0.0019117859104632769,0.0018800165349004989,0.009287833482612529,0.014181265404733301,0.002426404267998392
2025-11-20,-0.015567283563270418,-0.023787593891096193,-0.029559583575405113,-0.04285895364560288,1.345241456790864,-2.1436882984154395,-2.342557365968228,-0.0028458386721658263,-0.0030941763744936138,-0.005577796264505341,0.007202847980186888,0.004222039567642666,-0.007088766514943931
2026-01-20,-0.02062675805627745,-0.021218376799721494,-0.009960375567247048,-0.006657077692046376,1.4027052246559544,-2.9441183934459754,-2.0503318471752876,0.007714884493533181,0.007314393155666574,-0.0017472042205304138,0.009530600572082548,0.011099616073721785,-0.0022324161899440103
2026-02-12,-0.01566101212770199,-0.020381933101837557,-0.017934539037782304,-0.022711421027739598,1.3008334826965229,-2.1740914745403774,-2.0277354940971595,-9.564153206496201e-06,0.0006184278493355025,0.0024683009287314412,0.0002779963826891052,0.0028293960053629164,0.003221035359970126
2026-03-26,-0.017406172392416708,-0.02383771468589846,-0.012004482809652384,-0.013640974968622266,1.2406780221155143,-2.2360037059136646,-2.350553398252888,-0.002242259149473229,0.0012527230201769442,0.002368318263976859,-0.013176555110331556,-0.014105624244855841,0.00315741170940005
2026-06-05,-0.026445361894386843,-0.04769205383151265,-0.02038109254337428,-0.03450109347475294,1.2495735446066984,-2.9495367654948694,-4.033681016727099,-0.014646629230736764,-0.009033419422371593,,,,
