combo,geo,arith,vol,months,min_weight,genuine_k,hedge_sleeves,w_AVWC,w_AVSG,w_EMIM,w_XDEW,w_IWQU,w_JMFP,w_SGLN,w_GLIN
AVWC+AVSG+EMIM+IWQU,0.0819,0.0893,0.1218,157,0.1099,True,0,0.3693,0.2895,0.2313,0.0,0.1099,0.0,0.0,0.0
AVWC+AVSG+EMIM+JMFP,0.0798,0.087,0.1205,119,0.0805,True,1,0.3529,0.3096,0.257,0.0,0.0,0.0805,0.0,0.0
AVWC+AVSG+XDEW+IWQU,0.0797,0.0874,0.1243,157,0.1567,True,0,0.375,0.3027,0.0,0.1567,0.1656,0.0,0.0,0.0
AVWC+AVSG+IWQU+GLIN,0.0795,0.0868,0.1209,157,0.109,True,1,0.3934,0.3323,0.0,0.0,0.1654,0.0,0.0,0.109
AVWC+AVSG+EMIM+XDEW,0.0791,0.0886,0.138,211,0.1568,True,0,0.3418,0.2829,0.2184,0.1568,0.0,0.0,0.0,0.0
AVWC+AVSG+EMIM+GLIN,0.0789,0.088,0.1346,211,0.1092,True,1,0.3644,0.3069,0.2196,0.0,0.0,0.0,0.0,0.1092
AVWC+AVSG+IWQU+SGLN,0.0786,0.085,0.1129,157,0.1033,True,1,0.3905,0.3395,0.0,0.0,0.1668,0.0,0.1033,0.0
AVWC+AVSG+IWQU+JMFP,0.0785,0.0856,0.1194,89,0.073,True,1,0.3899,0.3243,0.0,0.0,0.2129,0.073,0.0,0.0
AVWC+AVSG+JMFP+GLIN,0.0782,0.0851,0.1169,119,0.09,True,2,0.3966,0.3909,0.0,0.0,0.0,0.09,0.0,0.1225
AVWC+AVSG+XDEW+JMFP,0.0781,0.0855,0.1216,119,0.0794,True,1,0.3692,0.3375,0.0,0.2139,0.0,0.0794,0.0,0.0
AVWC+AVSG+EMIM+SGLN,0.0778,0.0859,0.1269,211,0.1017,True,1,0.3574,0.2928,0.2481,0.0,0.0,0.0,0.1017,0.0
AVWC+AVSG+XDEW+GLIN,0.0769,0.0861,0.1361,211,0.1096,True,1,0.3631,0.3211,0.0,0.2062,0.0,0.0,0.0,0.1096
AVWC+AVSG+JMFP+SGLN,0.0768,0.0827,0.1083,119,0.0973,True,2,0.3973,0.3904,0.0,0.0,0.0,0.0973,0.1149,0.0
AVWC+EMIM+XDEW+IWQU,0.0768,0.0832,0.1136,157,0.1738,True,0,0.3922,0.0,0.2409,0.1738,0.1931,0.0,0.0,0.0
AVWC+EMIM+IWQU+GLIN,0.0759,0.0821,0.1112,157,0.1117,True,1,0.3989,0.0,0.2861,0.0,0.2033,0.0,0.0,0.1117
AVWC+AVSG+XDEW+SGLN,0.0759,0.0841,0.1283,211,0.1056,True,1,0.352,0.3303,0.0,0.2121,0.0,0.0,0.1056,0.0
AVSG+EMIM+XDEW+IWQU,0.0754,0.0831,0.1239,157,0.2028,True,0,0.0,0.3164,0.27,0.2107,0.2028,0.0,0.0,0.0
AVSG+EMIM+IWQU+GLIN,0.075,0.0822,0.1199,157,0.1128,True,1,0.0,0.3372,0.3095,0.0,0.2405,0.0,0.0,0.1128
AVWC+EMIM+IWQU+JMFP,0.075,0.0809,0.1084,89,0.0788,True,1,0.3928,0.0,0.2819,0.0,0.2464,0.0788,0.0,0.0
AVWC+EMIM+IWQU+SGLN,0.0747,0.0803,0.1056,157,0.1008,True,1,0.3951,0.0,0.2966,0.0,0.2075,0.0,0.1008,0.0
AVWC+EMIM+XDEW+JMFP,0.0743,0.0806,0.113,119,0.0849,True,1,0.3736,0.0,0.2919,0.2495,0.0,0.0849,0.0,0.0
AVSG+EMIM+IWQU+SGLN,0.0741,0.0805,0.1129,157,0.1032,True,1,0.0,0.3466,0.3049,0.0,0.2453,0.0,0.1032,0.0
AVSG+EMIM+IWQU+JMFP,0.0739,0.0811,0.1197,89,0.0836,True,1,0.0,0.3472,0.293,0.0,0.2762,0.0836,0.0,0.0
AVWC+EMIM+XDEW+GLIN,0.0738,0.0819,0.1274,211,0.1143,True,1,0.3784,0.0,0.2925,0.2148,0.0,0.0,0.0,0.1143
AVWC+EMIM+JMFP+GLIN,0.0737,0.0799,0.1117,119,0.0915,True,2,0.3979,0.0,0.3857,0.0,0.0,0.0915,0.0,0.1249
AVSG+EMIM+JMFP+GLIN,0.0736,0.0809,0.1205,119,0.0985,True,2,0.0,0.3912,0.3868,0.0,0.0,0.0985,0.0,0.1234
AVSG+EMIM+XDEW+JMFP,0.0734,0.0811,0.1245,119,0.0889,True,1,0.0,0.3438,0.2976,0.2697,0.0,0.0889,0.0,0.0
AVWC+XDEW+IWQU+GLIN,0.0731,0.0792,0.1108,157,0.1144,True,1,0.3978,0.0,0.0,0.2507,0.2371,0.0,0.0,0.1144
AVSG+EMIM+XDEW+GLIN,0.0729,0.0827,0.1396,211,0.1156,True,1,0.0,0.3526,0.3023,0.2294,0.0,0.0,0.0,0.1156
AVWC+EMIM+XDEW+SGLN,0.0727,0.08,0.1209,211,0.1067,True,1,0.3818,0.0,0.2933,0.2182,0.0,0.0,0.1067,0.0
AVSG+XDEW+IWQU+GLIN,0.0721,0.0798,0.1241,157,0.1138,True,1,0.0,0.3669,0.0,0.2394,0.28,0.0,0.0,0.1138
AVSG+EMIM+JMFP+SGLN,0.072,0.0785,0.1138,119,0.1044,True,2,0.0,0.3916,0.3874,0.0,0.0,0.1044,0.1166,0.0
AVWC+XDEW+IWQU+JMFP,0.0719,0.0779,0.1093,89,0.0851,True,1,0.393,0.0,0.0,0.2535,0.2684,0.0851,0.0,0.0
AVWC+EMIM+JMFP+SGLN,0.0719,0.0775,0.1056,119,0.1018,True,2,0.3979,0.0,0.3854,0.0,0.0,0.1018,0.1148,0.0
AVWC+XDEW+IWQU+SGLN,0.0718,0.0772,0.1043,157,0.1054,True,1,0.3949,0.0,0.0,0.2527,0.2471,0.0,0.1054,0.0
AVSG+EMIM+XDEW+SGLN,0.0715,0.0803,0.1325,211,0.1085,True,1,0.0,0.352,0.27,0.2695,0.0,0.0,0.1085,0.0
AVSG+XDEW+IWQU+SGLN,0.0707,0.0775,0.1168,157,0.1058,True,1,0.0,0.3518,0.0,0.2759,0.2665,0.0,0.1058,0.0
AVSG+XDEW+IWQU+JMFP,0.0707,0.0784,0.1241,89,0.0871,True,1,0.0,0.361,0.0,0.2515,0.3004,0.0871,0.0,0.0
AVWC+IWQU+JMFP+GLIN,0.0706,0.076,0.1033,89,0.0863,True,2,0.3984,0.0,0.0,0.0,0.3898,0.0863,0.0,0.1255
AVWC+XDEW+JMFP+GLIN,0.0704,0.076,0.1058,119,0.0954,True,2,0.3993,0.0,0.0,0.3788,0.0,0.0954,0.0,0.1266
AVSG+IWQU+JMFP+GLIN,0.0702,0.0771,0.1177,89,0.089,True,2,0.0,0.3936,0.0,0.0,0.3919,0.089,0.0,0.1255
AVSG+XDEW+JMFP+GLIN,0.07,0.0772,0.1201,119,0.0965,True,2,0.0,0.394,0.0,0.3831,0.0,0.0965,0.0,0.1263
AVWC+IWQU+JMFP+SGLN,0.0691,0.0734,0.0924,89,0.1001,True,2,0.399,0.0,0.0,0.0,0.3851,0.1001,0.1158,0.0
AVSG+IWQU+JMFP+SGLN,0.0688,0.0744,0.1058,89,0.1009,True,2,0.0,0.3908,0.0,0.0,0.3907,0.1009,0.1176,0.0
AVWC+XDEW+JMFP+SGLN,0.0684,0.0735,0.1007,119,0.1059,True,2,0.3978,0.0,0.0,0.3793,0.0,0.1059,0.117,0.0
EMIM+XDEW+IWQU+GLIN,0.0681,0.0742,0.11,157,0.12,True,1,0.0,0.0,0.2863,0.2855,0.3082,0.0,0.0,0.12
AVSG+XDEW+JMFP+SGLN,0.068,0.0746,0.1146,119,0.1085,True,2,0.0,0.3927,0.0,0.3805,0.0,0.1085,0.1183,0.0
EMIM+XDEW+IWQU+JMFP,0.0673,0.0733,0.1096,89,0.0887,True,1,0.0,0.0,0.3236,0.2599,0.3277,0.0887,0.0,0.0
EMIM+XDEW+IWQU+SGLN,0.0669,0.0724,0.105,157,0.1085,True,1,0.0,0.0,0.306,0.2854,0.3001,0.0,0.1085,0.0
EMIM+IWQU+JMFP+GLIN,0.0661,0.0718,0.1065,89,0.0926,True,2,0.0,0.0,0.3883,0.0,0.3929,0.0926,0.0,0.1263
EMIM+XDEW+JMFP+GLIN,0.0659,0.0718,0.1082,119,0.1038,True,2,0.0,0.0,0.3857,0.3835,0.0,0.1038,0.0,0.1269
EMIM+IWQU+JMFP+SGLN,0.0646,0.0693,0.097,89,0.1018,True,2,0.0,0.0,0.3907,0.0,0.39,0.1018,0.1175,0.0
EMIM+XDEW+JMFP+SGLN,0.0637,0.0694,0.106,119,0.109,True,2,0.0,0.0,0.3863,0.3848,0.0,0.109,0.1199,0.0
XDEW+IWQU+JMFP+GLIN,0.0622,0.0677,0.1053,89,0.1011,True,2,0.0,0.0,0.0,0.3774,0.3931,0.1011,0.0,0.1283
XDEW+IWQU+JMFP+SGLN,0.0604,0.0654,0.0998,89,0.106,True,2,0.0,0.0,0.0,0.3807,0.3944,0.106,0.1189,0.0
