symbol,signal_date,entry_price,target_price,stop_price,rsi,pullback_pct,distance_to_ma20,ma20,ma50,ma200,in_uptrend,trend_quality,confidence,outcome,exit_price,exit_date,days_to_exit,pnl_pct,hit_target,hit_stop,is_loss,loss_streak,tier
AAPL,2025-11-17,267.46,272.81,259.44,6.7,3.3,0.34,268.39,256.3,225.06,True,100,95,WIN,272.81,2025-11-20,4,1.9,True,False,False,1,Tier 1 (TQ 100 - Strong Uptrend)
AAPL,2025-11-18,267.44,272.79,259.42,6.7,3.3,0.44,268.63,256.97,225.26,True,100,95,WIN,272.79,2025-11-20,3,1.9,True,False,False,1,Tier 1 (TQ 100 - Strong Uptrend)
AAPL,2025-11-20,266.25,271.58,258.26,16.8,3.8,1.2,269.5,258.54,225.62,True,100,85,WIN,271.58,2025-11-20,1,1.9,True,False,False,1,Tier 1 (TQ 100 - Strong Uptrend)
AAPL,2025-12-05,278.78,284.36,270.42,15.1,3.4,1.46,274.76,265.44,227.74,True,100,80,LOSS,270.42,2025-12-18,10,-3.1,False,True,True,2,Tier 1 (TQ 100 - Strong Uptrend)
AAPL,2025-12-08,277.89,283.45,269.55,11.1,3.7,0.96,275.24,265.89,227.9,True,100,95,LOSS,269.55,2025-12-18,9,-3.1,False,True,True,2,Tier 1 (TQ 100 - Strong Uptrend)
AAPL,2025-12-09,277.18,282.72,268.86,7.8,4.0,0.56,275.63,266.35,228.06,True,100,95,LOSS,268.86,2025-12-18,8,-3.1,False,True,True,2,Tier 1 (TQ 100 - Strong Uptrend)
AAPL,2025-12-15,274.11,279.59,265.89,7.0,5.0,0.82,276.38,268.05,228.79,True,20,60,WIN,279.59,2025-12-15,1,1.9,True,False,False,3,Tier 4 (TQ 20 - Downtrend)
AAPL,2025-12-16,274.61,280.1,266.37,22.9,4.9,0.77,276.74,268.41,228.98,True,20,55,EXPIRE,273.08,2025-12-30,10,-0.66,False,False,True,4,Tier 4 (TQ 20 - Downtrend)
AAPL,2025-12-17,271.84,277.28,263.68,7.9,4.5,1.85,276.96,268.73,229.16,True,30,55,EXPIRE,271.86,2025-12-31,10,-0.09,False,False,True,4,Tier 4 (TQ 30 - Downtrend)
AAPL,2025-12-18,272.19,277.63,264.02,21.0,3.2,1.79,277.14,269.01,229.35,True,30,45,WIN,277.63,2026-01-02,10,1.9,True,False,False,5,Tier 4 (TQ 30 - Downtrend)
AAPL,2025-12-22,270.97,276.39,262.84,21.4,3.3,2.35,277.49,269.93,229.7,True,30,40,WIN,276.39,2026-01-02,8,1.9,True,False,False,5,Tier 4 (TQ 30 - Downtrend)
AMZN,2025-12-04,229.11,233.69,222.24,11.9,4.1,1.79,233.27,228.16,214.77,True,40,60,LOSS,222.24,2025-12-15,8,-3.1,False,True,True,6,Tier 4 (TQ 40 - Downtrend)
AMZN,2025-12-05,229.53,234.12,222.64,24.8,4.0,1.32,232.6,228.39,214.8,True,40,55,LOSS,222.64,2025-12-15,7,-3.1,False,True,True,6,Tier 4 (TQ 40 - Downtrend)
AMZN,2026-01-14,236.65,241.38,229.55,7.2,4.9,1.13,234.01,233.89,218.75,True,40,60,LOSS,229.55,2026-01-20,4,-3.1,False,True,True,6,Tier 4 (TQ 40 - Downtrend)
GOOGL,2025-12-01,314.68,320.98,305.24,27.1,4.2,7.1,293.83,268.97,202.36,True,100,65,WIN,320.98,2025-12-03,3,1.9,True,False,False,7,Tier 1 (TQ 100 - Strong Uptrend)
GOOGL,2025-12-08,313.72,319.99,304.31,23.2,4.5,3.61,302.78,275.86,205.72,True,100,65,WIN,319.99,2025-12-08,1,1.9,True,False,False,7,Tier 1 (TQ 100 - Strong Uptrend)
GOOGL,2025-12-11,312.43,318.68,303.06,23.6,4.3,1.8,306.89,280.22,207.84,True,100,75,WIN,318.68,2025-12-11,1,1.9,True,False,False,7,Tier 1 (TQ 100 - Strong Uptrend)
GOOGL,2025-12-12,309.29,315.48,300.01,15.2,4.2,0.28,308.44,281.49,208.55,True,100,95,LOSS,300.01,2025-12-17,4,-3.1,False,True,True,8,Tier 1 (TQ 100 - Strong Uptrend)
GOOGL,2025-12-15,308.22,314.38,298.97,12.3,4.6,0.59,310.04,282.76,209.24,True,100,90,LOSS,298.97,2025-12-17,3,-3.1,False,True,True,8,Tier 1 (TQ 100 - Strong Uptrend)
GOOGL,2025-12-16,306.57,312.7,297.37,7.7,5.1,1.46,311.12,283.88,209.94,True,100,80,LOSS,297.37,2025-12-17,2,-3.1,False,True,True,8,Tier 1 (TQ 100 - Strong Uptrend)
GOOGL,2026-01-16,330.0,336.6,320.1,17.7,3.1,3.28,319.51,309.27,226.11,True,100,70,LOSS,320.1,2026-01-21,3,-3.1,False,True,True,8,Tier 1 (TQ 100 - Strong Uptrend)
GOOGL,2026-01-20,322.0,328.44,312.34,4.4,5.4,0.47,320.49,310.03,226.94,True,100,90,WIN,328.44,2026-01-21,2,1.9,True,False,False,9,Tier 1 (TQ 100 - Strong Uptrend)
TSLA,2025-12-08,439.58,448.37,426.39,22.7,4.2,3.78,423.57,435.2,343.1,True,60,55,WIN,448.37,2025-12-08,1,1.9,True,False,False,9,Tier 3 (TQ 60 - Weak Uptrend)
TSLA,2025-12-26,475.19,484.69,460.93,12.5,4.7,3.08,460.99,444.14,355.96,True,80,70,WIN,484.69,2025-12-26,1,1.9,True,False,False,9,Tier 2 (TQ 80 - Moderate Uptrend)
NVDA,2025-12-31,186.5,190.23,180.9,20.6,3.2,2.19,182.5,186.35,160.11,True,60,50,WIN,190.23,2025-12-31,1,1.9,True,False,False,9,Tier 3 (TQ 60 - Weak Uptrend)
JPM,2025-12-18,311.59,317.83,302.25,15.5,3.1,0.91,308.78,306.08,279.07,True,40,60,WIN,317.83,2025-12-22,3,1.9,True,False,False,9,Tier 4 (TQ 40 - Downtrend)
JPM,2026-01-12,324.49,330.98,314.76,16.1,3.4,0.5,322.88,313.7,285.97,True,40,65,LOSS,314.76,2026-01-13,2,-3.1,False,True,True,10,Tier 4 (TQ 40 - Downtrend)
BAC,2025-12-18,54.26,55.35,52.63,13.2,3.2,1.45,53.48,52.49,46.62,True,80,80,WIN,55.35,2025-12-22,3,1.9,True,False,False,11,Tier 2 (TQ 80 - Moderate Uptrend)
BAC,2026-01-07,55.64,56.75,53.97,24.6,3.3,0.51,55.36,53.77,47.55,True,80,75,WIN,56.75,2026-01-07,1,1.9,True,False,False,11,Tier 2 (TQ 80 - Moderate Uptrend)
BAC,2026-01-12,55.19,56.29,53.53,16.4,4.1,0.76,55.61,53.96,47.75,True,40,65,LOSS,53.53,2026-01-14,3,-3.1,False,True,True,12,Tier 4 (TQ 40 - Downtrend)
BAC,2026-01-13,54.54,55.63,52.9,8.0,5.2,1.87,55.58,54.0,47.82,True,40,50,LOSS,52.9,2026-01-14,2,-3.1,False,True,True,12,Tier 4 (TQ 40 - Downtrend)
WMT,2025-12-22,112.6,114.85,109.22,3.2,4.1,0.34,112.98,107.48,98.91,True,100,100,EXPIRE,114.34,2026-01-06,10,1.45,False,False,False,13,Tier 1 (TQ 100 - Strong Uptrend)
WMT,2025-12-23,110.9,113.12,107.57,1.3,5.6,2.15,113.34,107.66,99.03,True,30,40,WIN,113.12,2026-01-05,8,1.9,True,False,False,13,Tier 4 (TQ 30 - Downtrend)
WMT,2025-12-31,111.41,113.64,108.07,22.3,4.4,2.12,113.83,108.12,99.7,True,40,45,WIN,113.64,2026-01-05,3,1.9,True,False,False,13,Tier 4 (TQ 40 - Downtrend)
WMT,2026-01-22,117.83,120.19,114.3,20.0,3.1,2.31,115.17,111.85,101.87,True,80,65,WIN,120.19,2026-02-02,8,1.9,True,False,False,13,Tier 2 (TQ 80 - Moderate Uptrend)
WMT,2026-01-23,117.73,120.08,114.2,18.4,3.2,1.92,115.51,112.16,102.04,True,80,70,WIN,120.08,2026-02-02,7,1.9,True,False,False,13,Tier 2 (TQ 80 - Moderate Uptrend)
WMT,2026-01-26,117.64,119.99,114.11,16.0,3.3,1.58,115.81,112.45,102.22,True,80,70,WIN,119.99,2026-02-02,6,1.9,True,False,False,13,Tier 2 (TQ 80 - Moderate Uptrend)
CSCO,2025-11-20,75.04,76.54,72.79,18.4,5.8,2.29,73.36,70.15,64.75,True,100,60,WIN,76.54,2025-11-20,1,1.9,True,False,False,13,Tier 1 (TQ 100 - Strong Uptrend)
CSCO,2025-12-12,77.39,78.93,75.06,14.8,3.7,0.34,77.12,73.21,65.88,True,100,100,WIN,78.93,2025-12-12,1,1.9,True,False,False,13,Tier 1 (TQ 100 - Strong Uptrend)
CSCO,2025-12-16,77.14,78.68,74.82,20.7,4.0,0.02,77.12,73.59,66.04,True,100,90,WIN,78.68,2025-12-19,4,1.9,True,False,False,13,Tier 1 (TQ 100 - Strong Uptrend)
CSCO,2025-12-17,75.6,77.11,73.33,6.7,6.0,1.9,77.06,73.73,66.1,True,100,70,WIN,77.11,2025-12-17,1,1.9,True,False,False,13,Tier 1 (TQ 100 - Strong Uptrend)
CSCO,2026-01-02,76.04,77.56,73.76,1.8,3.4,1.96,77.56,75.36,66.96,True,30,55,LOSS,73.76,2026-01-08,5,-3.1,False,True,True,14,Tier 4 (TQ 30 - Downtrend)
CSCO,2026-01-05,75.58,77.09,73.31,0.9,4.0,2.45,77.48,75.46,67.04,True,40,55,LOSS,73.31,2026-01-12,6,-3.1,False,True,True,14,Tier 4 (TQ 40 - Downtrend)
PFE,2025-11-17,24.67,25.16,23.93,26.3,5.3,2.26,24.12,24.03,23.39,True,80,50,LOSS,23.93,2025-11-20,4,-3.1,False,True,True,14,Tier 2 (TQ 80 - Moderate Uptrend)
PFE,2025-12-02,24.74,25.23,23.99,13.2,3.2,0.36,24.65,24.32,23.43,True,70,85,WIN,25.23,2025-12-03,2,1.9,True,False,False,15,Tier 3 (TQ 70 - Weak Uptrend)
PFE,2025-12-09,24.91,25.41,24.17,17.9,3.3,0.33,25.0,24.54,23.45,True,80,85,WIN,25.41,2025-12-09,1,1.9,True,False,False,15,Tier 2 (TQ 80 - Moderate Uptrend)
PFE,2025-12-16,25.11,25.61,24.36,26.9,4.2,0.05,25.1,24.5,23.47,True,70,75,WIN,25.61,2025-12-16,1,1.9,True,False,False,15,Tier 3 (TQ 70 - Weak Uptrend)
QCOM,2025-12-16,176.12,179.64,170.84,18.7,4.0,3.06,170.89,170.45,156.6,True,80,70,EXPIRE,173.65,2025-12-30,10,-1.5,False,False,True,16,Tier 2 (TQ 80 - Moderate Uptrend)
QCOM,2025-12-29,173.43,176.9,168.23,9.5,3.8,0.97,175.13,172.4,157.47,True,70,85,WIN,176.9,2026-01-05,5,1.9,True,False,False,17,Tier 3 (TQ 70 - Weak Uptrend)
QCOM,2025-12-30,173.65,177.12,168.44,28.6,3.1,1.03,175.45,172.62,157.57,True,70,60,WIN,177.12,2026-01-05,4,1.9,True,False,False,17,Tier 3 (TQ 70 - Weak Uptrend)
QCOM,2026-01-09,177.78,181.34,172.45,28.5,3.6,0.87,176.25,173.34,158.33,True,70,70,LOSS,172.45,2026-01-12,2,-3.1,False,True,True,18,Tier 3 (TQ 70 - Weak Uptrend)
AVGO,2025-12-02,380.84,388.46,369.42,25.9,5.3,5.7,360.3,352.11,271.79,True,70,45,WIN,388.46,2025-12-02,1,1.9,True,False,False,19,Tier 3 (TQ 70 - Weak Uptrend)
AVGO,2025-12-03,379.88,387.48,368.49,23.4,5.6,5.02,361.73,352.94,272.55,True,70,45,WIN,387.48,2025-12-05,3,1.9,True,False,False,19,Tier 3 (TQ 70 - Weak Uptrend)
AVGO,2025-12-04,380.3,387.91,368.89,29.4,5.5,4.82,362.83,353.78,273.32,True,70,45,WIN,387.91,2025-12-05,2,1.9,True,False,False,19,Tier 3 (TQ 70 - Weak Uptrend)
PLTR,2025-12-12,183.57,187.24,178.06,29.8,3.6,6.57,172.25,179.46,144.41,True,70,55,LOSS,178.06,2025-12-12,1,-3.1,False,True,True,20,Tier 3 (TQ 70 - Weak Uptrend)
PLTR,2025-12-15,183.25,186.92,177.75,26.9,3.8,6.1,172.71,179.66,144.9,True,60,50,WIN,186.92,2025-12-15,1,1.9,True,False,False,21,Tier 3 (TQ 60 - Weak Uptrend)
PLTR,2025-12-26,188.71,192.48,183.05,14.0,5.1,3.03,183.15,181.11,149.17,True,60,55,WIN,192.48,2025-12-26,1,1.9,True,False,False,21,Tier 3 (TQ 60 - Weak Uptrend)
SHOP,2025-12-15,159.85,163.05,155.05,17.6,5.6,2.65,155.72,159.61,127.11,True,60,45,WIN,163.05,2025-12-15,1,1.9,True,False,False,21,Tier 3 (TQ 60 - Weak Uptrend)
SHOP,2025-12-30,163.74,167.01,158.83,7.2,5.3,0.4,164.4,161.37,130.54,True,70,80,WIN,167.01,2025-12-30,1,1.9,True,False,False,21,Tier 3 (TQ 70 - Weak Uptrend)
SHOP,2026-01-09,164.48,167.77,159.55,26.7,3.9,0.72,165.67,160.75,132.72,True,40,55,WIN,167.77,2026-01-09,1,1.9,True,False,False,21,Tier 4 (TQ 40 - Downtrend)
MU,2025-12-03,234.07,238.75,227.04,29.3,4.2,0.26,233.47,211.06,132.28,True,70,75,LOSS,227.04,2025-12-04,2,-3.1,False,True,True,22,Tier 3 (TQ 70 - Weak Uptrend)
MU,2025-12-31,285.41,291.12,276.85,29.3,4.5,10.5,258.28,239.91,147.94,True,80,60,WIN,291.12,2025-12-31,1,1.9,True,False,False,23,Tier 2 (TQ 80 - Moderate Uptrend)
MU,2026-01-14,333.35,340.02,323.35,24.2,5.1,11.7,298.42,261.07,158.63,True,100,60,WIN,340.02,2026-01-15,2,1.9,True,False,False,23,Tier 1 (TQ 100 - Strong Uptrend)
KLAC,2025-12-12,1193.92,1217.8,1158.1,13.6,4.8,1.68,1174.2,1156.79,906.88,True,60,65,WIN,1217.8,2025-12-12,1,1.9,True,False,False,23,Tier 3 (TQ 60 - Weak Uptrend)
KLAC,2025-12-30,1243.65,1268.52,1206.34,11.0,3.4,0.96,1231.85,1195.49,937.35,True,40,65,WIN,1268.52,2026-01-02,3,1.9,True,False,False,23,Tier 4 (TQ 40 - Downtrend)
KLAC,2025-12-31,1215.08,1239.38,1178.63,3.8,5.6,1.46,1233.11,1196.78,939.86,True,40,50,WIN,1239.38,2025-12-31,1,1.9,True,False,False,23,Tier 4 (TQ 40 - Downtrend)
AMAT,2025-12-31,256.99,262.13,249.28,11.4,3.0,2.03,262.3,244.91,190.8,True,40,50,WIN,262.13,2026-01-02,2,1.9,True,False,False,23,Tier 4 (TQ 40 - Downtrend)
LRCX,2025-12-12,160.52,163.73,155.7,15.9,5.4,3.73,154.75,152.15,106.05,True,60,50,WIN,163.73,2025-12-12,1,1.9,True,False,False,23,Tier 3 (TQ 60 - Weak Uptrend)
LRCX,2025-12-30,173.78,177.26,168.57,18.8,3.3,4.23,166.72,158.61,111.24,True,60,55,WIN,177.26,2025-12-30,1,1.9,True,False,False,23,Tier 3 (TQ 60 - Weak Uptrend)
LRCX,2025-12-31,171.18,174.6,166.04,8.1,4.8,2.27,167.39,159.15,111.71,True,60,60,WIN,174.6,2025-12-31,1,1.9,True,False,False,23,Tier 3 (TQ 60 - Weak Uptrend)
XOM,2025-11-24,115.97,118.29,112.49,9.3,3.2,0.01,115.95,113.91,108.76,True,80,90,WIN,118.29,2025-11-28,4,1.9,True,False,False,23,Tier 2 (TQ 80 - Moderate Uptrend)
XOM,2025-11-25,114.51,116.8,111.07,3.3,4.2,1.27,115.98,113.93,108.8,True,80,85,WIN,116.8,2025-11-28,3,1.9,True,False,False,23,Tier 2 (TQ 80 - Moderate Uptrend)
XOM,2025-11-26,114.77,117.07,111.33,21.4,4.0,1.01,115.94,113.94,108.84,True,70,70,WIN,117.07,2025-11-28,2,1.9,True,False,False,23,Tier 3 (TQ 70 - Weak Uptrend)
XOM,2026-01-07,118.49,120.86,114.94,17.5,5.9,0.62,119.23,117.26,110.33,True,80,70,WIN,120.86,2026-01-08,2,1.9,True,False,False,23,Tier 2 (TQ 80 - Moderate Uptrend)
SLB,2025-12-15,38.9,39.68,37.73,24.6,4.8,4.89,37.09,35.71,35.15,True,100,65,LOSS,37.73,2025-12-16,2,-3.1,False,True,True,24,Tier 1 (TQ 100 - Strong Uptrend)
